[日志已截断，仅保留最近 800 行]
[23:55:51.672] INF [photo] Live Photo 采集 已开启
[23:55:51.739] DBG [ui] toast: Log 实况：当前录制 Log 视频，套用 LUT 导出实况照片在 P5 交付
[23:55:51.739] INF [session] 切换模式 实况 → Log 实况
[23:55:52.028] INF [session] 切模式 commit 后瞬间档位：曝光=手动 / 白平衡=手动 / 快照=曝光手动·白平衡手动
[23:55:52.028] INF [photo] 照片编码格式：hvc1
[23:55:52.028] INF [device] 手动曝光档：ISO 326 快门 1/52s
[23:55:52.028] INF [session] 切模式：手动曝光已按快照重放（ISO 326）
[23:55:52.028] INF [device] 手动白平衡档：5530K（色调跟随当前值 1）
[23:55:52.028] INF [session] 切模式：手动白平衡已按快照重放（5530K）
[23:55:52.029] INF [session] 切模式后档位复查（实况）：曝光=手动 / 白平衡=手动 / 对焦意图=手动 / EV=+0.0
[23:55:52.029] INF [session] 切模式耗时 0.36s（实况；含 outputs 重配与参数重放）
[23:55:52.029] INF [resource] 模式 实况 · input 活 2（累计增/删 18/16） · output 活 1（累计增/删 174/173） · 内存 32.7MB
[23:55:52.030] INF [photo] Live Photo 采集 已开启
[23:55:52.328] INF [session] 切模式 commit 后瞬间档位：曝光=手动 / 白平衡=手动 / 快照=曝光手动·白平衡手动
[23:55:52.328] INF [photo] 照片编码格式：hvc1
[23:55:52.328] INF [device] 手动曝光档：ISO 884 快门 1/41s
[23:55:52.328] INF [session] 切模式：手动曝光已按快照重放（ISO 884）
[23:55:52.328] INF [device] 手动白平衡档：5250K（色调跟随当前值 4）
[23:55:52.328] INF [session] 切模式：手动白平衡已按快照重放（5250K）
[23:55:52.329] INF [session] 切模式后档位复查（实况）：曝光=手动 / 白平衡=手动 / 对焦意图=手动 / EV=+0.0
[23:55:52.329] INF [session] 切模式耗时 0.30s（实况；含 outputs 重配与参数重放）
[23:55:52.658] INF [session] 切模式 commit 后瞬间档位：曝光=手动 / 白平衡=手动 / 快照=曝光手动·白平衡手动
[23:55:52.658] DBG [photo] Log 实况：录制链路不挂照片输出，跳过照片模板准备
[23:55:52.658] INF [device] 手动曝光档：ISO 906 快门 1/41s
[23:55:52.658] INF [session] 切模式：手动曝光已按快照重放（ISO 906）
[23:55:52.658] INF [device] 手动白平衡档：5062K（色调跟随当前值 5）
[23:55:52.658] INF [session] 切模式：手动白平衡已按快照重放（5062K）
[23:55:52.659] INF [session] 切模式后档位复查（Log 实况）：曝光=手动 / 白平衡=手动 / 对焦意图=手动 / EV=+0.0
[23:55:52.659] INF [session] 切模式耗时 0.33s（Log 实况；含 outputs 重配与参数重放）
[23:55:52.713] INF [session] 切换模式 Log 实况 → 照片
[23:55:52.872] INF [session] 切换模式 Log 实况 → 照片
[23:55:53.017] INF [session] 切模式 commit 后瞬间档位：曝光=手动 / 白平衡=手动 / 快照=曝光手动·白平衡手动
[23:55:53.017] DBG [photo] Log 实况：录制链路不挂照片输出，跳过照片模板准备
[23:55:53.017] INF [device] 手动曝光档：ISO 271 快门 1/41s
[23:55:53.017] INF [session] 切模式：手动曝光已按快照重放（ISO 271）
[23:55:53.017] INF [device] 手动白平衡档：5001K（色调跟随当前值 5）
[23:55:53.017] INF [session] 切模式：手动白平衡已按快照重放（5001K）
[23:55:53.018] INF [session] 切模式后档位复查（Log 实况）：曝光=手动 / 白平衡=手动 / 对焦意图=手动 / EV=+0.0
[23:55:53.018] INF [session] 切模式耗时 0.36s（Log 实况；含 outputs 重配与参数重放）
[23:55:53.074] INF [session] 切换模式 Log 实况 → 实况
[23:55:53.374] INF [session] 切模式 commit 后瞬间档位：曝光=手动 / 白平衡=手动 / 快照=曝光手动·白平衡手动
[23:55:53.374] DBG [photo] Log 实况：录制链路不挂照片输出，跳过照片模板准备
[23:55:53.374] INF [device] 手动曝光档：ISO 244 快门 1/41s
[23:55:53.374] INF [session] 切模式：手动曝光已按快照重放（ISO 244）
[23:55:53.374] INF [device] 手动白平衡档：5186K（色调跟随当前值 5）
[23:55:53.374] INF [session] 切模式：手动白平衡已按快照重放（5186K）
[23:55:53.375] INF [session] 切模式后档位复查（Log 实况）：曝光=手动 / 白平衡=手动 / 对焦意图=手动 / EV=+0.0
[23:55:53.375] INF [session] 切模式耗时 0.36s（Log 实况；含 outputs 重配与参数重放）
[23:55:53.732] INF [session] 切模式 commit 后瞬间档位：曝光=手动 / 白平衡=手动 / 快照=曝光手动·白平衡手动
[23:55:53.733] DBG [photo] 视频：录制链路不挂照片输出，跳过照片模板准备
[23:55:53.733] INF [device] 手动曝光档：ISO 245 快门 1/41s
[23:55:53.733] INF [session] 切模式：手动曝光已按快照重放（ISO 245）
[23:55:53.733] INF [device] 手动白平衡档：5458K（色调跟随当前值 2）
[23:55:53.733] INF [session] 切模式：手动白平衡已按快照重放（5458K）
[23:55:53.734] INF [session] 切模式后档位复查（视频）：曝光=手动 / 白平衡=手动 / 对焦意图=手动 / EV=+0.0
[23:55:53.734] INF [session] 切模式耗时 0.36s（视频；含 outputs 重配与参数重放）
[23:55:53.872] DBG [ui] toast: Log 实况：当前录制 Log 视频，套用 LUT 导出实况照片在 P5 交付
[23:55:53.872] INF [session] 切换模式 视频 → Log 实况
[23:55:54.132] INF [session] 切模式 commit 后瞬间档位：曝光=手动 / 白平衡=手动 / 快照=曝光手动·白平衡手动
[23:55:54.132] DBG [photo] 视频：录制链路不挂照片输出，跳过照片模板准备
[23:55:54.133] INF [device] 手动曝光档：ISO 247 快门 1/41s
[23:55:54.133] INF [session] 切模式：手动曝光已按快照重放（ISO 247）
[23:55:54.133] INF [device] 手动白平衡档：5609K（色调跟随当前值 0）
[23:55:54.133] INF [session] 切模式：手动白平衡已按快照重放（5609K）
[23:55:54.134] INF [session] 切模式后档位复查（视频）：曝光=手动 / 白平衡=手动 / 对焦意图=手动 / EV=+0.0
[23:55:54.134] INF [session] 切模式耗时 0.40s（视频；含 outputs 重配与参数重放）
[23:55:54.134] INF [resource] 模式 视频 · input 活 2（累计增/删 18/16） · output 活 1（累计增/删 180/179） · 内存 33.1MB
[23:55:54.476] INF [session] 切模式 commit 后瞬间档位：曝光=手动 / 白平衡=手动 / 快照=曝光手动·白平衡手动
[23:55:54.476] DBG [photo] 视频：录制链路不挂照片输出，跳过照片模板准备
[23:55:54.476] INF [device] 手动曝光档：ISO 213 快门 1/36s
[23:55:54.476] INF [session] 切模式：手动曝光已按快照重放（ISO 213）
[23:55:54.476] INF [device] 手动白平衡档：5609K（色调跟随当前值 0）
[23:55:54.476] INF [session] 切模式：手动白平衡已按快照重放（5609K）
[23:55:54.477] INF [session] 切模式后档位复查（视频）：曝光=手动 / 白平衡=手动 / 对焦意图=手动 / EV=+0.0
[23:55:54.477] INF [session] 切模式耗时 0.34s（视频；含 outputs 重配与参数重放）
[23:55:54.572] DBG [ui] toast: Log 实况：当前录制 Log 视频，套用 LUT 导出实况照片在 P5 交付
[23:55:54.573] INF [session] 切换模式 视频 → Log 实况
[23:55:54.722] DBG [ui] toast: Log 实况：当前录制 Log 视频，套用 LUT 导出实况照片在 P5 交付
[23:55:54.723] INF [session] 切换模式 视频 → Log 实况
[23:55:54.825] INF [session] 切模式 commit 后瞬间档位：曝光=手动 / 白平衡=手动 / 快照=曝光手动·白平衡手动
[23:55:54.825] DBG [photo] 视频：录制链路不挂照片输出，跳过照片模板准备
[23:55:54.825] INF [device] 手动曝光档：ISO 217 快门 1/36s
[23:55:54.825] INF [session] 切模式：手动曝光已按快照重放（ISO 217）
[23:55:54.825] INF [device] 手动白平衡档：5529K（色调跟随当前值 0）
[23:55:54.825] INF [session] 切模式：手动白平衡已按快照重放（5529K）
[23:55:54.826] INF [session] 切模式后档位复查（视频）：曝光=手动 / 白平衡=手动 / 对焦意图=手动 / EV=+0.0
[23:55:54.826] INF [session] 切模式耗时 0.35s（视频；含 outputs 重配与参数重放）
[23:55:54.873] DBG [ui] toast: Log 实况：当前录制 Log 视频，套用 LUT 导出实况照片在 P5 交付
[23:55:54.873] INF [session] 切换模式 视频 → Log 实况
[23:55:55.023] INF [session] 切换模式 视频 → 实况
[23:55:55.173] INF [session] 切换模式 视频 → 实况
[23:55:55.190] INF [session] 切模式 commit 后瞬间档位：曝光=手动 / 白平衡=手动 / 快照=曝光手动·白平衡手动
[23:55:55.190] DBG [photo] 视频：录制链路不挂照片输出，跳过照片模板准备
[23:55:55.190] INF [device] 手动曝光档：ISO 218 快门 1/36s
[23:55:55.190] INF [session] 切模式：手动曝光已按快照重放（ISO 218）
[23:55:55.190] INF [device] 手动白平衡档：5529K（色调跟随当前值 0）
[23:55:55.190] INF [session] 切模式：手动白平衡已按快照重放（5529K）
[23:55:55.191] INF [session] 切模式后档位复查（视频）：曝光=手动 / 白平衡=手动 / 对焦意图=手动 / EV=+0.0
[23:55:55.191] INF [session] 切模式耗时 0.37s（视频；含 outputs 重配与参数重放）
[23:55:55.192] INF [photo] Live Photo 采集 已开启
[23:55:55.339] INF [session] 切换模式 视频 → 实况
[23:55:55.489] INF [session] 切换模式 视频 → 实况
[23:55:55.656] INF [session] 切换模式 视频 → 实况
[23:55:55.708] INF [session] 切模式 commit 后瞬间档位：曝光=手动 / 白平衡=手动 / 快照=曝光手动·白平衡手动
[23:55:55.708] INF [photo] 照片编码格式：hvc1
[23:55:55.708] INF [device] 手动曝光档：ISO 224 快门 1/36s
[23:55:55.708] INF [session] 切模式：手动曝光已按快照重放（ISO 224）
[23:55:55.708] INF [device] 手动白平衡档：5609K（色调跟随当前值 0）
[23:55:55.708] INF [session] 切模式：手动白平衡已按快照重放（5609K）
[23:55:55.709] INF [session] 切模式后档位复查（实况）：曝光=手动 / 白平衡=手动 / 对焦意图=手动 / EV=+0.0
[23:55:55.709] INF [session] 切模式耗时 0.52s（实况；含 outputs 重配与参数重放）
[23:55:55.711] INF [photo] Live Photo 采集 已开启
[23:55:55.831] DBG [ui] toast: Log 实况：当前录制 Log 视频，套用 LUT 导出实况照片在 P5 交付
[23:55:55.831] INF [session] 切换模式 实况 → Log 实况
[23:55:56.018] DBG [ui] toast: Log 实况：当前录制 Log 视频，套用 LUT 导出实况照片在 P5 交付
[23:55:56.019] INF [session] 切换模式 实况 → Log 实况
[23:55:56.072] INF [session] 切模式 commit 后瞬间档位：曝光=手动 / 白平衡=手动 / 快照=曝光手动·白平衡手动
[23:55:56.072] INF [photo] 照片编码格式：hvc1
[23:55:56.072] INF [device] 手动曝光档：ISO 368 快门 1/60s
[23:55:56.073] INF [session] 切模式：手动曝光已按快照重放（ISO 368）
[23:55:56.073] INF [device] 手动白平衡档：5609K（色调跟随当前值 0）
[23:55:56.073] INF [session] 切模式：手动白平衡已按快照重放（5609K）
[23:55:56.073] INF [session] 切模式后档位复查（实况）：曝光=手动 / 白平衡=手动 / 对焦意图=手动 / EV=+0.0
[23:55:56.073] INF [session] 切模式耗时 0.36s（实况；含 outputs 重配与参数重放）
[23:55:56.074] INF [photo] Live Photo 采集 已开启
[23:55:56.202] INF [session] 切换模式 实况 → 视频
[23:55:56.368] INF [session] 切换模式 实况 → 视频
[23:55:56.372] INF [session] 切模式 commit 后瞬间档位：曝光=手动 / 白平衡=手动 / 快照=曝光手动·白平衡手动
[23:55:56.372] INF [photo] 照片编码格式：hvc1
[23:55:56.372] INF [device] 手动曝光档：ISO 889 快门 1/40s
[23:55:56.372] INF [session] 切模式：手动曝光已按快照重放（ISO 889）
[23:55:56.372] INF [device] 手动白平衡档：5186K（色调跟随当前值 5）
[23:55:56.372] INF [session] 切模式：手动白平衡已按快照重放（5186K）
[23:55:56.373] INF [session] 切模式后档位复查（实况）：曝光=手动 / 白平衡=手动 / 对焦意图=手动 / EV=+0.0
[23:55:56.373] INF [session] 切模式耗时 0.30s（实况；含 outputs 重配与参数重放）
[23:55:56.373] INF [session] 已移除麦克风输入
[23:55:56.491] INF [audio] 音频会话已释放
[23:55:56.535] INF [session] 切换模式 实况 → 视频
[23:55:56.719] DBG [ui] toast: Log 实况：当前录制 Log 视频，套用 LUT 导出实况照片在 P5 交付
[23:55:56.719] INF [session] 切换模式 实况 → Log 实况
[23:55:56.892] INF [session] 切模式 commit 后瞬间档位：曝光=手动 / 白平衡=手动 / 快照=曝光手动·白平衡手动
[23:55:56.893] INF [photo] 照片编码格式：hvc1
[23:55:56.893] INF [device] 手动曝光档：ISO 901 快门 1/40s
[23:55:56.893] INF [session] 切模式：手动曝光已按快照重放（ISO 901）
[23:55:56.893] INF [device] 手动白平衡档：4886K（色调跟随当前值 5）
[23:55:56.893] INF [session] 切模式：手动白平衡已按快照重放（4886K）
[23:55:56.894] INF [session] 切模式后档位复查（照片）：曝光=手动 / 白平衡=手动 / 对焦意图=手动 / EV=+0.0
[23:55:56.894] INF [session] 切模式耗时 0.52s（照片；含 outputs 重配与参数重放）
[23:55:56.894] INF [resource] 模式 照片 · input 活 1（累计增/删 18/17） · output 活 1（累计增/删 187/186） · 内存 32.8MB
[23:55:56.927] DBG [preview] 点按对焦 view=(193,0) device=(0.00,0.51)
[23:55:56.927] INF [ui] 手动对焦锁定中 → 点按取景器：解除手动档并重新对焦（方案 A）
[23:55:56.927] DBG [ui] toast: 已解除手动对焦 · 正在重新对焦
[23:55:57.106] INF [session] 切换模式 照片 → 实况
[23:55:57.224] INF [session] 切模式 commit 后瞬间档位：曝光=手动 / 白平衡=手动 / 快照=曝光手动·白平衡手动
[23:55:57.224] INF [photo] 照片编码格式：hvc1
[23:55:57.224] INF [device] 手动曝光档：ISO 543 快门 1/60s
[23:55:57.224] INF [session] 切模式：手动曝光已按快照重放（ISO 543）
[23:55:57.224] INF [device] 手动白平衡档：5185K（色调跟随当前值 4）
[23:55:57.224] INF [session] 切模式：手动白平衡已按快照重放（5185K）
[23:55:57.225] INF [session] 切模式后档位复查（照片）：曝光=手动 / 白平衡=手动 / 对焦意图=手动 / EV=+0.0
[23:55:57.225] INF [session] 切模式耗时 0.33s（照片；含 outputs 重配与参数重放）
[23:55:57.225] INF [session] 已加入麦克风输入
[23:55:57.244] INF [audio] 音频会话已激活（active=true category=AVAudioSessionCategoryPlayAndRecord mode=AVAudioSessionModeVideoRecording 48000Hz ch=1）
[23:55:57.259] INF [session] 切换模式 照片 → 实况
[23:55:57.620] INF [session] 切模式 commit 后瞬间档位：曝光=手动 / 白平衡=手动 / 快照=曝光手动·白平衡手动
[23:55:57.620] DBG [photo] Log 实况：录制链路不挂照片输出，跳过照片模板准备
[23:55:57.620] INF [device] 手动曝光档：ISO 870 快门 1/40s
[23:55:57.620] INF [session] 切模式：手动曝光已按快照重放（ISO 870）
[23:55:57.620] INF [device] 手动白平衡档：4886K（色调跟随当前值 5）
[23:55:57.620] INF [session] 切模式：手动白平衡已按快照重放（4886K）
[23:55:57.621] INF [session] 切模式后档位复查（Log 实况）：曝光=手动 / 白平衡=手动 / 对焦意图=手动 / EV=+0.0
[23:55:57.621] INF [session] 切模式耗时 0.40s（Log 实况；含 outputs 重配与参数重放）
[23:55:57.970] INF [session] 切模式 commit 后瞬间档位：曝光=手动 / 白平衡=手动 / 快照=曝光手动·白平衡手动
[23:55:57.970] DBG [photo] Log 实况：录制链路不挂照片输出，跳过照片模板准备
[23:55:57.971] INF [device] 手动曝光档：ISO 363 快门 1/36s
[23:55:57.971] INF [session] 切模式：手动曝光已按快照重放（ISO 363）
[23:55:57.971] INF [device] 手动白平衡档：4830K（色调跟随当前值 6）
[23:55:57.971] INF [session] 切模式：手动白平衡已按快照重放（4830K）
[23:55:57.972] INF [session] 切模式后档位复查（Log 实况）：曝光=手动 / 白平衡=手动 / 对焦意图=手动 / EV=+0.0
[23:55:57.972] INF [session] 切模式耗时 0.35s（Log 实况；含 outputs 重配与参数重放）
[23:55:58.161] INF [session] 切换模式 Log 实况 → 实况
[23:55:58.330] INF [session] 切模式 commit 后瞬间档位：曝光=手动 / 白平衡=手动 / 快照=曝光手动·白平衡手动
[23:55:58.330] DBG [photo] 视频：录制链路不挂照片输出，跳过照片模板准备
[23:55:58.330] INF [device] 手动曝光档：ISO 216 快门 1/36s
[23:55:58.331] INF [session] 切模式：手动曝光已按快照重放（ISO 216）
[23:55:58.331] INF [device] 手动白平衡档：4830K（色调跟随当前值 6）
[23:55:58.331] INF [session] 切模式：手动白平衡已按快照重放（4830K）
[23:55:58.331] INF [session] 切模式后档位复查（视频）：曝光=手动 / 白平衡=手动 / 对焦意图=手动 / EV=+0.0
[23:55:58.331] INF [session] 切模式耗时 0.36s（视频；含 outputs 重配与参数重放）
[23:55:58.684] INF [session] 切模式 commit 后瞬间档位：曝光=手动 / 白平衡=手动 / 快照=曝光手动·白平衡手动
[23:55:58.684] DBG [photo] 视频：录制链路不挂照片输出，跳过照片模板准备
[23:55:58.684] INF [device] 手动曝光档：ISO 218 快门 1/36s
[23:55:58.684] INF [session] 切模式：手动曝光已按快照重放（ISO 218）
[23:55:58.685] INF [device] 手动白平衡档：5059K（色调跟随当前值 4）
[23:55:58.685] INF [session] 切模式：手动白平衡已按快照重放（5059K）
[23:55:58.685] INF [session] 切模式后档位复查（视频）：曝光=手动 / 白平衡=手动 / 对焦意图=手动 / EV=+0.0
[23:55:58.685] INF [session] 切模式耗时 0.35s（视频；含 outputs 重配与参数重放）
[23:55:59.042] INF [session] 切模式 commit 后瞬间档位：曝光=手动 / 白平衡=手动 / 快照=曝光手动·白平衡手动
[23:55:59.042] DBG [photo] 视频：录制链路不挂照片输出，跳过照片模板准备
[23:55:59.043] INF [device] 手动曝光档：ISO 215 快门 1/36s
[23:55:59.043] INF [session] 切模式：手动曝光已按快照重放（ISO 215）
[23:55:59.043] INF [device] 手动白平衡档：5312K（色调跟随当前值 2）
[23:55:59.043] INF [session] 切模式：手动白平衡已按快照重放（5312K）
[23:55:59.044] INF [session] 切模式后档位复查（视频）：曝光=手动 / 白平衡=手动 / 对焦意图=手动 / EV=+0.0
[23:55:59.044] INF [session] 切模式耗时 0.36s（视频；含 outputs 重配与参数重放）
[23:55:59.044] INF [resource] 模式 视频 · input 活 2（累计增/删 19/17） · output 活 1（累计增/删 193/192） · 内存 33.0MB
[23:55:59.399] INF [session] 切模式 commit 后瞬间档位：曝光=手动 / 白平衡=手动 / 快照=曝光手动·白平衡手动
[23:55:59.399] DBG [photo] Log 实况：录制链路不挂照片输出，跳过照片模板准备
[23:55:59.399] INF [device] 手动曝光档：ISO 188 快门 1/36s
[23:55:59.399] INF [session] 切模式：手动曝光已按快照重放（ISO 188）
[23:55:59.399] INF [device] 手动白平衡档：5608K（色调跟随当前值 -0）
[23:55:59.399] INF [session] 切模式：手动白平衡已按快照重放（5608K）
[23:55:59.400] INF [session] 切模式后档位复查（Log 实况）：曝光=手动 / 白平衡=手动 / 对焦意图=手动 / EV=+0.0
[23:55:59.400] INF [session] 切模式耗时 0.36s（Log 实况；含 outputs 重配与参数重放）
[23:55:59.401] INF [photo] Live Photo 采集 已开启
[23:55:59.917] INF [session] 切模式 commit 后瞬间档位：曝光=手动 / 白平衡=手动 / 快照=曝光手动·白平衡手动
[23:55:59.918] INF [photo] 照片编码格式：hvc1
[23:55:59.918] INF [device] 手动曝光档：ISO 159 快门 1/36s
[23:55:59.918] INF [session] 切模式：手动曝光已按快照重放（ISO 159）
[23:55:59.918] INF [device] 手动白平衡档：5954K（色调跟随当前值 -2）
[23:55:59.918] INF [session] 切模式：手动白平衡已按快照重放（5954K）
[23:55:59.919] INF [session] 切模式后档位复查（实况）：曝光=手动 / 白平衡=手动 / 对焦意图=手动 / EV=+0.0
[23:55:59.919] INF [session] 切模式耗时 0.52s（实况；含 outputs 重配与参数重放）
[23:55:59.921] INF [photo] Live Photo 采集 已开启
[23:56:00.281] INF [session] 切模式 commit 后瞬间档位：曝光=手动 / 白平衡=手动 / 快照=曝光手动·白平衡手动
[23:56:00.281] INF [photo] 照片编码格式：hvc1
[23:56:00.281] INF [device] 手动曝光档：ISO 271 快门 1/60s
[23:56:00.281] INF [session] 切模式：手动曝光已按快照重放（ISO 271）
[23:56:00.281] INF [device] 手动白平衡档：6371K（色调跟随当前值 -4）
[23:56:00.281] INF [session] 切模式：手动白平衡已按快照重放（6371K）
[23:56:00.282] INF [session] 切模式后档位复查（实况）：曝光=手动 / 白平衡=手动 / 对焦意图=手动 / EV=+0.0
[23:56:00.282] INF [session] 切模式耗时 0.36s（实况；含 outputs 重配与参数重放）
[23:56:00.283] INF [photo] Live Photo 采集 已开启
[23:56:00.580] INF [session] 切模式 commit 后瞬间档位：曝光=手动 / 白平衡=手动 / 快照=曝光手动·白平衡手动
[23:56:00.580] INF [photo] 照片编码格式：hvc1
[23:56:00.581] INF [device] 手动曝光档：ISO 419 快门 1/52s
[23:56:00.581] INF [session] 切模式：手动曝光已按快照重放（ISO 419）
[23:56:00.581] INF [device] 手动白平衡档：6506K（色调跟随当前值 -10）
[23:56:00.581] INF [session] 切模式：手动白平衡已按快照重放（6506K）
[23:56:00.581] INF [session] 切模式后档位复查（实况）：曝光=手动 / 白平衡=手动 / 对焦意图=手动 / EV=+0.0
[23:56:00.581] INF [session] 切模式耗时 0.30s（实况；含 outputs 重配与参数重放）
[23:56:00.582] INF [session] 已移除麦克风输入
[23:56:00.653] INF [audio] 音频会话已释放
[23:56:01.093] INF [session] 切模式 commit 后瞬间档位：曝光=手动 / 白平衡=手动 / 快照=曝光手动·白平衡手动
[23:56:01.094] INF [photo] 照片编码格式：hvc1
[23:56:01.094] INF [device] 手动曝光档：ISO 421 快门 1/52s
[23:56:01.094] INF [session] 切模式：手动曝光已按快照重放（ISO 421）
[23:56:01.094] INF [device] 手动白平衡档：6389K（色调跟随当前值 -11）
[23:56:01.094] INF [session] 切模式：手动白平衡已按快照重放（6389K）
[23:56:01.096] INF [session] 切模式后档位复查（照片）：曝光=手动 / 白平衡=手动 / 对焦意图=手动 / EV=+0.0
[23:56:01.096] INF [session] 切模式耗时 0.51s（照片；含 outputs 重配与参数重放）
[23:56:01.096] INF [resource] 模式 照片 · input 活 1（累计增/删 19/18） · output 活 1（累计增/删 198/197） · 内存 33.0MB
[23:56:01.097] INF [session] 已加入麦克风输入
[23:56:01.134] INF [audio] 音频会话已激活（active=true category=AVAudioSessionCategoryPlayAndRecord mode=AVAudioSessionModeVideoRecording 48000Hz ch=1）
[23:56:01.454] INF [session] 切模式 commit 后瞬间档位：曝光=手动 / 白平衡=手动 / 快照=曝光手动·白平衡手动
[23:56:01.454] DBG [photo] Log 实况：录制链路不挂照片输出，跳过照片模板准备
[23:56:01.454] INF [device] 手动曝光档：ISO 281 快门 1/52s
[23:56:01.455] INF [session] 切模式：手动曝光已按快照重放（ISO 281）
[23:56:01.455] INF [device] 手动白平衡档：5956K（色调跟随当前值 -8）
[23:56:01.455] INF [session] 切模式：手动白平衡已按快照重放（5956K）
[23:56:01.455] INF [session] 切模式后档位复查（Log 实况）：曝光=手动 / 白平衡=手动 / 对焦意图=手动 / EV=+0.0
[23:56:01.455] INF [session] 切模式耗时 0.36s（Log 实况；含 outputs 重配与参数重放）
[23:56:01.809] INF [session] 切模式 commit 后瞬间档位：曝光=手动 / 白平衡=手动 / 快照=曝光手动·白平衡手动
[23:56:01.809] DBG [photo] Log 实况：录制链路不挂照片输出，跳过照片模板准备
[23:56:01.810] INF [device] 手动曝光档：ISO 214 快门 1/41s
[23:56:01.810] INF [session] 切模式：手动曝光已按快照重放（ISO 214）
[23:56:01.810] INF [device] 手动白平衡档：5596K（色调跟随当前值 -6）
[23:56:01.810] INF [session] 切模式：手动白平衡已按快照重放（5596K）
[23:56:01.811] INF [session] 切模式后档位复查（Log 实况）：曝光=手动 / 白平衡=手动 / 对焦意图=手动 / EV=+0.0
[23:56:01.811] INF [session] 切模式耗时 0.36s（Log 实况；含 outputs 重配与参数重放）
[23:56:02.170] INF [session] 切模式 commit 后瞬间档位：曝光=手动 / 白平衡=手动 / 快照=曝光手动·白平衡手动
[23:56:02.170] DBG [photo] 视频：录制链路不挂照片输出，跳过照片模板准备
[23:56:02.170] INF [device] 手动曝光档：ISO 169 快门 1/41s
[23:56:02.170] INF [session] 切模式：手动曝光已按快照重放（ISO 169）
[23:56:02.170] INF [device] 手动白平衡档：5440K（色调跟随当前值 -4）
[23:56:02.170] INF [session] 切模式：手动白平衡已按快照重放（5440K）
[23:56:02.171] INF [session] 切模式后档位复查（视频）：曝光=手动 / 白平衡=手动 / 对焦意图=手动 / EV=+0.0
[23:56:02.171] INF [session] 切模式耗时 0.36s（视频；含 outputs 重配与参数重放）
[23:56:02.515] INF [session] 切模式 commit 后瞬间档位：曝光=手动 / 白平衡=手动 / 快照=曝光手动·白平衡手动
[23:56:02.515] DBG [photo] 视频：录制链路不挂照片输出，跳过照片模板准备
[23:56:02.516] INF [device] 手动曝光档：ISO 170 快门 1/41s
[23:56:02.516] INF [session] 切模式：手动曝光已按快照重放（ISO 170）
[23:56:02.516] INF [device] 手动白平衡档：5683K（色调跟随当前值 -6）
[23:56:02.516] INF [session] 切模式：手动白平衡已按快照重放（5683K）
[23:56:02.517] INF [session] 切模式后档位复查（视频）：曝光=手动 / 白平衡=手动 / 对焦意图=手动 / EV=+0.0
[23:56:02.517] INF [session] 切模式耗时 0.35s（视频；含 outputs 重配与参数重放）
[23:56:02.517] INF [resource] 模式 视频 · input 活 2（累计增/删 20/18） · output 活 1（累计增/删 202/201） · 内存 33.4MB
[23:56:02.871] INF [session] 切模式 commit 后瞬间档位：曝光=手动 / 白平衡=手动 / 快照=曝光手动·白平衡手动
[23:56:02.871] DBG [photo] 视频：录制链路不挂照片输出，跳过照片模板准备
[23:56:02.872] INF [device] 手动曝光档：ISO 170 快门 1/41s
[23:56:02.872] INF [session] 切模式：手动曝光已按快照重放（ISO 170）
[23:56:02.872] INF [device] 手动白平衡档：6055K（色调跟随当前值 -8）
[23:56:02.872] INF [session] 切模式：手动白平衡已按快照重放（6055K）
[23:56:02.873] INF [session] 切模式后档位复查（视频）：曝光=手动 / 白平衡=手动 / 对焦意图=手动 / EV=+0.0
[23:56:02.873] INF [session] 切模式耗时 0.36s（视频；含 outputs 重配与参数重放）
[23:56:03.229] INF [session] 切模式 commit 后瞬间档位：曝光=手动 / 白平衡=手动 / 快照=曝光手动·白平衡手动
[23:56:03.229] DBG [photo] 视频：录制链路不挂照片输出，跳过照片模板准备
[23:56:03.230] INF [device] 手动曝光档：ISO 176 快门 1/41s
[23:56:03.230] INF [session] 切模式：手动曝光已按快照重放（ISO 176）
[23:56:03.230] INF [device] 手动白平衡档：6506K（色调跟随当前值 -10）
[23:56:03.230] INF [session] 切模式：手动白平衡已按快照重放（6506K）
[23:56:03.232] INF [session] 切模式后档位复查（视频）：曝光=手动 / 白平衡=手动 / 对焦意图=手动 / EV=+0.0
[23:56:03.232] INF [session] 切模式耗时 0.36s（视频；含 outputs 重配与参数重放）
[23:56:03.572] INF [session] 切模式 commit 后瞬间档位：曝光=手动 / 白平衡=手动 / 快照=曝光手动·白平衡手动
[23:56:03.572] DBG [photo] 视频：录制链路不挂照片输出，跳过照片模板准备
[23:56:03.572] INF [device] 手动曝光档：ISO 175 快门 1/41s
[23:56:03.572] INF [session] 切模式：手动曝光已按快照重放（ISO 175）
[23:56:03.573] INF [device] 手动白平衡档：6823K（色调跟随当前值 -12）
[23:56:03.573] INF [session] 切模式：手动白平衡已按快照重放（6823K）
[23:56:03.573] INF [session] 切模式后档位复查（视频）：曝光=手动 / 白平衡=手动 / 对焦意图=手动 / EV=+0.0
[23:56:03.574] INF [session] 切模式耗时 0.34s（视频；含 outputs 重配与参数重放）
[23:56:03.575] INF [photo] Live Photo 采集 已开启
[23:56:04.123] INF [session] 切模式 commit 后瞬间档位：曝光=手动 / 白平衡=手动 / 快照=曝光手动·白平衡手动
[23:56:04.124] INF [photo] 照片编码格式：hvc1
[23:56:04.124] INF [device] 手动曝光档：ISO 176 快门 1/41s
[23:56:04.124] INF [session] 切模式：手动曝光已按快照重放（ISO 176）
[23:56:04.124] INF [device] 手动白平衡档：6929K（色调跟随当前值 -11）
[23:56:04.124] INF [session] 切模式：手动白平衡已按快照重放（6929K）
[23:56:04.125] INF [session] 切模式后档位复查（实况）：曝光=手动 / 白平衡=手动 / 对焦意图=手动 / EV=+0.0
[23:56:04.126] INF [session] 切模式耗时 0.55s（实况；含 outputs 重配与参数重放）
[23:56:04.128] INF [photo] Live Photo 采集 已开启
[23:56:04.487] INF [session] 切模式 commit 后瞬间档位：曝光=手动 / 白平衡=手动 / 快照=曝光手动·白平衡手动
[23:56:04.487] INF [photo] 照片编码格式：hvc1
[23:56:04.487] INF [device] 手动曝光档：ISO 235 快门 1/52s
[23:56:04.487] INF [session] 切模式：手动曝光已按快照重放（ISO 235）
[23:56:04.488] INF [device] 手动白平衡档：7038K（色调跟随当前值 -10）
[23:56:04.488] INF [session] 切模式：手动白平衡已按快照重放（7038K）
[23:56:04.488] INF [session] 切模式后档位复查（实况）：曝光=手动 / 白平衡=手动 / 对焦意图=手动 / EV=+0.0
[23:56:04.488] INF [session] 切模式耗时 0.36s（实况；含 outputs 重配与参数重放）
[23:56:04.488] INF [resource] 模式 实况 · input 活 2（累计增/删 20/18） · output 活 1（累计增/删 207/206） · 内存 33.2MB
[23:56:04.489] INF [photo] Live Photo 采集 已开启
[23:56:04.788] INF [session] 切模式 commit 后瞬间档位：曝光=手动 / 白平衡=手动 / 快照=曝光手动·白平衡手动
[23:56:04.788] INF [photo] 照片编码格式：hvc1
[23:56:04.788] INF [device] 手动曝光档：ISO 427 快门 1/52s
[23:56:04.788] INF [session] 切模式：手动曝光已按快照重放（ISO 427）
[23:56:04.788] INF [device] 手动白平衡档：7060K（色调跟随当前值 -13）
[23:56:04.788] INF [session] 切模式：手动白平衡已按快照重放（7060K）
[23:56:04.789] INF [session] 切模式后档位复查（实况）：曝光=手动 / 白平衡=手动 / 对焦意图=手动 / EV=+0.0
[23:56:04.789] INF [session] 切模式耗时 0.30s（实况；含 outputs 重配与参数重放）
[23:56:04.789] INF [session] 已移除麦克风输入
[23:56:04.862] INF [audio] 音频会话已释放
[23:56:05.294] INF [session] 切模式 commit 后瞬间档位：曝光=手动 / 白平衡=手动 / 快照=曝光手动·白平衡手动
[23:56:05.294] INF [photo] 照片编码格式：hvc1
[23:56:05.295] INF [device] 手动曝光档：ISO 438 快门 1/52s
[23:56:05.295] INF [session] 切模式：手动曝光已按快照重放（ISO 438）
[23:56:05.295] INF [device] 手动白平衡档：6955K（色调跟随当前值 -15）
[23:56:05.295] INF [session] 切模式：手动白平衡已按快照重放（6955K）
[23:56:05.296] INF [session] 切模式后档位复查（照片）：曝光=手动 / 白平衡=手动 / 对焦意图=手动 / EV=+0.0
[23:56:05.296] INF [session] 切模式耗时 0.51s（照片；含 outputs 重配与参数重放）
[23:56:05.627] INF [session] 切模式 commit 后瞬间档位：曝光=手动 / 白平衡=手动 / 快照=曝光手动·白平衡手动
[23:56:05.627] INF [photo] 照片编码格式：hvc1
[23:56:05.627] INF [device] 手动曝光档：ISO 313 快门 1/52s
[23:56:05.627] INF [session] 切模式：手动曝光已按快照重放（ISO 313）
[23:56:05.627] INF [device] 手动白平衡档：7059K（色调跟随当前值 -13）
[23:56:05.627] INF [session] 切模式：手动白平衡已按快照重放（7059K）
[23:56:05.628] INF [session] 切模式后档位复查（照片）：曝光=手动 / 白平衡=手动 / 对焦意图=手动 / EV=+0.0
[23:56:05.628] INF [session] 切模式耗时 0.33s（照片；含 outputs 重配与参数重放）
[23:56:05.629] INF [session] 已加入麦克风输入
[23:56:05.649] INF [audio] 音频会话已激活（active=true category=AVAudioSessionCategoryPlayAndRecord mode=AVAudioSessionModeVideoRecording 48000Hz ch=1）
[23:56:05.649] INF [photo] Live Photo 采集 已开启
[23:56:06.150] INF [session] 切模式 commit 后瞬间档位：曝光=手动 / 白平衡=手动 / 快照=曝光手动·白平衡手动
[23:56:06.150] INF [photo] 照片编码格式：hvc1
[23:56:06.150] INF [device] 手动曝光档：ISO 453 快门 1/52s
[23:56:06.150] INF [session] 切模式：手动曝光已按快照重放（ISO 453）
[23:56:06.150] INF [device] 手动白平衡档：6857K（色调跟随当前值 -18）
[23:56:06.150] INF [session] 切模式：手动白平衡已按快照重放（6857K）
[23:56:06.151] INF [session] 切模式后档位复查（实况）：曝光=手动 / 白平衡=手动 / 对焦意图=手动 / EV=+0.0
[23:56:06.151] INF [session] 切模式耗时 0.52s（实况；含 outputs 重配与参数重放）
[23:56:06.528] INF [session] 切模式 commit 后瞬间档位：曝光=手动 / 白平衡=手动 / 快照=曝光手动·白平衡手动
[23:56:06.528] DBG [photo] Log 实况：录制链路不挂照片输出，跳过照片模板准备
[23:56:06.528] INF [device] 手动曝光档：ISO 320 快门 1/52s
[23:56:06.528] INF [session] 切模式：手动曝光已按快照重放（ISO 320）
[23:56:06.528] INF [device] 手动白平衡档：6863K（色调跟随当前值 -19）
[23:56:06.528] INF [session] 切模式：手动白平衡已按快照重放（6863K）
[23:56:06.529] INF [session] 切模式后档位复查（Log 实况）：曝光=手动 / 白平衡=手动 / 对焦意图=手动 / EV=+0.0
[23:56:06.529] INF [session] 切模式耗时 0.38s（Log 实况；含 outputs 重配与参数重放）
[23:56:06.873] INF [session] 切模式 commit 后瞬间档位：曝光=手动 / 白平衡=手动 / 快照=曝光手动·白平衡手动
[23:56:06.873] DBG [photo] Log 实况：录制链路不挂照片输出，跳过照片模板准备
[23:56:06.873] INF [device] 手动曝光档：ISO 187 快门 1/41s
[23:56:06.873] INF [session] 切模式：手动曝光已按快照重放（ISO 187）
[23:56:06.874] INF [device] 手动白平衡档：6863K（色调跟随当前值 -19）
[23:56:06.874] INF [session] 切模式：手动白平衡已按快照重放（6863K）
[23:56:06.875] INF [session] 切模式后档位复查（Log 实况）：曝光=手动 / 白平衡=手动 / 对焦意图=手动 / EV=+0.0
[23:56:06.875] INF [session] 切模式耗时 0.35s（Log 实况；含 outputs 重配与参数重放）
[23:56:07.228] INF [session] 切模式 commit 后瞬间档位：曝光=手动 / 白平衡=手动 / 快照=曝光手动·白平衡手动
[23:56:07.228] DBG [photo] Log 实况：录制链路不挂照片输出，跳过照片模板准备
[23:56:07.228] INF [device] 手动曝光档：ISO 187 快门 1/41s
[23:56:07.228] INF [session] 切模式：手动曝光已按快照重放（ISO 187）
[23:56:07.229] INF [device] 手动白平衡档：6853K（色调跟随当前值 -17）
[23:56:07.229] INF [session] 切模式：手动白平衡已按快照重放（6853K）
[23:56:07.230] INF [session] 切模式后档位复查（Log 实况）：曝光=手动 / 白平衡=手动 / 对焦意图=手动 / EV=+0.0
[23:56:07.230] INF [session] 切模式耗时 0.36s（Log 实况；含 outputs 重配与参数重放）
[23:56:07.230] INF [resource] 模式 Log 实况 · input 活 2（累计增/删 21/19） · output 活 1（累计增/删 214/213） · 内存 33.0MB
[23:56:07.575] INF [session] 切模式 commit 后瞬间档位：曝光=手动 / 白平衡=手动 / 快照=曝光手动·白平衡手动
[23:56:07.575] DBG [photo] 视频：录制链路不挂照片输出，跳过照片模板准备
[23:56:07.576] INF [device] 手动曝光档：ISO 191 快门 1/41s
[23:56:07.576] INF [session] 切模式：手动曝光已按快照重放（ISO 191）
[23:56:07.576] INF [device] 手动白平衡档：6951K（色调跟随当前值 -15）
[23:56:07.576] INF [session] 切模式：手动白平衡已按快照重放（6951K）
[23:56:07.577] INF [session] 切模式后档位复查（视频）：曝光=手动 / 白平衡=手动 / 对焦意图=手动 / EV=+0.0
[23:56:07.577] INF [session] 切模式耗时 0.35s（视频；含 outputs 重配与参数重放）
[23:56:07.924] INF [session] 切模式 commit 后瞬间档位：曝光=手动 / 白平衡=手动 / 快照=曝光手动·白平衡手动
[23:56:07.924] DBG [photo] 视频：录制链路不挂照片输出，跳过照片模板准备
[23:56:07.924] INF [device] 手动曝光档：ISO 202 快门 1/41s
[23:56:07.925] INF [session] 切模式：手动曝光已按快照重放（ISO 202）
[23:56:07.925] INF [device] 手动白平衡档：7051K（色调跟随当前值 -12）
[23:56:07.925] INF [session] 切模式：手动白平衡已按快照重放（7051K）
[23:56:07.926] INF [session] 切模式后档位复查（视频）：曝光=手动 / 白平衡=手动 / 对焦意图=手动 / EV=+0.0
[23:56:07.926] INF [session] 切模式耗时 0.35s（视频；含 outputs 重配与参数重放）
[23:56:08.286] INF [session] 切模式 commit 后瞬间档位：曝光=手动 / 白平衡=手动 / 快照=曝光手动·白平衡手动
[23:56:08.286] DBG [photo] 视频：录制链路不挂照片输出，跳过照片模板准备
[23:56:08.286] INF [device] 手动曝光档：ISO 208 快门 1/41s
[23:56:08.286] INF [session] 切模式：手动曝光已按快照重放（ISO 208）
[23:56:08.286] INF [device] 手动白平衡档：7051K（色调跟随当前值 -12）
[23:56:08.286] INF [session] 切模式：手动白平衡已按快照重放（7051K）
[23:56:08.287] INF [session] 切模式后档位复查（视频）：曝光=手动 / 白平衡=手动 / 对焦意图=手动 / EV=+0.0
[23:56:08.287] INF [session] 切模式耗时 0.36s（视频；含 outputs 重配与参数重放）
[23:56:08.627] INF [session] 切模式 commit 后瞬间档位：曝光=手动 / 白平衡=手动 / 快照=曝光手动·白平衡手动
[23:56:08.627] DBG [photo] 视频：录制链路不挂照片输出，跳过照片模板准备
[23:56:08.627] INF [device] 手动曝光档：ISO 212 快门 1/41s
[23:56:08.627] INF [session] 切模式：手动曝光已按快照重放（ISO 212）
[23:56:08.627] INF [device] 手动白平衡档：7051K（色调跟随当前值 -12）
[23:56:08.627] INF [session] 切模式：手动白平衡已按快照重放（7051K）
[23:56:08.628] INF [session] 切模式后档位复查（视频）：曝光=手动 / 白平衡=手动 / 对焦意图=手动 / EV=+0.0
[23:56:08.629] INF [session] 切模式耗时 0.34s（视频；含 outputs 重配与参数重放）
[23:56:08.978] INF [session] 切模式 commit 后瞬间档位：曝光=手动 / 白平衡=手动 / 快照=曝光手动·白平衡手动
[23:56:08.978] DBG [photo] 视频：录制链路不挂照片输出，跳过照片模板准备
[23:56:08.978] INF [device] 手动曝光档：ISO 206 快门 1/41s
[23:56:08.978] INF [session] 切模式：手动曝光已按快照重放（ISO 206）
[23:56:08.979] INF [device] 手动白平衡档：7042K（色调跟随当前值 -11）
[23:56:08.979] INF [session] 切模式：手动白平衡已按快照重放（7042K）
[23:56:08.980] INF [session] 切模式后档位复查（视频）：曝光=手动 / 白平衡=手动 / 对焦意图=手动 / EV=+0.0
[23:56:08.980] INF [session] 切模式耗时 0.35s（视频；含 outputs 重配与参数重放）
[23:56:09.333] INF [session] 切模式 commit 后瞬间档位：曝光=手动 / 白平衡=手动 / 快照=曝光手动·白平衡手动
[23:56:09.333] DBG [photo] 视频：录制链路不挂照片输出，跳过照片模板准备
[23:56:09.333] INF [device] 手动曝光档：ISO 181 快门 1/41s
[23:56:09.333] INF [session] 切模式：手动曝光已按快照重放（ISO 181）
[23:56:09.333] INF [device] 手动白平衡档：7038K（色调跟随当前值 -10）
[23:56:09.333] INF [session] 切模式：手动白平衡已按快照重放（7038K）
[23:56:09.334] INF [session] 切模式后档位复查（视频）：曝光=手动 / 白平衡=手动 / 对焦意图=手动 / EV=+0.0
[23:56:09.334] INF [session] 切模式耗时 0.35s（视频；含 outputs 重配与参数重放）
[23:56:09.334] INF [resource] 模式 视频 · input 活 2（累计增/删 21/19） · output 活 1（累计增/删 220/219） · 内存 33.1MB
[23:56:09.695] INF [session] 切模式 commit 后瞬间档位：曝光=手动 / 白平衡=手动 / 快照=曝光手动·白平衡手动
[23:56:09.695] DBG [photo] Log 实况：录制链路不挂照片输出，跳过照片模板准备
[23:56:09.695] INF [device] 手动曝光档：ISO 155 快门 1/41s
[23:56:09.695] INF [session] 切模式：手动曝光已按快照重放（ISO 155）
[23:56:09.696] INF [device] 手动白平衡档：7038K（色调跟随当前值 -10）
[23:56:09.696] INF [session] 切模式：手动白平衡已按快照重放（7038K）
[23:56:09.697] INF [session] 切模式后档位复查（Log 实况）：曝光=手动 / 白平衡=手动 / 对焦意图=手动 / EV=+0.0
[23:56:09.697] INF [session] 切模式耗时 0.36s（Log 实况；含 outputs 重配与参数重放）
[23:56:10.047] INF [session] 切模式 commit 后瞬间档位：曝光=手动 / 白平衡=手动 / 快照=曝光手动·白平衡手动
[23:56:10.047] DBG [photo] Log 实况：录制链路不挂照片输出，跳过照片模板准备
[23:56:10.048] INF [device] 手动曝光档：ISO 161 快门 1/41s
[23:56:10.048] INF [session] 切模式：手动曝光已按快照重放（ISO 161）
[23:56:10.048] INF [device] 手动白平衡档：7038K（色调跟随当前值 -10）
[23:56:10.048] INF [session] 切模式：手动白平衡已按快照重放（7038K）
[23:56:10.049] INF [session] 切模式后档位复查（Log 实况）：曝光=手动 / 白平衡=手动 / 对焦意图=手动 / EV=+0.0
[23:56:10.049] INF [session] 切模式耗时 0.35s（Log 实况；含 outputs 重配与参数重放）
[23:56:10.407] INF [session] 切模式 commit 后瞬间档位：曝光=手动 / 白平衡=手动 / 快照=曝光手动·白平衡手动
[23:56:10.407] DBG [photo] Log 实况：录制链路不挂照片输出，跳过照片模板准备
[23:56:10.407] INF [device] 手动曝光档：ISO 178 快门 1/41s
[23:56:10.407] INF [session] 切模式：手动曝光已按快照重放（ISO 178）
[23:56:10.407] INF [device] 手动白平衡档：7034K（色调跟随当前值 -10）
[23:56:10.407] INF [session] 切模式：手动白平衡已按快照重放（7034K）
[23:56:10.408] INF [session] 切模式后档位复查（Log 实况）：曝光=手动 / 白平衡=手动 / 对焦意图=手动 / EV=+0.0
[23:56:10.408] INF [session] 切模式耗时 0.36s（Log 实况；含 outputs 重配与参数重放）
[23:56:10.409] INF [photo] Live Photo 采集 已开启
[23:56:10.923] INF [session] 切模式 commit 后瞬间档位：曝光=手动 / 白平衡=手动 / 快照=曝光手动·白平衡手动
[23:56:10.924] INF [photo] 照片编码格式：hvc1
[23:56:10.924] INF [device] 手动曝光档：ISO 183 快门 1/41s
[23:56:10.924] INF [session] 切模式：手动曝光已按快照重放（ISO 183）
[23:56:10.924] INF [device] 手动白平衡档：7029K（色调跟随当前值 -9）
[23:56:10.924] INF [session] 切模式：手动白平衡已按快照重放（7029K）
[23:56:10.925] INF [session] 切模式后档位复查（实况）：曝光=手动 / 白平衡=手动 / 对焦意图=手动 / EV=+0.0
[23:56:10.925] INF [session] 切模式耗时 0.52s（实况；含 outputs 重配与参数重放）
[23:56:10.926] INF [photo] Live Photo 采集 已开启
[23:56:11.285] INF [session] 切模式 commit 后瞬间档位：曝光=手动 / 白平衡=手动 / 快照=曝光手动·白平衡手动
[23:56:11.285] INF [photo] 照片编码格式：hvc1
[23:56:11.285] INF [device] 手动曝光档：ISO 235 快门 1/52s
[23:56:11.285] INF [session] 切模式：手动曝光已按快照重放（ISO 235）
[23:56:11.285] INF [device] 手动白平衡档：7029K（色调跟随当前值 -9）
[23:56:11.285] INF [session] 切模式：手动白平衡已按快照重放（7029K）
[23:56:11.286] INF [session] 切模式后档位复查（实况）：曝光=手动 / 白平衡=手动 / 对焦意图=手动 / EV=+0.0
[23:56:11.286] INF [session] 切模式耗时 0.36s（实况；含 outputs 重配与参数重放）
[23:56:11.286] INF [session] 已移除麦克风输入
[23:56:11.358] INF [audio] 音频会话已释放
[23:56:11.778] INF [session] 切模式 commit 后瞬间档位：曝光=手动 / 白平衡=手动 / 快照=曝光手动·白平衡手动
[23:56:11.778] INF [photo] 照片编码格式：hvc1
[23:56:11.778] INF [device] 手动曝光档：ISO 443 快门 1/52s
[23:56:11.778] INF [session] 切模式：手动曝光已按快照重放（ISO 443）
[23:56:11.779] INF [device] 手动白平衡档：7026K（色调跟随当前值 -8）
[23:56:11.779] INF [session] 切模式：手动白平衡已按快照重放（7026K）
[23:56:11.780] INF [session] 切模式后档位复查（照片）：曝光=手动 / 白平衡=手动 / 对焦意图=手动 / EV=+0.0
[23:56:11.781] INF [session] 切模式耗时 0.49s（照片；含 outputs 重配与参数重放）
[23:56:12.142] INF [session] 切模式 commit 后瞬间档位：曝光=手动 / 白平衡=手动 / 快照=曝光手动·白平衡手动
[23:56:12.142] INF [photo] 照片编码格式：hvc1
[23:56:12.142] INF [device] 手动曝光档：ISO 340 快门 1/52s
[23:56:12.142] INF [session] 切模式：手动曝光已按快照重放（ISO 340）
[23:56:12.142] INF [device] 手动白平衡档：7029K（色调跟随当前值 -9）
[23:56:12.142] INF [session] 切模式：手动白平衡已按快照重放（7029K）
[23:56:12.143] INF [session] 切模式后档位复查（照片）：曝光=手动 / 白平衡=手动 / 对焦意图=手动 / EV=+0.0
[23:56:12.143] INF [session] 切模式耗时 0.36s（照片；含 outputs 重配与参数重放）
[23:56:12.144] INF [session] 已加入麦克风输入
[23:56:12.164] INF [audio] 音频会话已激活（active=true category=AVAudioSessionCategoryPlayAndRecord mode=AVAudioSessionModeVideoRecording 48000Hz ch=1）
[23:56:12.495] INF [session] 切模式 commit 后瞬间档位：曝光=手动 / 白平衡=手动 / 快照=曝光手动·白平衡手动
[23:56:12.495] DBG [photo] Log 实况：录制链路不挂照片输出，跳过照片模板准备
[23:56:12.496] INF [device] 手动曝光档：ISO 424 快门 1/52s
[23:56:12.496] INF [session] 切模式：手动曝光已按快照重放（ISO 424）
[23:56:12.496] INF [device] 手动白平衡档：7026K（色调跟随当前值 -8）
[23:56:12.496] INF [session] 切模式：手动白平衡已按快照重放（7026K）
[23:56:12.497] INF [session] 切模式后档位复查（Log 实况）：曝光=手动 / 白平衡=手动 / 对焦意图=手动 / EV=+0.0
[23:56:12.497] INF [session] 切模式耗时 0.35s（Log 实况；含 outputs 重配与参数重放）
[23:56:12.498] INF [photo] Live Photo 采集 已开启
[23:56:13.013] INF [session] 切模式 commit 后瞬间档位：曝光=手动 / 白平衡=手动 / 快照=曝光手动·白平衡手动
[23:56:13.014] INF [photo] 照片编码格式：hvc1
[23:56:13.014] INF [device] 手动曝光档：ISO 266 快门 1/41s
[23:56:13.014] INF [session] 切模式：手动曝光已按快照重放（ISO 266）
[23:56:13.014] INF [device] 手动白平衡档：7026K（色调跟随当前值 -8）
[23:56:13.015] INF [session] 切模式：手动白平衡已按快照重放（7026K）
[23:56:13.016] INF [session] 切模式后档位复查（实况）：曝光=手动 / 白平衡=手动 / 对焦意图=手动 / EV=+0.0
[23:56:13.016] INF [session] 切模式耗时 0.52s（实况；含 outputs 重配与参数重放）
[23:56:13.016] INF [resource] 模式 实况 · input 活 2（累计增/删 22/20） · output 活 1（累计增/删 229/228） · 内存 33.6MB
[23:56:13.392] INF [session] 切模式 commit 后瞬间档位：曝光=手动 / 白平衡=手动 / 快照=曝光手动·白平衡手动
[23:56:13.392] DBG [photo] 视频：录制链路不挂照片输出，跳过照片模板准备
[23:56:13.392] INF [device] 手动曝光档：ISO 242 快门 1/52s
[23:56:13.392] INF [session] 切模式：手动曝光已按快照重放（ISO 242）
[23:56:13.392] INF [device] 手动白平衡档：7026K（色调跟随当前值 -8）
[23:56:13.392] INF [session] 切模式：手动白平衡已按快照重放（7026K）
[23:56:13.393] INF [session] 切模式后档位复查（视频）：曝光=手动 / 白平衡=手动 / 对焦意图=手动 / EV=+0.0
[23:56:13.393] INF [session] 切模式耗时 0.38s（视频；含 outputs 重配与参数重放）
[23:56:13.741] INF [session] 切模式 commit 后瞬间档位：曝光=手动 / 白平衡=手动 / 快照=曝光手动·白平衡手动
[23:56:13.741] DBG [photo] 视频：录制链路不挂照片输出，跳过照片模板准备
[23:56:13.741] INF [device] 手动曝光档：ISO 186 快门 1/41s
[23:56:13.742] INF [session] 切模式：手动曝光已按快照重放（ISO 186）
[23:56:13.742] INF [device] 手动白平衡档：7026K（色调跟随当前值 -8）
[23:56:13.742] INF [session] 切模式：手动白平衡已按快照重放（7026K）
[23:56:13.743] INF [session] 切模式后档位复查（视频）：曝光=手动 / 白平衡=手动 / 对焦意图=手动 / EV=+0.0
[23:56:13.743] INF [session] 切模式耗时 0.35s（视频；含 outputs 重配与参数重放）
[23:56:14.109] INF [session] 切模式 commit 后瞬间档位：曝光=手动 / 白平衡=手动 / 快照=曝光手动·白平衡手动
[23:56:14.110] DBG [photo] 视频：录制链路不挂照片输出，跳过照片模板准备
[23:56:14.110] INF [device] 手动曝光档：ISO 184 快门 1/41s
[23:56:14.110] INF [session] 切模式：手动曝光已按快照重放（ISO 184）
[23:56:14.110] INF [device] 手动白平衡档：7026K（色调跟随当前值 -8）
[23:56:14.110] INF [session] 切模式：手动白平衡已按快照重放（7026K）
[23:56:14.112] INF [session] 切模式后档位复查（视频）：曝光=手动 / 白平衡=手动 / 对焦意图=手动 / EV=+0.0
[23:56:14.112] INF [session] 切模式耗时 0.37s（视频；含 outputs 重配与参数重放）
[23:56:14.457] INF [session] 切模式 commit 后瞬间档位：曝光=手动 / 白平衡=手动 / 快照=曝光手动·白平衡手动
[23:56:14.457] DBG [photo] 视频：录制链路不挂照片输出，跳过照片模板准备
[23:56:14.457] INF [device] 手动曝光档：ISO 186 快门 1/41s
[23:56:14.457] INF [session] 切模式：手动曝光已按快照重放（ISO 186）
[23:56:14.457] INF [device] 手动白平衡档：7020K（色调跟随当前值 -8）
[23:56:14.457] INF [session] 切模式：手动白平衡已按快照重放（7020K）
[23:56:14.458] INF [session] 切模式后档位复查（视频）：曝光=手动 / 白平衡=手动 / 对焦意图=手动 / EV=+0.0
[23:56:14.458] INF [session] 切模式耗时 0.35s（视频；含 outputs 重配与参数重放）
[23:56:14.816] INF [session] 切模式 commit 后瞬间档位：曝光=手动 / 白平衡=手动 / 快照=曝光手动·白平衡手动
[23:56:14.816] DBG [photo] Log 实况：录制链路不挂照片输出，跳过照片模板准备
[23:56:14.816] INF [device] 手动曝光档：ISO 185 快门 1/41s
[23:56:14.816] INF [session] 切模式：手动曝光已按快照重放（ISO 185）
[23:56:14.816] INF [device] 手动白平衡档：7020K（色调跟随当前值 -8）
[23:56:14.816] INF [session] 切模式：手动白平衡已按快照重放（7020K）
[23:56:14.818] INF [session] 切模式后档位复查（Log 实况）：曝光=手动 / 白平衡=手动 / 对焦意图=手动 / EV=+0.0
[23:56:14.818] INF [session] 切模式耗时 0.36s（Log 实况；含 outputs 重配与参数重放）
[23:56:15.177] INF [session] 切模式 commit 后瞬间档位：曝光=手动 / 白平衡=手动 / 快照=曝光手动·白平衡手动
[23:56:15.177] DBG [photo] Log 实况：录制链路不挂照片输出，跳过照片模板准备
[23:56:15.178] INF [device] 手动曝光档：ISO 187 快门 1/41s
[23:56:15.178] INF [session] 切模式：手动曝光已按快照重放（ISO 187）
[23:56:15.178] INF [device] 手动白平衡档：7016K（色调跟随当前值 -7）
[23:56:15.178] INF [session] 切模式：手动白平衡已按快照重放（7016K）
[23:56:15.179] INF [session] 切模式后档位复查（Log 实况）：曝光=手动 / 白平衡=手动 / 对焦意图=手动 / EV=+0.0
[23:56:15.180] INF [session] 切模式耗时 0.36s（Log 实况；含 outputs 重配与参数重放）
[23:56:15.180] INF [resource] 模式 Log 实况 · input 活 2（累计增/删 22/20） · output 活 1（累计增/删 235/234） · 内存 33.5MB
[23:56:15.525] INF [session] 切模式 commit 后瞬间档位：曝光=手动 / 白平衡=手动 / 快照=曝光手动·白平衡手动
[23:56:15.525] DBG [photo] Log 实况：录制链路不挂照片输出，跳过照片模板准备
[23:56:15.525] INF [device] 手动曝光档：ISO 189 快门 1/41s
[23:56:15.525] INF [session] 切模式：手动曝光已按快照重放（ISO 189）
[23:56:15.526] INF [device] 手动白平衡档：7016K（色调跟随当前值 -7）
[23:56:15.526] INF [session] 切模式：手动白平衡已按快照重放（7016K）
[23:56:15.526] INF [session] 切模式后档位复查（Log 实况）：曝光=手动 / 白平衡=手动 / 对焦意图=手动 / EV=+0.0
[23:56:15.526] INF [session] 切模式耗时 0.35s（Log 实况；含 outputs 重配与参数重放）
[23:56:15.528] INF [photo] Live Photo 采集 已开启
[23:56:16.055] INF [session] 切模式 commit 后瞬间档位：曝光=手动 / 白平衡=手动 / 快照=曝光手动·白平衡手动
[23:56:16.055] INF [photo] 照片编码格式：hvc1
[23:56:16.055] INF [device] 手动曝光档：ISO 191 快门 1/41s
[23:56:16.055] INF [session] 切模式：手动曝光已按快照重放（ISO 191）
[23:56:16.055] INF [device] 手动白平衡档：7016K（色调跟随当前值 -7）
[23:56:16.055] INF [session] 切模式：手动白平衡已按快照重放（7016K）
[23:56:16.056] INF [session] 切模式后档位复查（实况）：曝光=手动 / 白平衡=手动 / 对焦意图=手动 / EV=+0.0
[23:56:16.056] INF [session] 切模式耗时 0.53s（实况；含 outputs 重配与参数重放）
[23:56:16.059] INF [photo] Live Photo 采集 已开启
[23:56:16.419] INF [session] 切模式 commit 后瞬间档位：曝光=手动 / 白平衡=手动 / 快照=曝光手动·白平衡手动
[23:56:16.419] INF [photo] 照片编码格式：hvc1
[23:56:16.419] INF [device] 手动曝光档：ISO 243 快门 1/52s
[23:56:16.419] INF [session] 切模式：手动曝光已按快照重放（ISO 243）
[23:56:16.419] INF [device] 手动白平衡档：7016K（色调跟随当前值 -7）
[23:56:16.419] INF [session] 切模式：手动白平衡已按快照重放（7016K）
[23:56:16.420] INF [session] 切模式后档位复查（实况）：曝光=手动 / 白平衡=手动 / 对焦意图=手动 / EV=+0.0
[23:56:16.420] INF [session] 切模式耗时 0.36s（实况；含 outputs 重配与参数重放）
[23:56:16.421] INF [photo] Live Photo 采集 已开启
[23:56:16.752] INF [session] 切模式 commit 后瞬间档位：曝光=手动 / 白平衡=手动 / 快照=曝光手动·白平衡手动
[23:56:16.752] INF [photo] 照片编码格式：hvc1
[23:56:16.752] INF [device] 手动曝光档：ISO 421 快门 1/52s
[23:56:16.752] INF [session] 切模式：手动曝光已按快照重放（ISO 421）
[23:56:16.752] INF [device] 手动白平衡档：7016K（色调跟随当前值 -7）
[23:56:16.752] INF [session] 切模式：手动白平衡已按快照重放（7016K）
[23:56:16.753] INF [session] 切模式后档位复查（实况）：曝光=手动 / 白平衡=手动 / 对焦意图=手动 / EV=+0.0
[23:56:16.753] INF [session] 切模式耗时 0.33s（实况；含 outputs 重配与参数重放）
[23:56:16.754] INF [photo] Live Photo 采集 已开启
[23:56:17.050] INF [session] 切模式 commit 后瞬间档位：曝光=手动 / 白平衡=手动 / 快照=曝光手动·白平衡手动
[23:56:17.050] INF [photo] 照片编码格式：hvc1
[23:56:17.051] INF [device] 手动曝光档：ISO 433 快门 1/52s
[23:56:17.051] INF [session] 切模式：手动曝光已按快照重放（ISO 433）
[23:56:17.051] INF [device] 手动白平衡档：7020K（色调跟随当前值 -8）
[23:56:17.051] INF [session] 切模式：手动白平衡已按快照重放（7020K）
[23:56:17.051] INF [session] 切模式后档位复查（实况）：曝光=手动 / 白平衡=手动 / 对焦意图=手动 / EV=+0.0
[23:56:17.051] INF [session] 切模式耗时 0.30s（实况；含 outputs 重配与参数重放）
[23:56:17.052] INF [photo] Live Photo 采集 已开启
[23:56:17.351] INF [session] 切模式 commit 后瞬间档位：曝光=手动 / 白平衡=手动 / 快照=曝光手动·白平衡手动
[23:56:17.351] INF [photo] 照片编码格式：hvc1
[23:56:17.351] INF [device] 手动曝光档：ISO 439 快门 1/52s
[23:56:17.351] INF [session] 切模式：手动曝光已按快照重放（ISO 439）
[23:56:17.351] INF [device] 手动白平衡档：7026K（色调跟随当前值 -8）
[23:56:17.351] INF [session] 切模式：手动白平衡已按快照重放（7026K）
[23:56:17.352] INF [session] 切模式后档位复查（实况）：曝光=手动 / 白平衡=手动 / 对焦意图=手动 / EV=+0.0
[23:56:17.352] INF [session] 切模式耗时 0.30s（实况；含 outputs 重配与参数重放）
[23:56:17.353] INF [photo] Live Photo 采集 已开启
[23:56:17.651] INF [session] 切模式 commit 后瞬间档位：曝光=手动 / 白平衡=手动 / 快照=曝光手动·白平衡手动
[23:56:17.652] INF [photo] 照片编码格式：hvc1
[23:56:17.652] INF [device] 手动曝光档：ISO 448 快门 1/52s
[23:56:17.652] INF [session] 切模式：手动曝光已按快照重放（ISO 448）
[23:56:17.652] INF [device] 手动白平衡档：7026K（色调跟随当前值 -8）
[23:56:17.652] INF [session] 切模式：手动白平衡已按快照重放（7026K）
[23:56:17.652] INF [session] 切模式后档位复查（实况）：曝光=手动 / 白平衡=手动 / 对焦意图=手动 / EV=+0.0
[23:56:17.652] INF [session] 切模式耗时 0.30s（实况；含 outputs 重配与参数重放）
[23:56:17.652] INF [resource] 模式 实况 · input 活 2（累计增/删 22/20） · output 活 1（累计增/删 242/241） · 内存 33.2MB
[23:56:17.973] INF [session] 切模式 commit 后瞬间档位：曝光=手动 / 白平衡=手动 / 快照=曝光手动·白平衡手动
[23:56:17.973] DBG [photo] Log 实况：录制链路不挂照片输出，跳过照片模板准备
[23:56:17.973] INF [device] 手动曝光档：ISO 453 快门 1/52s
[23:56:17.973] INF [session] 切模式：手动曝光已按快照重放（ISO 453）
[23:56:17.973] INF [device] 手动白平衡档：7029K（色调跟随当前值 -9）
[23:56:17.973] INF [session] 切模式：手动白平衡已按快照重放（7029K）
[23:56:17.974] INF [session] 切模式后档位复查（Log 实况）：曝光=手动 / 白平衡=手动 / 对焦意图=手动 / EV=+0.0
[23:56:17.974] INF [session] 切模式耗时 0.32s（Log 实况；含 outputs 重配与参数重放）
[23:56:18.333] INF [session] 切模式 commit 后瞬间档位：曝光=手动 / 白平衡=手动 / 快照=曝光手动·白平衡手动
[23:56:18.333] DBG [photo] Log 实况：录制链路不挂照片输出，跳过照片模板准备
[23:56:18.333] INF [device] 手动曝光档：ISO 200 快门 1/41s
[23:56:18.333] INF [session] 切模式：手动曝光已按快照重放（ISO 200）
[23:56:18.333] INF [device] 手动白平衡档：7029K（色调跟随当前值 -9）
[23:56:18.333] INF [session] 切模式：手动白平衡已按快照重放（7029K）
[23:56:18.334] INF [session] 切模式后档位复查（Log 实况）：曝光=手动 / 白平衡=手动 / 对焦意图=手动 / EV=+0.0
[23:56:18.334] INF [session] 切模式耗时 0.36s（Log 实况；含 outputs 重配与参数重放）
[23:56:18.696] INF [session] 切模式 commit 后瞬间档位：曝光=手动 / 白平衡=手动 / 快照=曝光手动·白平衡手动
[23:56:18.696] DBG [photo] Log 实况：录制链路不挂照片输出，跳过照片模板准备
[23:56:18.696] INF [device] 手动曝光档：ISO 194 快门 1/41s
[23:56:18.696] INF [session] 切模式：手动曝光已按快照重放（ISO 194）
[23:56:18.696] INF [device] 手动白平衡档：7029K（色调跟随当前值 -9）
[23:56:18.696] INF [session] 切模式：手动白平衡已按快照重放（7029K）
[23:56:18.698] INF [session] 切模式后档位复查（Log 实况）：曝光=手动 / 白平衡=手动 / 对焦意图=手动 / EV=+0.0
[23:56:18.698] INF [session] 切模式耗时 0.36s（Log 实况；含 outputs 重配与参数重放）
[23:56:18.698] INF [resource] 模式 Log 实况 · input 活 2（累计增/删 22/20） · output 活 1（累计增/删 245/244） · 内存 33.6MB
[23:56:18.700] INF [photo] Live Photo 采集 已开启
[23:56:19.212] INF [session] 切模式 commit 后瞬间档位：曝光=手动 / 白平衡=手动 / 快照=曝光手动·白平衡手动
[23:56:19.212] INF [photo] 照片编码格式：hvc1
[23:56:19.213] INF [device] 手动曝光档：ISO 195 快门 1/41s
[23:56:19.213] INF [session] 切模式：手动曝光已按快照重放（ISO 195）
[23:56:19.213] INF [device] 手动白平衡档：7026K（色调跟随当前值 -8）
[23:56:19.213] INF [session] 切模式：手动白平衡已按快照重放（7026K）
[23:56:19.214] INF [session] 切模式后档位复查（实况）：曝光=手动 / 白平衡=手动 / 对焦意图=手动 / EV=+0.0
[23:56:19.214] INF [session] 切模式耗时 0.52s（实况；含 outputs 重配与参数重放）
[23:56:19.217] INF [photo] Live Photo 采集 已开启
[23:56:19.575] INF [session] 切模式 commit 后瞬间档位：曝光=手动 / 白平衡=手动 / 快照=曝光手动·白平衡手动
[23:56:19.575] INF [photo] 照片编码格式：hvc1
[23:56:19.575] INF [device] 手动曝光档：ISO 245 快门 1/52s
[23:56:19.576] INF [session] 切模式：手动曝光已按快照重放（ISO 245）
[23:56:19.576] INF [device] 手动白平衡档：7020K（色调跟随当前值 -8）
[23:56:19.576] INF [session] 切模式：手动白平衡已按快照重放（7020K）
[23:56:19.576] INF [session] 切模式后档位复查（实况）：曝光=手动 / 白平衡=手动 / 对焦意图=手动 / EV=+0.0
[23:56:19.576] INF [session] 切模式耗时 0.36s（实况；含 outputs 重配与参数重放）
[23:56:19.577] INF [photo] Live Photo 采集 已开启
[23:56:19.908] INF [session] 切模式 commit 后瞬间档位：曝光=手动 / 白平衡=手动 / 快照=曝光手动·白平衡手动
[23:56:19.909] INF [photo] 照片编码格式：hvc1
[23:56:19.909] INF [device] 手动曝光档：ISO 421 快门 1/52s
[23:56:19.909] INF [session] 切模式：手动曝光已按快照重放（ISO 421）
[23:56:19.909] INF [device] 手动白平衡档：7020K（色调跟随当前值 -8）
[23:56:19.909] INF [session] 切模式：手动白平衡已按快照重放（7020K）
[23:56:19.909] INF [session] 切模式后档位复查（实况）：曝光=手动 / 白平衡=手动 / 对焦意图=手动 / EV=+0.0
[23:56:19.909] INF [session] 切模式耗时 0.33s（实况；含 outputs 重配与参数重放）
[23:56:19.910] INF [session] 已移除麦克风输入
[23:56:19.984] INF [audio] 音频会话已释放
[23:56:20.399] INF [session] 切模式 commit 后瞬间档位：曝光=手动 / 白平衡=手动 / 快照=曝光手动·白平衡手动
[23:56:20.399] INF [photo] 照片编码格式：hvc1
[23:56:20.399] INF [device] 手动曝光档：ISO 434 快门 1/52s
[23:56:20.399] INF [session] 切模式：手动曝光已按快照重放（ISO 434）
[23:56:20.399] INF [device] 手动白平衡档：7026K（色调跟随当前值 -8）
[23:56:20.399] INF [session] 切模式：手动白平衡已按快照重放（7026K）
[23:56:20.400] INF [session] 切模式后档位复查（照片）：曝光=手动 / 白平衡=手动 / 对焦意图=手动 / EV=+0.0
[23:56:20.400] INF [session] 切模式耗时 0.49s（照片；含 outputs 重配与参数重放）
[23:56:20.401] INF [session] 已加入麦克风输入
[23:56:20.433] INF [audio] 音频会话已激活（active=true category=AVAudioSessionCategoryPlayAndRecord mode=AVAudioSessionModeVideoRecording 48000Hz ch=1）
[23:56:20.762] INF [session] 切模式 commit 后瞬间档位：曝光=手动 / 白平衡=手动 / 快照=曝光手动·白平衡手动
[23:56:20.762] DBG [photo] Log 实况：录制链路不挂照片输出，跳过照片模板准备
[23:56:20.762] INF [device] 手动曝光档：ISO 353 快门 1/52s
[23:56:20.762] INF [session] 切模式：手动曝光已按快照重放（ISO 353）
[23:56:20.762] INF [device] 手动白平衡档：7020K（色调跟随当前值 -8）
[23:56:20.762] INF [session] 切模式：手动白平衡已按快照重放（7020K）
[23:56:20.763] INF [session] 切模式后档位复查（Log 实况）：曝光=手动 / 白平衡=手动 / 对焦意图=手动 / EV=+0.0
[23:56:20.763] INF [session] 切模式耗时 0.36s（Log 实况；含 outputs 重配与参数重放）
[23:56:21.117] INF [session] 切模式 commit 后瞬间档位：曝光=手动 / 白平衡=手动 / 快照=曝光手动·白平衡手动
[23:56:21.117] DBG [photo] Log 实况：录制链路不挂照片输出，跳过照片模板准备
[23:56:21.117] INF [device] 手动曝光档：ISO 266 快门 1/41s
[23:56:21.117] INF [session] 切模式：手动曝光已按快照重放（ISO 266）
[23:56:21.118] INF [device] 手动白平衡档：7026K（色调跟随当前值 -8）
[23:56:21.118] INF [session] 切模式：手动白平衡已按快照重放（7026K）
[23:56:21.119] INF [session] 切模式后档位复查（Log 实况）：曝光=手动 / 白平衡=手动 / 对焦意图=手动 / EV=+0.0
[23:56:21.119] INF [session] 切模式耗时 0.36s（Log 实况；含 outputs 重配与参数重放）
[23:56:21.119] INF [resource] 模式 Log 实况 · input 活 2（累计增/删 23/21） · output 活 1（累计增/删 251/250） · 内存 33.8MB
[23:56:21.474] INF [session] 切模式 commit 后瞬间档位：曝光=手动 / 白平衡=手动 / 快照=曝光手动·白平衡手动
[23:56:21.474] DBG [photo] 视频：录制链路不挂照片输出，跳过照片模板准备
[23:56:21.474] INF [device] 手动曝光档：ISO 195 快门 1/41s
[23:56:21.474] INF [session] 切模式：手动曝光已按快照重放（ISO 195）
[23:56:21.474] INF [device] 手动白平衡档：7026K（色调跟随当前值 -8）
[23:56:21.475] INF [session] 切模式：手动白平衡已按快照重放（7026K）
[23:56:21.476] INF [session] 切模式后档位复查（视频）：曝光=手动 / 白平衡=手动 / 对焦意图=手动 / EV=+0.0
[23:56:21.476] INF [session] 切模式耗时 0.36s（视频；含 outputs 重配与参数重放）
[23:56:21.821] INF [session] 切模式 commit 后瞬间档位：曝光=手动 / 白平衡=手动 / 快照=曝光手动·白平衡手动
[23:56:21.821] DBG [photo] 视频：录制链路不挂照片输出，跳过照片模板准备
[23:56:21.822] INF [device] 手动曝光档：ISO 196 快门 1/41s
[23:56:21.822] INF [session] 切模式：手动曝光已按快照重放（ISO 196）
[23:56:21.822] INF [device] 手动白平衡档：7020K（色调跟随当前值 -8）
[23:56:21.822] INF [session] 切模式：手动白平衡已按快照重放（7020K）
[23:56:21.823] INF [session] 切模式后档位复查（视频）：曝光=手动 / 白平衡=手动 / 对焦意图=手动 / EV=+0.0
[23:56:21.823] INF [session] 切模式耗时 0.35s（视频；含 outputs 重配与参数重放）
[23:56:22.187] INF [session] 切模式 commit 后瞬间档位：曝光=手动 / 白平衡=手动 / 快照=曝光手动·白平衡手动
[23:56:22.187] DBG [photo] 视频：录制链路不挂照片输出，跳过照片模板准备
[23:56:22.187] INF [device] 手动曝光档：ISO 197 快门 1/41s
[23:56:22.187] INF [session] 切模式：手动曝光已按快照重放（ISO 197）
[23:56:22.188] INF [device] 手动白平衡档：7020K（色调跟随当前值 -8）
[23:56:22.188] INF [session] 切模式：手动白平衡已按快照重放（7020K）
[23:56:22.189] INF [session] 切模式后档位复查（视频）：曝光=手动 / 白平衡=手动 / 对焦意图=手动 / EV=+0.0
[23:56:22.189] INF [session] 切模式耗时 0.37s（视频；含 outputs 重配与参数重放）
[23:56:22.536] INF [session] 切模式 commit 后瞬间档位：曝光=手动 / 白平衡=手动 / 快照=曝光手动·白平衡手动
[23:56:22.536] DBG [photo] 视频：录制链路不挂照片输出，跳过照片模板准备
[23:56:22.536] INF [device] 手动曝光档：ISO 198 快门 1/41s
[23:56:22.536] INF [session] 切模式：手动曝光已按快照重放（ISO 198）
[23:56:22.536] INF [device] 手动白平衡档：7016K（色调跟随当前值 -7）
[23:56:22.536] INF [session] 切模式：手动白平衡已按快照重放（7016K）
[23:56:22.537] INF [session] 切模式后档位复查（视频）：曝光=手动 / 白平衡=手动 / 对焦意图=手动 / EV=+0.0
[23:56:22.537] INF [session] 切模式耗时 0.35s（视频；含 outputs 重配与参数重放）
[23:56:22.913] INF [session] 切模式 commit 后瞬间档位：曝光=手动 / 白平衡=手动 / 快照=曝光手动·白平衡手动
[23:56:22.913] DBG [photo] 视频：录制链路不挂照片输出，跳过照片模板准备
[23:56:22.914] INF [device] 手动曝光档：ISO 197 快门 1/41s
[23:56:22.914] INF [session] 切模式：手动曝光已按快照重放（ISO 197）
[23:56:22.914] INF [device] 手动白平衡档：7016K（色调跟随当前值 -7）
[23:56:22.914] INF [session] 切模式：手动白平衡已按快照重放（7016K）
[23:56:22.915] INF [session] 切模式后档位复查（视频）：曝光=手动 / 白平衡=手动 / 对焦意图=手动 / EV=+0.0
[23:56:22.915] INF [session] 切模式耗时 0.38s（视频；含 outputs 重配与参数重放）
[23:56:23.303] INF [session] 切模式 commit 后瞬间档位：曝光=手动 / 白平衡=手动 / 快照=曝光手动·白平衡手动
[23:56:23.304] DBG [photo] 视频：录制链路不挂照片输出，跳过照片模板准备
[23:56:23.304] INF [device] 手动曝光档：ISO 196 快门 1/41s
[23:56:23.304] INF [session] 切模式：手动曝光已按快照重放（ISO 196）
[23:56:23.304] INF [device] 手动白平衡档：7016K（色调跟随当前值 -7）
[23:56:23.304] INF [session] 切模式：手动白平衡已按快照重放（7016K）
[23:56:23.305] INF [session] 切模式后档位复查（视频）：曝光=手动 / 白平衡=手动 / 对焦意图=手动 / EV=+0.0
[23:56:23.305] INF [session] 切模式耗时 0.39s（视频；含 outputs 重配与参数重放）
[23:56:23.643] INF [session] 切模式 commit 后瞬间档位：曝光=手动 / 白平衡=手动 / 快照=曝光手动·白平衡手动
[23:56:23.643] DBG [photo] Log 实况：录制链路不挂照片输出，跳过照片模板准备
[23:56:23.644] INF [device] 手动曝光档：ISO 195 快门 1/41s
[23:56:23.644] INF [session] 切模式：手动曝光已按快照重放（ISO 195）
[23:56:23.644] INF [device] 手动白平衡档：7016K（色调跟随当前值 -7）
[23:56:23.644] INF [session] 切模式：手动白平衡已按快照重放（7016K）
[23:56:23.645] INF [session] 切模式后档位复查（Log 实况）：曝光=手动 / 白平衡=手动 / 对焦意图=手动 / EV=+0.0
[23:56:23.645] INF [session] 切模式耗时 0.34s（Log 实况；含 outputs 重配与参数重放）
[23:56:24.007] INF [session] 切模式 commit 后瞬间档位：曝光=手动 / 白平衡=手动 / 快照=曝光手动·白平衡手动
[23:56:24.007] DBG [photo] Log 实况：录制链路不挂照片输出，跳过照片模板准备
[23:56:24.007] INF [device] 手动曝光档：ISO 198 快门 1/41s
[23:56:24.007] INF [session] 切模式：手动曝光已按快照重放（ISO 198）
[23:56:24.008] INF [device] 手动白平衡档：7012K（色调跟随当前值 -6）
[23:56:24.008] INF [session] 切模式：手动白平衡已按快照重放（7012K）
[23:56:24.009] INF [session] 切模式后档位复查（Log 实况）：曝光=手动 / 白平衡=手动 / 对焦意图=手动 / EV=+0.0
[23:56:24.009] INF [session] 切模式耗时 0.36s（Log 实况；含 outputs 重配与参数重放）
[23:56:24.009] INF [resource] 模式 Log 实况 · input 活 2（累计增/删 23/21） · output 活 1（累计增/删 259/258） · 内存 34.0MB
[23:56:24.364] INF [session] 切模式 commit 后瞬间档位：曝光=手动 / 白平衡=手动 / 快照=曝光手动·白平衡手动
[23:56:24.364] DBG [photo] Log 实况：录制链路不挂照片输出，跳过照片模板准备
[23:56:24.365] INF [device] 手动曝光档：ISO 198 快门 1/41s
[23:56:24.365] INF [session] 切模式：手动曝光已按快照重放（ISO 198）
[23:56:24.365] INF [device] 手动白平衡档：7012K（色调跟随当前值 -6）
[23:56:24.365] INF [session] 切模式：手动白平衡已按快照重放（7012K）
[23:56:24.365] INF [session] 切模式后档位复查（Log 实况）：曝光=手动 / 白平衡=手动 / 对焦意图=手动 / EV=+0.0
[23:56:24.365] INF [session] 切模式耗时 0.36s（Log 实况；含 outputs 重配与参数重放）
[23:56:24.727] INF [session] 切模式 commit 后瞬间档位：曝光=手动 / 白平衡=手动 / 快照=曝光手动·白平衡手动
[23:56:24.727] DBG [photo] 视频：录制链路不挂照片输出，跳过照片模板准备
[23:56:24.727] INF [device] 手动曝光档：ISO 197 快门 1/41s
[23:56:24.727] INF [session] 切模式：手动曝光已按快照重放（ISO 197）
[23:56:24.728] INF [device] 手动白平衡档：7012K（色调跟随当前值 -6）
[23:56:24.728] INF [session] 切模式：手动白平衡已按快照重放（7012K）
[23:56:24.729] INF [session] 切模式后档位复查（视频）：曝光=手动 / 白平衡=手动 / 对焦意图=手动 / EV=+0.0
[23:56:24.729] INF [session] 切模式耗时 0.36s（视频；含 outputs 重配与参数重放）
[23:56:25.087] INF [session] 切模式 commit 后瞬间档位：曝光=手动 / 白平衡=手动 / 快照=曝光手动·白平衡手动
[23:56:25.087] DBG [photo] 视频：录制链路不挂照片输出，跳过照片模板准备
[23:56:25.087] INF [device] 手动曝光档：ISO 200 快门 1/41s
[23:56:25.087] INF [session] 切模式：手动曝光已按快照重放（ISO 200）
[23:56:25.087] INF [device] 手动白平衡档：7012K（色调跟随当前值 -6）
[23:56:25.088] INF [session] 切模式：手动白平衡已按快照重放（7012K）
[23:56:25.089] INF [session] 切模式后档位复查（视频）：曝光=手动 / 白平衡=手动 / 对焦意图=手动 / EV=+0.0
[23:56:25.089] INF [session] 切模式耗时 0.36s（视频；含 outputs 重配与参数重放）
[23:56:25.089] INF [resource] 模式 视频 · input 活 2（累计增/删 23/21） · output 活 1（累计增/删 262/261） · 内存 34.1MB
[23:56:25.444] INF [session] 切模式 commit 后瞬间档位：曝光=手动 / 白平衡=手动 / 快照=曝光手动·白平衡手动
[23:56:25.444] DBG [photo] Log 实况：录制链路不挂照片输出，跳过照片模板准备
[23:56:25.444] INF [device] 手动曝光档：ISO 197 快门 1/41s
[23:56:25.444] INF [session] 切模式：手动曝光已按快照重放（ISO 197）
[23:56:25.445] INF [device] 手动白平衡档：7012K（色调跟随当前值 -6）
[23:56:25.445] INF [session] 切模式：手动白平衡已按快照重放（7012K）
[23:56:25.446] INF [session] 切模式后档位复查（Log 实况）：曝光=手动 / 白平衡=手动 / 对焦意图=手动 / EV=+0.0
[23:56:25.446] INF [session] 切模式耗时 0.36s（Log 实况；含 outputs 重配与参数重放）
[23:56:25.795] INF [session] 切模式 commit 后瞬间档位：曝光=手动 / 白平衡=手动 / 快照=曝光手动·白平衡手动
[23:56:25.795] DBG [photo] Log 实况：录制链路不挂照片输出，跳过照片模板准备
[23:56:25.795] INF [device] 手动曝光档：ISO 198 快门 1/41s
[23:56:25.795] INF [session] 切模式：手动曝光已按快照重放（ISO 198）
[23:56:25.795] INF [device] 手动白平衡档：7012K（色调跟随当前值 -6）
[23:56:25.795] INF [session] 切模式：手动白平衡已按快照重放（7012K）
[23:56:25.796] INF [session] 切模式后档位复查（Log 实况）：曝光=手动 / 白平衡=手动 / 对焦意图=手动 / EV=+0.0
[23:56:25.797] INF [session] 切模式耗时 0.35s（Log 实况；含 outputs 重配与参数重放）
[23:56:25.797] INF [resource] 模式 Log 实况 · input 活 2（累计增/删 23/21） · output 活 1（累计增/删 264/263） · 内存 34.5MB
[23:56:25.799] INF [session] 已移除麦克风输入
[23:56:25.875] INF [audio] 音频会话已释放
[23:56:26.302] INF [session] 切模式 commit 后瞬间档位：曝光=手动 / 白平衡=手动 / 快照=曝光手动·白平衡手动
[23:56:26.302] INF [photo] 照片编码格式：hvc1
[23:56:26.302] INF [device] 手动曝光档：ISO 200 快门 1/41s
[23:56:26.302] INF [session] 切模式：手动曝光已按快照重放（ISO 200）
[23:56:26.302] INF [device] 手动白平衡档：7012K（色调跟随当前值 -6）
[23:56:26.302] INF [session] 切模式：手动白平衡已按快照重放（7012K）
[23:56:26.303] INF [session] 切模式后档位复查（照片）：曝光=手动 / 白平衡=手动 / 对焦意图=手动 / EV=+0.0
[23:56:26.303] INF [session] 切模式耗时 0.51s（照片；含 outputs 重配与参数重放）
[23:56:26.633] INF [session] 切模式 commit 后瞬间档位：曝光=手动 / 白平衡=手动 / 快照=曝光手动·白平衡手动
[23:56:26.633] INF [photo] 照片编码格式：hvc1
[23:56:26.633] INF [device] 手动曝光档：ISO 340 快门 1/52s
[23:56:26.633] INF [session] 切模式：手动曝光已按快照重放（ISO 340）
[23:56:26.633] INF [device] 手动白平衡档：7012K（色调跟随当前值 -6）
[23:56:26.633] INF [session] 切模式：手动白平衡已按快照重放（7012K）
[23:56:26.634] INF [session] 切模式后档位复查（照片）：曝光=手动 / 白平衡=手动 / 对焦意图=手动 / EV=+0.0
[23:56:26.634] INF [session] 切模式耗时 0.33s（照片；含 outputs 重配与参数重放）
[23:56:26.635] INF [session] 已加入麦克风输入
[23:56:26.654] INF [audio] 音频会话已激活（active=true category=AVAudioSessionCategoryPlayAndRecord mode=AVAudioSessionModeVideoRecording 48000Hz ch=1）
[23:56:26.656] INF [photo] Live Photo 采集 已开启
[23:56:27.107] INF [session] 切模式 commit 后瞬间档位：曝光=手动 / 白平衡=手动 / 快照=曝光手动·白平衡手动
[23:56:27.108] INF [photo] 照片编码格式：hvc1
[23:56:27.108] INF [device] 手动曝光档：ISO 436 快门 1/52s
[23:56:27.108] INF [session] 切模式：手动曝光已按快照重放（ISO 436）
[23:56:27.108] INF [device] 手动白平衡档：7012K（色调跟随当前值 -6）
[23:56:27.108] INF [session] 切模式：手动白平衡已按快照重放（7012K）
[23:56:27.109] INF [session] 切模式后档位复查（实况）：曝光=手动 / 白平衡=手动 / 对焦意图=手动 / EV=+0.0
[23:56:27.109] INF [session] 切模式耗时 0.47s（实况；含 outputs 重配与参数重放）
[23:56:27.478] INF [session] 切模式 commit 后瞬间档位：曝光=手动 / 白平衡=手动 / 快照=曝光手动·白平衡手动
[23:56:27.479] DBG [photo] Log 实况：录制链路不挂照片输出，跳过照片模板准备
[23:56:27.479] INF [device] 手动曝光档：ISO 361 快门 1/52s
[23:56:27.479] INF [session] 切模式：手动曝光已按快照重放（ISO 361）
[23:56:27.479] INF [device] 手动白平衡档：7012K（色调跟随当前值 -6）
[23:56:27.479] INF [session] 切模式：手动白平衡已按快照重放（7012K）
[23:56:27.480] INF [session] 切模式后档位复查（Log 实况）：曝光=手动 / 白平衡=手动 / 对焦意图=手动 / EV=+0.0
[23:56:27.480] INF [session] 切模式耗时 0.37s（Log 实况；含 outputs 重配与参数重放）
[23:56:27.480] INF [resource] 模式 Log 实况 · input 活 2（累计增/删 24/22） · output 活 1（累计增/删 268/267） · 内存 33.9MB
[23:56:27.824] INF [session] 切模式 commit 后瞬间档位：曝光=手动 / 白平衡=手动 / 快照=曝光手动·白平衡手动
[23:56:27.824] DBG [photo] Log 实况：录制链路不挂照片输出，跳过照片模板准备
[23:56:27.824] INF [device] 手动曝光档：ISO 204 快门 1/41s
[23:56:27.824] INF [session] 切模式：手动曝光已按快照重放（ISO 204）
[23:56:27.824] INF [device] 手动白平衡档：7016K（色调跟随当前值 -7）
[23:56:27.825] INF [session] 切模式：手动白平衡已按快照重放（7016K）
[23:56:27.825] INF [session] 切模式后档位复查（Log 实况）：曝光=手动 / 白平衡=手动 / 对焦意图=手动 / EV=+0.0
[23:56:27.825] INF [session] 切模式耗时 0.35s（Log 实况；含 outputs 重配与参数重放）
[23:56:28.193] INF [session] 切模式 commit 后瞬间档位：曝光=手动 / 白平衡=手动 / 快照=曝光手动·白平衡手动
[23:56:28.193] DBG [photo] Log 实况：录制链路不挂照片输出，跳过照片模板准备
[23:56:28.193] INF [device] 手动曝光档：ISO 198 快门 1/41s
[23:56:28.193] INF [session] 切模式：手动曝光已按快照重放（ISO 198）
[23:56:28.194] INF [device] 手动白平衡档：7016K（色调跟随当前值 -7）
[23:56:28.194] INF [session] 切模式：手动白平衡已按快照重放（7016K）
[23:56:28.195] INF [session] 切模式后档位复查（Log 实况）：曝光=手动 / 白平衡=手动 / 对焦意图=手动 / EV=+0.0
[23:56:28.195] INF [session] 切模式耗时 0.37s（Log 实况；含 outputs 重配与参数重放）
[23:56:28.538] INF [session] 切模式 commit 后瞬间档位：曝光=手动 / 白平衡=手动 / 快照=曝光手动·白平衡手动
[23:56:28.538] DBG [photo] Log 实况：录制链路不挂照片输出，跳过照片模板准备
[23:56:28.539] INF [device] 手动曝光档：ISO 196 快门 1/41s
[23:56:28.539] INF [session] 切模式：手动曝光已按快照重放（ISO 196）
[23:56:28.539] INF [device] 手动白平衡档：7016K（色调跟随当前值 -7）
[23:56:28.539] INF [session] 切模式：手动白平衡已按快照重放（7016K）
[23:56:28.540] INF [session] 切模式后档位复查（Log 实况）：曝光=手动 / 白平衡=手动 / 对焦意图=手动 / EV=+0.0
[23:56:28.540] INF [session] 切模式耗时 0.34s（Log 实况；含 outputs 重配与参数重放）
[23:56:28.544] INF [photo] Live Photo 采集 已开启
[23:56:29.066] INF [session] 切模式 commit 后瞬间档位：曝光=手动 / 白平衡=手动 / 快照=曝光手动·白平衡手动
[23:56:29.067] INF [photo] 照片编码格式：hvc1
[23:56:29.067] INF [device] 手动曝光档：ISO 197 快门 1/41s
[23:56:29.067] INF [session] 切模式：手动曝光已按快照重放（ISO 197）
[23:56:29.067] INF [device] 手动白平衡档：7016K（色调跟随当前值 -7）
[23:56:29.067] INF [session] 切模式：手动白平衡已按快照重放（7016K）
[23:56:29.068] INF [session] 切模式后档位复查（实况）：曝光=手动 / 白平衡=手动 / 对焦意图=手动 / EV=+0.0
[23:56:29.068] INF [session] 切模式耗时 0.53s（实况；含 outputs 重配与参数重放）
[23:56:29.072] INF [photo] Live Photo 采集 已开启
[23:56:29.397] INF [session] 切模式 commit 后瞬间档位：曝光=手动 / 白平衡=手动 / 快照=曝光手动·白平衡手动
[23:56:29.397] INF [photo] 照片编码格式：hvc1
[23:56:29.398] INF [device] 手动曝光档：ISO 251 快门 1/52s
[23:56:29.398] INF [session] 切模式：手动曝光已按快照重放（ISO 251）
[23:56:29.398] INF [device] 手动白平衡档：7012K（色调跟随当前值 -6）
[23:56:29.398] INF [session] 切模式：手动白平衡已按快照重放（7012K）
[23:56:29.398] INF [session] 切模式后档位复查（实况）：曝光=手动 / 白平衡=手动 / 对焦意图=手动 / EV=+0.0
[23:56:29.398] INF [session] 切模式耗时 0.33s（实况；含 outputs 重配与参数重放）
[23:56:29.398] INF [resource] 模式 实况 · input 活 2（累计增/删 24/22） · output 活 1（累计增/删 273/272） · 内存 34.3MB
[23:56:29.400] INF [photo] Live Photo 采集 已开启
[23:56:29.730] INF [session] 切模式 commit 后瞬间档位：曝光=手动 / 白平衡=手动 / 快照=曝光手动·白平衡手动
[23:56:29.730] INF [photo] 照片编码格式：hvc1
[23:56:29.730] INF [device] 手动曝光档：ISO 424 快门 1/52s
[23:56:29.730] INF [session] 切模式：手动曝光已按快照重放（ISO 424）
[23:56:29.730] INF [device] 手动白平衡档：7012K（色调跟随当前值 -6）
[23:56:29.730] INF [session] 切模式：手动白平衡已按快照重放（7012K）
[23:56:29.731] INF [session] 切模式后档位复查（实况）：曝光=手动 / 白平衡=手动 / 对焦意图=手动 / EV=+0.0
[23:56:29.731] INF [session] 切模式耗时 0.33s（实况；含 outputs 重配与参数重放）
[23:56:29.732] INF [photo] Live Photo 采集 已开启
[23:56:30.029] INF [session] 切模式 commit 后瞬间档位：曝光=手动 / 白平衡=手动 / 快照=曝光手动·白平衡手动
[23:56:30.030] INF [photo] 照片编码格式：hvc1
[23:56:30.030] INF [device] 手动曝光档：ISO 438 快门 1/52s
[23:56:30.030] INF [session] 切模式：手动曝光已按快照重放（ISO 438）
[23:56:30.030] INF [device] 手动白平衡档：7016K（色调跟随当前值 -7）
[23:56:30.030] INF [session] 切模式：手动白平衡已按快照重放（7016K）
[23:56:30.031] INF [session] 切模式后档位复查（实况）：曝光=手动 / 白平衡=手动 / 对焦意图=手动 / EV=+0.0
[23:56:30.031] INF [session] 切模式耗时 0.30s（实况；含 outputs 重配与参数重放）
[23:56:30.032] INF [photo] Live Photo 采集 已开启
[23:56:30.329] INF [session] 切模式 commit 后瞬间档位：曝光=手动 / 白平衡=手动 / 快照=曝光手动·白平衡手动
[23:56:30.329] INF [photo] 照片编码格式：hvc1
[23:56:30.329] INF [device] 手动曝光档：ISO 447 快门 1/52s
[23:56:30.329] INF [session] 切模式：手动曝光已按快照重放（ISO 447）
[23:56:30.329] INF [device] 手动白平衡档：7020K（色调跟随当前值 -8）
[23:56:30.329] INF [session] 切模式：手动白平衡已按快照重放（7020K）
[23:56:30.330] INF [session] 切模式后档位复查（实况）：曝光=手动 / 白平衡=手动 / 对焦意图=手动 / EV=+0.0
[23:56:30.330] INF [session] 切模式耗时 0.30s（实况；含 outputs 重配与参数重放）
[23:56:30.653] INF [session] 切模式 commit 后瞬间档位：曝光=手动 / 白平衡=手动 / 快照=曝光手动·白平衡手动
[23:56:30.654] DBG [photo] Log 实况：录制链路不挂照片输出，跳过照片模板准备
[23:56:30.654] INF [device] 手动曝光档：ISO 455 快门 1/52s
[23:56:30.654] INF [session] 切模式：手动曝光已按快照重放（ISO 455）
[23:56:30.654] INF [device] 手动白平衡档：7026K（色调跟随当前值 -8）
[23:56:30.654] INF [session] 切模式：手动白平衡已按快照重放（7026K）
[23:56:30.655] INF [session] 切模式后档位复查（Log 实况）：曝光=手动 / 白平衡=手动 / 对焦意图=手动 / EV=+0.0
[23:56:30.655] INF [session] 切模式耗时 0.32s（Log 实况；含 outputs 重配与参数重放）
[23:56:31.013] INF [session] 切模式 commit 后瞬间档位：曝光=手动 / 白平衡=手动 / 快照=曝光手动·白平衡手动
[23:56:31.013] DBG [photo] Log 实况：录制链路不挂照片输出，跳过照片模板准备
[23:56:31.014] INF [device] 手动曝光档：ISO 207 快门 1/41s
[23:56:31.014] INF [session] 切模式：手动曝光已按快照重放（ISO 207）
[23:56:31.014] INF [device] 手动白平衡档：7026K（色调跟随当前值 -8）
[23:56:31.014] INF [session] 切模式：手动白平衡已按快照重放（7026K）
[23:56:31.015] INF [session] 切模式后档位复查（Log 实况）：曝光=手动 / 白平衡=手动 / 对焦意图=手动 / EV=+0.0
[23:56:31.015] INF [session] 切模式耗时 0.36s（Log 实况；含 outputs 重配与参数重放）
[23:56:31.391] INF [session] 切模式 commit 后瞬间档位：曝光=手动 / 白平衡=手动 / 快照=曝光手动·白平衡手动
[23:56:31.392] DBG [photo] 视频：录制链路不挂照片输出，跳过照片模板准备
[23:56:31.392] INF [device] 手动曝光档：ISO 193 快门 1/41s
[23:56:31.392] INF [session] 切模式：手动曝光已按快照重放（ISO 193）
[23:56:31.392] INF [device] 手动白平衡档：7026K（色调跟随当前值 -8）
[23:56:31.392] INF [session] 切模式：手动白平衡已按快照重放（7026K）
[23:56:31.393] INF [session] 切模式后档位复查（视频）：曝光=手动 / 白平衡=手动 / 对焦意图=手动 / EV=+0.0
[23:56:31.393] INF [session] 切模式耗时 0.38s（视频；含 outputs 重配与参数重放）
[23:56:31.744] INF [session] 切模式 commit 后瞬间档位：曝光=手动 / 白平衡=手动 / 快照=曝光手动·白平衡手动
[23:56:31.744] DBG [photo] 视频：录制链路不挂照片输出，跳过照片模板准备
[23:56:31.744] INF [device] 手动曝光档：ISO 192 快门 1/41s
[23:56:31.744] INF [session] 切模式：手动曝光已按快照重放（ISO 192）
[23:56:31.745] INF [device] 手动白平衡档：7020K（色调跟随当前值 -8）
[23:56:31.745] INF [session] 切模式：手动白平衡已按快照重放（7020K）
[23:56:31.746] INF [session] 切模式后档位复查（视频）：曝光=手动 / 白平衡=手动 / 对焦意图=手动 / EV=+0.0
[23:56:31.746] INF [session] 切模式耗时 0.35s（视频；含 outputs 重配与参数重放）
[23:56:32.099] INF [session] 切模式 commit 后瞬间档位：曝光=手动 / 白平衡=手动 / 快照=曝光手动·白平衡手动
[23:56:32.099] DBG [photo] 视频：录制链路不挂照片输出，跳过照片模板准备
[23:56:32.100] INF [device] 手动曝光档：ISO 196 快门 1/41s
[23:56:32.100] INF [session] 切模式：手动曝光已按快照重放（ISO 196）
[23:56:32.100] INF [device] 手动白平衡档：7020K（色调跟随当前值 -8）
[23:56:32.100] INF [session] 切模式：手动白平衡已按快照重放（7020K）
[23:56:32.101] INF [session] 切模式后档位复查（视频）：曝光=手动 / 白平衡=手动 / 对焦意图=手动 / EV=+0.0
[23:56:32.101] INF [session] 切模式耗时 0.36s（视频；含 outputs 重配与参数重放）
[23:56:32.451] INF [session] 切模式 commit 后瞬间档位：曝光=手动 / 白平衡=手动 / 快照=曝光手动·白平衡手动
[23:56:32.451] DBG [photo] Log 实况：录制链路不挂照片输出，跳过照片模板准备
[23:56:32.452] INF [device] 手动曝光档：ISO 196 快门 1/41s
[23:56:32.452] INF [session] 切模式：手动曝光已按快照重放（ISO 196）
[23:56:32.452] INF [device] 手动白平衡档：7016K（色调跟随当前值 -7）
[23:56:32.452] INF [session] 切模式：手动白平衡已按快照重放（7016K）
[23:56:32.453] INF [session] 切模式后档位复查（Log 实况）：曝光=手动 / 白平衡=手动 / 对焦意图=手动 / EV=+0.0
[23:56:32.453] INF [session] 切模式耗时 0.35s（Log 实况；含 outputs 重配与参数重放）
[23:56:32.453] INF [resource] 模式 Log 实况 · input 活 2（累计增/删 24/22） · output 活 1（累计增/删 282/281） · 内存 34.1MB
[23:56:32.534] DBG [device] 对焦点 → (0.00, 0.51)
[23:56:32.534] INF [device] 手动曝光档：ISO 197 快门 1/41s
[23:56:32.534] INF [session] 点按对焦后按意图重放手动曝光（ISO 197 / 1/41s）
[23:56:32.534] INF [device] 手动白平衡档：7016K（色调跟随当前值 -7）
[23:56:32.534] INF [session] 点按对焦后按意图重放手动白平衡（7016K）
[23:56:32.535] INF [session] 点按对焦后档位：曝光=手动 / 白平衡=手动 / 意图=曝光手动·白平衡手动
[23:56:32.537] INF [photo] Live Photo 采集 已开启
[23:56:32.961] INF [session] 切模式 commit 后瞬间档位：曝光=手动 / 白平衡=手动 / 快照=曝光手动·白平衡手动
[23:56:32.961] INF [photo] 照片编码格式：hvc1
[23:56:32.961] INF [device] 手动曝光档：ISO 197 快门 1/41s
[23:56:32.962] INF [session] 切模式：手动曝光已按快照重放（ISO 197）
[23:56:32.962] INF [device] 手动白平衡档：7016K（色调跟随当前值 -7）
[23:56:32.962] INF [session] 切模式：手动白平衡已按快照重放（7016K）
[23:56:32.963] INF [session] 切模式后档位复查（实况）：曝光=手动 / 白平衡=手动 / 对焦意图=自动 / EV=+0.0
[23:56:32.963] INF [session] 切模式耗时 0.43s（实况；含 outputs 重配与参数重放）
[23:56:32.967] INF [photo] Live Photo 采集 已开启
[23:56:33.325] INF [session] 切模式 commit 后瞬间档位：曝光=手动 / 白平衡=手动 / 快照=曝光手动·白平衡手动
[23:56:33.325] INF [photo] 照片编码格式：hvc1
[23:56:33.325] INF [device] 手动曝光档：ISO 259 快门 1/52s
[23:56:33.325] INF [session] 切模式：手动曝光已按快照重放（ISO 259）
[23:56:33.325] INF [device] 手动白平衡档：7012K（色调跟随当前值 -6）
[23:56:33.325] INF [session] 切模式：手动白平衡已按快照重放（7012K）
[23:56:33.325] INF [session] 切模式后档位复查（实况）：曝光=手动 / 白平衡=手动 / 对焦意图=自动 / EV=+0.0
[23:56:33.326] INF [session] 切模式耗时 0.36s（实况；含 outputs 重配与参数重放）
[23:56:33.327] INF [photo] Live Photo 采集 已开启
[23:56:33.658] INF [session] 切模式 commit 后瞬间档位：曝光=手动 / 白平衡=手动 / 快照=曝光手动·白平衡手动
[23:56:33.658] INF [photo] 照片编码格式：hvc1
[23:56:33.658] INF [device] 手动曝光档：ISO 433 快门 1/52s
[23:56:33.658] INF [session] 切模式：手动曝光已按快照重放（ISO 433）
[23:56:33.659] INF [device] 手动白平衡档：7012K（色调跟随当前值 -6）
[23:56:33.659] INF [session] 切模式：手动白平衡已按快照重放（7012K）
[23:56:33.659] INF [session] 切模式后档位复查（实况）：曝光=手动 / 白平衡=手动 / 对焦意图=自动 / EV=+0.0
[23:56:33.659] INF [session] 切模式耗时 0.33s（实况；含 outputs 重配与参数重放）
[23:56:33.659] INF [resource] 模式 实况 · input 活 2（累计增/删 24/22） · output 活 1（累计增/删 285/284） · 内存 34.5MB
[23:56:33.659] INF [resource] 模式 实况 · input 活 2（累计增/删 24/22） · output 活 1（累计增/删 285/284） · 内存 34.5MB
[23:56:33.659] INF [resource] 模式 实况 · input 活 2（累计增/删 24/22） · output 活 1（累计增/删 285/284） · 内存 34.5MB
[23:56:33.659] INF [resource] 模式 实况 · input 活 2（累计增/删 24/22） · output 活 1（累计增/删 285/284） · 内存 34.5MB
[23:56:33.659] INF [resource] 模式 实况 · input 活 2（累计增/删 24/22） · output 活 1（累计增/删 285/284） · 内存 34.5MB
[23:56:33.660] INF [resource] 模式 实况 · input 活 2（累计增/删 24/22） · output 活 1（累计增/删 285/284） · 内存 34.5MB
[23:56:33.660] INF [resource] 模式 实况 · input 活 2（累计增/删 24/22） · output 活 1（累计增/删 285/284） · 内存 34.5MB
[23:56:33.660] INF [resource] 模式 实况 · input 活 2（累计增/删 24/22） · output 活 1（累计增/删 285/284） · 内存 34.5MB
[23:56:33.660] INF [resource] 模式 实况 · input 活 2（累计增/删 24/22） · output 活 1（累计增/删 285/284） · 内存 34.5MB
[23:56:33.660] INF [resource] 模式 实况 · input 活 2（累计增/删 24/22） · output 活 1（累计增/删 285/284） · 内存 34.5MB
[23:56:33.660] INF [resource] 模式 实况 · input 活 2（累计增/删 24/22） · output 活 1（累计增/删 285/284） · 内存 34.5MB
[23:56:33.660] INF [resource] 模式 实况 · input 活 2（累计增/删 24/22） · output 活 1（累计增/删 285/284） · 内存 34.5MB
[23:56:33.660] INF [resource] 模式 实况 · input 活 2（累计增/删 24/22） · output 活 1（累计增/删 285/284） · 内存 34.5MB
[23:56:33.661] INF [resource] 模式 实况 · input 活 2（累计增/删 24/22） · output 活 1（累计增/删 285/284） · 内存 34.5MB
[23:56:33.661] INF [resource] 模式 实况 · input 活 2（累计增/删 24/22） · output 活 1（累计增/删 285/284） · 内存 34.5MB
[23:56:33.661] INF [resource] 模式 实况 · input 活 2（累计增/删 24/22） · output 活 1（累计增/删 285/284） · 内存 34.5MB
[23:56:33.661] INF [resource] 模式 实况 · input 活 2（累计增/删 24/22） · output 活 1（累计增/删 285/284） · 内存 34.6MB
[23:56:33.661] INF [resource] 模式 实况 · input 活 2（累计增/删 24/22） · output 活 1（累计增/删 285/284） · 内存 34.6MB
[23:56:33.662] INF [resource] 模式 实况 · input 活 2（累计增/删 24/22） · output 活 1（累计增/删 285/284） · 内存 34.6MB
[23:56:33.662] INF [resource] 模式 实况 · input 活 2（累计增/删 24/22） · output 活 1（累计增/删 285/284） · 内存 34.6MB
[23:56:33.662] INF [resource] 模式 实况 · input 活 2（累计增/删 24/22） · output 活 1（累计增/删 285/284） · 内存 34.6MB
[23:56:33.662] INF [resource] 模式 实况 · input 活 2（累计增/删 24/22） · output 活 1（累计增/删 285/284） · 内存 34.6MB
[23:56:33.662] INF [resource] 模式 实况 · input 活 2（累计增/删 24/22） · output 活 1（累计增/删 285/284） · 内存 34.7MB
[23:56:33.663] INF [resource] 模式 实况 · input 活 2（累计增/删 24/22） · output 活 1（累计增/删 285/284） · 内存 34.7MB
[23:56:33.663] INF [resource] 模式 实况 · input 活 2（累计增/删 24/22） · output 活 1（累计增/删 285/284） · 内存 34.8MB
[23:56:33.663] INF [resource] 模式 实况 · input 活 2（累计增/删 24/22） · output 活 1（累计增/删 285/284） · 内存 34.8MB
[23:56:33.663] INF [resource] 模式 实况 · input 活 2（累计增/删 24/22） · output 活 1（累计增/删 285/284） · 内存 34.8MB
[23:56:36.281] INF [resource] 模式 实况 · input 活 2（累计增/删 24/22） · output 活 1（累计增/删 285/284） · 内存 33.7MB
[23:56:39.910] INF [session] 切换模式 实况 → 照片
[23:56:39.912] INF [session] 已移除麦克风输入
[23:56:40.046] INF [audio] 音频会话已释放
[23:56:40.497] INF [session] 切模式 commit 后瞬间档位：曝光=手动 / 白平衡=手动 / 快照=曝光手动·白平衡手动
[23:56:40.497] INF [photo] 照片编码格式：hvc1
[23:56:40.497] INF [device] 手动曝光档：ISO 434 快门 1/52s
[23:56:40.498] INF [session] 切模式：手动曝光已按快照重放（ISO 434）
[23:56:40.498] INF [device] 手动白平衡档：7012K（色调跟随当前值 -6）
[23:56:40.498] INF [session] 切模式：手动白平衡已按快照重放（7012K）
[23:56:40.499] INF [session] 切模式后档位复查（照片）：曝光=手动 / 白平衡=手动 / 对焦意图=自动 / EV=+0.0
[23:56:40.499] INF [session] 切模式耗时 0.59s（照片；含 outputs 重配与参数重放）
[23:56:40.520] INF [resource] 模式 照片 · input 活 1（累计增/删 24/23） · output 活 1（累计增/删 286/285） · 内存 32.7MB
[23:56:41.460] INF [session] 切换模式 照片 → 实况
[23:56:41.463] INF [session] 已加入麦克风输入
[23:56:41.547] INF [audio] 音频会话已激活（active=true category=AVAudioSessionCategoryPlayAndRecord mode=AVAudioSessionModeVideoRecording 48000Hz ch=1）
[23:56:41.550] INF [photo] Live Photo 采集 已开启
[23:56:41.973] INF [session] 切模式 commit 后瞬间档位：曝光=手动 / 白平衡=手动 / 快照=曝光手动·白平衡手动
[23:56:41.973] INF [photo] 照片编码格式：hvc1
[23:56:41.973] INF [device] 手动曝光档：ISO 434 快门 1/52s
[23:56:41.973] INF [session] 切模式：手动曝光已按快照重放（ISO 434）
[23:56:41.974] INF [device] 手动白平衡档：7011K（色调跟随当前值 -7）
[23:56:41.974] INF [session] 切模式：手动白平衡已按快照重放（7011K）
[23:56:41.974] INF [session] 切模式后档位复查（实况）：曝光=手动 / 白平衡=手动 / 对焦意图=自动 / EV=+0.0
[23:56:41.974] INF [session] 切模式耗时 0.51s（实况；含 outputs 重配与参数重放）
[23:56:42.809] INF [session] 切换模式 实况 → 照片
[23:56:42.812] INF [session] 已移除麦克风输入
[23:56:42.947] INF [audio] 音频会话已释放
[23:56:43.397] INF [session] 切模式 commit 后瞬间档位：曝光=手动 / 白平衡=手动 / 快照=曝光手动·白平衡手动
[23:56:43.397] INF [photo] 照片编码格式：hvc1
[23:56:43.397] INF [device] 手动曝光档：ISO 434 快门 1/52s
[23:56:43.397] INF [session] 切模式：手动曝光已按快照重放（ISO 434）
[23:56:43.397] INF [device] 手动白平衡档：7011K（色调跟随当前值 -7）
[23:56:43.398] INF [session] 切模式：手动白平衡已按快照重放（7011K）
[23:56:43.398] INF [session] 切模式后档位复查（照片）：曝光=手动 / 白平衡=手动 / 对焦意图=自动 / EV=+0.0
[23:56:43.399] INF [session] 切模式耗时 0.59s（照片；含 outputs 重配与参数重放）
[23:56:43.425] INF [resource] 模式 照片 · input 活 1（累计增/删 25/24） · output 活 1（累计增/删 288/287） · 内存 32.4MB
[23:56:44.846] INF [session] 换设备开始（模糊淡入中）→ 物理单摄（13 mm）
[23:56:45.947] INF [device] 格式已应用 Back Ultra Wide Camera 4032x3024 1-30fps 4:3 photoMax=4032x3024/8064x6048 fps=30
[23:56:45.947] INF [session] 冷探测：候选 35 个，applyFormat 1 次，耗时 0.45s（Live 优先序）
[23:56:45.949] INF [session] 选用采集格式 4032x3024 1-30fps 4:3 photoMax=4032x3024/8064x6048，Live Photo 能力=true（候选共 35 个 · applyFormat 1 次，已缓存并落盘）
[23:56:45.950] INF [device] 手动曝光档：ISO 434 快门 1/52s
[23:56:45.950] INF [session] 搬运：手动曝光已重放（ISO 434）
[23:56:45.950] INF [device] 手动白平衡档：7010K（色调跟随当前值 -7）
[23:56:45.950] INF [session] 搬运：手动白平衡已重放（7010K）
[23:56:45.950] INF [session] 搬运：手动曝光档激活 → 跳过 EV 重放（值保留 +0.0，回自动档生效）
[23:56:45.950] INF [session] 搬运：对焦显式降级 → 连续自动（预检 ⑤）
[23:56:45.951] INF [session] 换设备后新设备档位复查：曝光=手动 / 白平衡=手动 / 对焦=自动（显式降级） / EV=+0.0
[23:56:45.952] INF [session] 换设备完成（转场）→ 物理单摄（13 mm）；当前档位 13 mm；Live Photo 能力=true；耗时 0.96s
[23:56:46.895] INF [session] 换设备开始（模糊淡入中）→ 物理单摄（120 mm）
[23:56:48.034] INF [device] 格式已应用 Back Telephoto Camera 4032x3024 1-30fps 4:3 photoMax=4032x3024 fps=30
[23:56:48.034] INF [session] 冷探测：候选 35 个，applyFormat 1 次，耗时 0.52s（Live 优先序）
[23:56:48.035] INF [session] 选用采集格式 4032x3024 1-30fps 4:3 photoMax=4032x3024，Live Photo 能力=true（候选共 35 个 · applyFormat 1 次，已缓存并落盘）
[23:56:48.035] INF [device] 手动曝光档：ISO 433 快门 1/52s
[23:56:48.035] INF [session] 搬运：手动曝光已重放（ISO 433）
[23:56:48.035] INF [device] 手动白平衡档：7011K（色调跟随当前值 -7）
[23:56:48.035] INF [session] 搬运：手动白平衡已重放（7011K）
[23:56:48.036] INF [session] 搬运：手动曝光档激活 → 跳过 EV 重放（值保留 +0.0，回自动档生效）
[23:56:48.036] INF [session] 搬运：对焦显式降级 → 连续自动（预检 ⑤）
[23:56:48.036] INF [session] 换设备后新设备档位复查：曝光=手动 / 白平衡=手动 / 对焦=自动（显式降级） / EV=+0.0
[23:56:48.037] INF [session] 换设备完成（转场）→ 物理单摄（120 mm）；当前档位 120 mm；Live Photo 能力=true；耗时 0.99s
[23:56:48.254] INF [resource] 模式 照片 · input 活 1（累计增/删 27/26） · output 活 1（累计增/删 288/287） · 内存 32.3MB
[23:56:49.312] INF [session] 换设备开始（模糊淡入中）→ 物理单摄（35 mm）
[23:56:49.961] INF [device] 格式已应用 Back Camera 4032x3024 1-30fps 4:3 photoMax=4032x3024/8064x6048 fps=30
[23:56:49.961] INF [session] 采集格式命中**缓存**（跳过探测循环）：4032x3024 1-30fps 4:3 photoMax=4032x3024/8064x6048
[23:56:49.964] INF [device] 曝光已回到自动档
[23:56:49.964] INF [device] 白平衡已回到自动档
[23:56:49.964] WRN [session] 新设备带上一轮手动档残留（曝光=手动 / 白平衡=手动）→ 已归一到自动档，再按快照重放
[23:56:49.965] INF [device] 手动曝光档：ISO 433 快门 1/52s
[23:56:49.965] INF [session] 搬运：手动曝光已重放（ISO 433）
[23:56:49.965] INF [device] 手动白平衡档：7011K（色调跟随当前值 -7）
[23:56:49.965] INF [session] 搬运：手动白平衡已重放（7011K）
[23:56:49.965] INF [session] 搬运：手动曝光档激活 → 跳过 EV 重放（值保留 +0.0，回自动档生效）
[23:56:49.965] INF [session] 搬运：对焦显式降级 → 连续自动（预检 ⑤）
[23:56:49.965] INF [session] 换设备后新设备档位复查：曝光=手动 / 白平衡=手动 / 对焦=自动（显式降级） / EV=+0.0
[23:56:49.967] INF [session] 换设备完成（转场）→ 物理单摄（35 mm）；当前档位 35 mm；Live Photo 能力=true；耗时 0.50s
[23:56:50.846] INF [session] 换设备开始（模糊淡入中）→ 物理单摄（13 mm）
[23:56:51.549] INF [device] 格式已应用 Back Ultra Wide Camera 4032x3024 1-30fps 4:3 photoMax=4032x3024/8064x6048 fps=30
[23:56:51.550] INF [session] 采集格式命中**缓存**（跳过探测循环）：4032x3024 1-30fps 4:3 photoMax=4032x3024/8064x6048
[23:56:51.553] INF [device] 曝光已回到自动档
[23:56:51.553] INF [device] 白平衡已回到自动档
[23:56:51.553] WRN [session] 新设备带上一轮手动档残留（曝光=手动 / 白平衡=手动）→ 已归一到自动档，再按快照重放
[23:56:51.553] INF [device] 手动曝光档：ISO 434 快门 1/52s
[23:56:51.553] INF [session] 搬运：手动曝光已重放（ISO 434）
[23:56:51.554] INF [device] 手动白平衡档：7011K（色调跟随当前值 -7）
[23:56:51.554] INF [session] 搬运：手动白平衡已重放（7011K）
[23:56:51.554] INF [session] 搬运：手动曝光档激活 → 跳过 EV 重放（值保留 +0.0，回自动档生效）
[23:56:51.554] INF [session] 搬运：对焦显式降级 → 连续自动（预检 ⑤）
[23:56:51.555] INF [session] 换设备后新设备档位复查：曝光=手动 / 白平衡=手动 / 对焦=自动（显式降级） / EV=+0.0
[23:56:51.556] INF [session] 换设备完成（转场）→ 物理单摄（13 mm）；当前档位 13 mm；Live Photo 能力=true；耗时 0.56s
[23:56:52.113] DBG [ui] 刻度条展开（白平衡）
[23:56:52.113] DBG [ui] toast: 白平衡：手动 5741K（左右滑动刻度）
[23:56:52.938] DBG [ui] 刻度条收起（白平衡）
[23:56:52.938] DBG [ui] toast: 白平衡 刻度条已收起
[23:56:53.280] INF [resource] 模式 照片 · input 活 1（累计增/删 29/28） · output 活 1（累计增/删 288/287） · 内存 33.8MB
[23:56:53.596] DBG [ui] 刻度条展开（ISO）
[23:56:53.597] DBG [ui] toast: ISO：手动 390（左右滑动刻度）
[23:56:54.156] INF [device] 手动曝光档：ISO 500 快门 1/35s
[23:56:54.238] INF [device] 手动曝光档：ISO 640 快门 1/35s
[23:56:54.554] INF [device] 手动曝光档：ISO 800 快门 1/35s
[23:56:55.122] INF [device] 手动曝光档：ISO 640 快门 1/35s
[23:56:55.127] INF [resource] 模式 照片 · input 活 1（累计增/删 29/28） · output 活 1（累计增/删 288/287） · 内存 33.3MB
[23:56:55.188] INF [device] 手动曝光档：ISO 500 快门 1/35s
[23:56:55.438] DBG [ui] 刻度条 ISO 松手吸附到 500
[23:56:55.440] INF [device] 手动曝光档：ISO 500 快门 1/35s
[23:56:55.908] DBG [ui] 刻度条收起（ISO）
[23:56:55.908] DBG [ui] toast: ISO 刻度条已收起
[23:56:57.281] INF [resource] 模式 照片 · input 活 1（累计增/删 29/28） · output 活 1（累计增/删 288/287） · 内存 32.9MB
[23:56:58.732] INF [session] stopRunning()
[23:56:58.883] WRN [session] ⚠️ 直播会话被打断：后台不可用（良性 · 与设备抢占无关）（raw 1）
[23:56:58.883] INF [session] 打断原因属良性（进后台）→ 不触发探测闸门
[23:56:59.337] INF [session] startRunning()
[23:56:59.758] DBG [ui] 会话就绪 · 焦段 13mm 已对齐（变焦 1.00×）
[23:57:00.756] INF [resource] 模式 照片 · input 活 1（累计增/删 29/28） · output 活 1（累计增/删 288/287） · 内存 32.8MB
[23:57:05.785] INF [resource] 模式 照片 · input 活 1（累计增/删 29/28） · output 活 1（累计增/删 288/287） · 内存 32.7MB
[23:57:10.755] INF [resource] 模式 照片 · input 活 1（累计增/删 29/28） · output 活 1（累计增/删 288/287） · 内存 32.7MB
[23:57:15.785] INF [resource] 模式 照片 · input 活 1（累计增/删 29/28） · output 活 1（累计增/删 288/287） · 内存 32.7MB
[23:57:20.756] INF [resource] 模式 照片 · input 活 1（累计增/删 29/28） · output 活 1（累计增/删 288/287） · 内存 32.7MB
[23:57:25.784] INF [resource] 模式 照片 · input 活 1（累计增/删 29/28） · output 活 1（累计增/删 288/287） · 内存 32.7MB
[23:57:30.755] INF [resource] 模式 照片 · input 活 1（累计增/删 29/28） · output 活 1（累计增/删 288/287） · 内存 32.7MB
[23:57:35.784] INF [resource] 模式 照片 · input 活 1（累计增/删 29/28） · output 活 1（累计增/删 288/287） · 内存 32.7MB
[23:57:40.756] INF [resource] 模式 照片 · input 活 1（累计增/删 29/28） · output 活 1（累计增/删 288/287） · 内存 32.7MB
[23:57:45.785] INF [resource] 模式 照片 · input 活 1（累计增/删 29/28） · output 活 1（累计增/删 288/287） · 内存 32.7MB

============================================================
LumenEdit 日志启动 2026-09-21 23:57:47
device=iPhone17,1  system=26.6.0
============================================================
[23:57:48.060] INF [render] CIContext 初始化完成，后端=Apple A18 Pro GPU
[23:57:48.092] INF [app] AppEnvironment 初始化完成，hud=true grid=true tone=true
[23:57:48.114] INF [ui] 相机页已装配
[23:57:48.129] DBG [perm] 刷新权限 camera=已授权 mic=已授权 albumAdd=已授权 albumRead=未决定
[23:57:48.129] DBG [thumb] 无相册读取权限，跳过最新照片缩略图
[23:57:48.129] DBG [perm] 刷新权限 camera=已授权 mic=已授权 albumAdd=已授权 albumRead=未决定
[23:57:48.134] INF [device] 格式已应用 Back Triple Camera 4032x3024 1-30fps 4:3 photoMax=4032x3024/5712x4284 fps=30
[23:57:48.134] INF [session] 冷探测：候选 31 个，applyFormat 1 次，耗时 0.00s（Live 优先序）
[23:57:48.134] INF [session] 选用采集格式 4032x3024 1-30fps 4:3 photoMax=4032x3024/5712x4284，Live Photo 能力=true（候选共 31 个 · applyFormat 1 次，已缓存并落盘）
[23:57:48.135] INF [photo] 照片编码格式：hvc1
[23:57:48.135] INF [session] 变焦拓扑：deviceType=AVCaptureDeviceTypeBuiltInTripleCamera · constituents=3 · 角色=[超广角,广角,长焦] · switchOver=[2.000, 10.000] · 原生阶梯=[1.000, 2.000, 10.000] · 档位=13→1.000 / 24→2.000 / 35→2.917 / 48→4.000 / 120→10.000 · 不可用=无 · zoomRange=[1.00, 189.00]
[23:57:48.135] INF [session] 手动参数能力：曝光(custom)=false / 白平衡(锁定增益)=false / 对焦(锁定位置)=false
[23:57:48.135] INF [session] 会话配置完成，Live Photo 支持=true
[23:57:48.135] INF [session] startRunning()
[23:57:48.137] INF [hardware] 相机控制按钮交互已挂载（无该按钮的设备上不会触发）
[23:57:48.146] DBG [session] 白平衡增益尚未就绪（冷启动）→ 色温先给兜底值，就绪后补发
[23:57:49.343] DBG [preview] 预览层已绑定会话
[23:57:49.442] INF [resource] 模式 照片 · input 活 1（累计增/删 1/0） · output 活 1（累计增/删 1/0） · 内存 25.9MB
[23:57:49.454] DBG [ui] 会话就绪 · 焦段 24mm 已对齐（变焦 2.00×）
[23:57:52.448] INF [resource] 模式 照片 · input 活 1（累计增/删 1/0） · output 活 1（累计增/删 1/0） · 内存 27.2MB
[23:57:57.477] INF [resource] 模式 照片 · input 活 1（累计增/删 1/0） · output 活 1（累计增/删 1/0） · 内存 25.2MB
[23:58:02.448] INF [resource] 模式 照片 · input 活 1（累计增/删 1/0） · output 活 1（累计增/删 1/0） · 内存 25.2MB
[23:58:07.476] INF [resource] 模式 照片 · input 活 1（累计增/删 1/0） · output 活 1（累计增/删 1/0） · 内存 25.2MB
[23:58:12.448] INF [resource] 模式 照片 · input 活 1（累计增/删 1/0） · output 活 1（累计增/删 1/0） · 内存 25.3MB
[23:58:17.476] INF [resource] 模式 照片 · input 活 1（累计增/删 1/0） · output 活 1（累计增/删 1/0） · 内存 25.3MB
[23:58:22.447] INF [resource] 模式 照片 · input 活 1（累计增/删 1/0） · output 活 1（累计增/删 1/0） · 内存 25.3MB
[23:58:27.477] INF [resource] 模式 照片 · input 活 1（累计增/删 1/0） · output 活 1（累计增/删 1/0） · 内存 25.3MB
[23:58:32.447] INF [resource] 模式 照片 · input 活 1（累计增/删 1/0） · output 活 1（累计增/删 1/0） · 内存 25.3MB
[23:58:37.477] INF [resource] 模式 照片 · input 活 1（累计增/删 1/0） · output 活 1（累计增/删 1/0） · 内存 25.3MB
[23:58:42.447] INF [resource] 模式 照片 · input 活 1（累计增/删 1/0） · output 活 1（累计增/删 1/0） · 内存 25.3MB
[23:58:47.475] INF [resource] 模式 照片 · input 活 1（累计增/删 1/0） · output 活 1（累计增/删 1/0） · 内存 25.3MB
[23:58:50.042] DBG [ui] toast: 已呼出滤镜条 · 再上划一次呼出场景与风格
[23:58:51.278] INF [session] stopRunning()
[23:58:51.306] INF [session] stopRunning()

============================================================
LumenEdit 日志启动 2026-09-21 23:59:01
device=iPhone17,1  system=26.6.0
============================================================
[23:59:01.760] INF [render] CIContext 初始化完成，后端=Apple A18 Pro GPU
[23:59:01.799] INF [app] AppEnvironment 初始化完成，hud=true grid=true tone=true
[23:59:01.823] INF [ui] 相机页已装配
[23:59:01.847] DBG [perm] 刷新权限 camera=已授权 mic=已授权 albumAdd=已授权 albumRead=未决定
[23:59:01.847] DBG [thumb] 无相册读取权限，跳过最新照片缩略图
[23:59:01.847] DBG [perm] 刷新权限 camera=已授权 mic=已授权 albumAdd=已授权 albumRead=未决定
[23:59:01.853] INF [device] 格式已应用 Back Triple Camera 4032x3024 1-30fps 4:3 photoMax=4032x3024/5712x4284 fps=30
[23:59:01.853] INF [session] 采集格式命中**缓存**（跳过探测循环）：4032x3024 1-30fps 4:3 photoMax=4032x3024/5712x4284
[23:59:01.854] INF [photo] 照片编码格式：hvc1
[23:59:01.854] INF [session] 变焦拓扑：deviceType=AVCaptureDeviceTypeBuiltInTripleCamera · constituents=3 · 角色=[超广角,广角,长焦] · switchOver=[2.000, 10.000] · 原生阶梯=[1.000, 2.000, 10.000] · 档位=13→1.000 / 24→2.000 / 35→2.917 / 48→4.000 / 120→10.000 · 不可用=无 · zoomRange=[1.00, 189.00]
[23:59:01.854] INF [session] 手动参数能力：曝光(custom)=false / 白平衡(锁定增益)=false / 对焦(锁定位置)=false
[23:59:01.854] INF [session] 会话配置完成，Live Photo 支持=true
[23:59:01.854] INF [session] startRunning()
[23:59:01.857] INF [hardware] 相机控制按钮交互已挂载（无该按钮的设备上不会触发）
[23:59:03.365] DBG [preview] 预览层已绑定会话
[23:59:03.468] INF [resource] 模式 照片 · input 活 1（累计增/删 1/0） · output 活 1（累计增/删 1/0） · 内存 26.3MB
[23:59:03.471] DBG [ui] 会话就绪 · 焦段 24mm 已对齐（变焦 2.00×）
[23:59:06.474] INF [resource] 模式 照片 · input 活 1（累计增/删 1/0） · output 活 1（累计增/删 1/0） · 内存 27.5MB
[23:59:06.651] INF [ui] 点「对焦」→ 虚拟会话 → 预切换物理（无转场；1.2s 未完成退转场）
[23:59:06.651] DBG [ui] toast: 正在切换到 24 mm 物理镜头 · 完成后打开对焦圆盘
[23:59:06.652] INF [ui] 入口动作已排队：先静默挂物理设备，挂好后自动执行
[23:59:06.652] INF [session] 静默换形态（后台挂设备 · 无转场）→ 物理单摄（24 mm）
[23:59:07.624] INF [device] 格式已应用 Back Camera 4032x3024 1-30fps 4:3 photoMax=4032x3024/8064x6048 fps=30
[23:59:07.624] INF [session] 冷探测：候选 41 个，applyFormat 1 次，耗时 0.40s（Live 优先序）
[23:59:07.625] INF [session] 选用采集格式 4032x3024 1-30fps 4:3 photoMax=4032x3024/8064x6048，Live Photo 能力=true（候选共 41 个 · applyFormat 1 次，已缓存并落盘）
[23:59:07.626] INF [session] 搬运：EV 已重放（+0.0）
[23:59:07.626] INF [session] 搬运：对焦显式降级 → 连续自动（预检 ⑤）
[23:59:07.626] INF [session] 换设备后新设备档位复查：曝光=自动 / 白平衡=自动 / 对焦=自动（显式降级） / EV=+0.0
[23:59:07.627] INF [session] 换设备完成（静默·无转场）→ 物理单摄（24 mm）；当前档位 24 mm；Live Photo 能力=true；耗时 0.97s
[23:59:07.627] INF [session] 静默换形态耗时 0.97s（命中格式缓存 ≈0.3~0.8s；每设备首次冷探测 4~5s）
[23:59:07.640] DBG [ui] 静默换形态完成 → 由 form 边沿执行入口动作
[23:59:07.640] DBG [ui] 对焦圆盘展开（入口：图标行「对焦」）
[23:59:07.640] DBG [ui] toast: 手动对焦：拖动圆盘调焦（0.0 近 → ∞ 远） · 再点收起
[23:59:07.640] DBG [ui] 全手动档退出但参数界面开着 → 暂不回切（保预切换成果）
[23:59:11.450] DBG [preview] 点按对焦 view=(81,755) device=(0.97,0.71)
[23:59:11.450] DBG [ui] 对焦圆盘收起（点别处）
[23:59:11.455] DBG [device] 对焦点 → (0.97, 0.71)
[23:59:11.456] INF [session] 点按对焦后档位：曝光=自动 / 白平衡=自动 / 意图=曝光自动·白平衡自动
[23:59:11.491] INF [resource] 模式 照片 · input 活 1（累计增/删 2/1） · output 活 1（累计增/删 1/0） · 内存 26.8MB
[23:59:12.931] DBG [ui] 对焦圆盘展开（入口：图标行「对焦」）
[23:59:12.931] DBG [ui] toast: 手动对焦：拖动圆盘调焦（0.0 近 → ∞ 远） · 再点收起
[23:59:12.931] DBG [ui] 全手动档退出但参数界面开着 → 暂不回切（保预切换成果）
[23:59:13.663] DBG [preview] 点按对焦 view=(68,719) device=(0.92,0.73)
[23:59:13.663] DBG [ui] 对焦圆盘收起（点别处）
[23:59:13.666] DBG [device] 对焦点 → (0.92, 0.73)
[23:59:13.667] INF [session] 点按对焦后档位：曝光=自动 / 白平衡=自动 / 意图=曝光自动·白平衡自动
[23:59:14.474] INF [resource] 模式 照片 · input 活 1（累计增/删 2/1） · output 活 1（累计增/删 1/0） · 内存 27.0MB
[23:59:14.506] DBG [ui] 对焦圆盘展开（入口：图标行「对焦」）
[23:59:14.506] DBG [ui] toast: 手动对焦：拖动圆盘调焦（0.0 近 → ∞ 远） · 再点收起
[23:59:14.506] DBG [ui] 全手动档退出但参数界面开着 → 暂不回切（保预切换成果）
[23:59:16.072] DBG [preview] 点按对焦 view=(221,338) device=(0.43,0.47)
[23:59:16.072] DBG [ui] 对焦圆盘收起（点别处）
[23:59:16.074] DBG [device] 对焦点 → (0.43, 0.47)
[23:59:16.075] INF [session] 点按对焦后档位：曝光=自动 / 白平衡=自动 / 意图=曝光自动·白平衡自动
[23:59:17.091] DBG [ui] 对焦圆盘展开（入口：图标行「对焦」）
[23:59:17.091] DBG [ui] toast: 手动对焦：拖动圆盘调焦（0.0 近 → ∞ 远） · 再点收起
[23:59:17.091] DBG [ui] 全手动档退出但参数界面开着 → 暂不回切（保预切换成果）
[23:59:17.772] DBG [ui] 自动对焦已关 → 手动（当前值 0.22 锁定）
[23:59:17.772] DBG [ui] toast: 自动对焦已关：现在可以拖动圆盘手动调焦
[23:59:17.814] INF [resource] 模式 照片 · input 活 1（累计增/删 2/1） · output 活 1（累计增/删 1/0） · 内存 27.2MB
[23:59:19.264] DBG [preview] 点按对焦 view=(294,221) device=(0.28,0.34)
[23:59:19.264] DBG [ui] 对焦圆盘收起（点别处）
[23:59:19.264] DBG [ui] 手动对焦锁定中 + 对焦盘开着 → 点按仅测光（不解除手动档，防误触）
[23:59:19.265] DBG [device] 点按测光（对焦已锁定，不动焦）→ (0.28, 0.34)
[23:59:21.473] INF [resource] 模式 照片 · input 活 1（累计增/删 2/1） · output 活 1（累计增/删 1/0） · 内存 26.8MB
[23:59:26.503] INF [resource] 模式 照片 · input 活 1（累计增/删 2/1） · output 活 1（累计增/删 1/0） · 内存 26.7MB
[23:59:31.473] INF [resource] 模式 照片 · input 活 1（累计增/删 2/1） · output 活 1（累计增/删 1/0） · 内存 26.7MB
[23:59:36.502] INF [resource] 模式 照片 · input 活 1（累计增/删 2/1） · output 活 1（累计增/删 1/0） · 内存 26.7MB
[23:59:41.474] INF [resource] 模式 照片 · input 活 1（累计增/删 2/1） · output 活 1（累计增/删 1/0） · 内存 26.7MB
[23:59:46.501] INF [resource] 模式 照片 · input 活 1（累计增/删 2/1） · output 活 1（累计增/删 1/0） · 内存 26.7MB
[23:59:51.473] INF [resource] 模式 照片 · input 活 1（累计增/删 2/1） · output 活 1（累计增/删 1/0） · 内存 26.7MB
[23:59:56.501] INF [resource] 模式 照片 · input 活 1（累计增/删 2/1） · output 活 1（累计增/删 1/0） · 内存 26.7MB
[00:00:01.473] INF [resource] 模式 照片 · input 活 1（累计增/删 2/1） · output 活 1（累计增/删 1/0） · 内存 26.7MB
[00:00:06.501] INF [resource] 模式 照片 · input 活 1（累计增/删 2/1） · output 活 1（累计增/删 1/0） · 内存 26.7MB
[00:00:11.472] INF [resource] 模式 照片 · input 活 1（累计增/删 2/1） · output 活 1（累计增/删 1/0） · 内存 26.7MB
[00:00:16.501] INF [resource] 模式 照片 · input 活 1（累计增/删 2/1） · output 活 1（累计增/删 1/0） · 内存 26.7MB

============================================================
LumenEdit 日志启动 2026-09-22 00:00:19
device=iPhone17,1  system=26.6.0
============================================================
[00:00:19.887] INF [render] CIContext 初始化完成，后端=Apple A18 Pro GPU
[00:00:19.927] INF [app] AppEnvironment 初始化完成，hud=true grid=true tone=true
[00:00:19.951] INF [ui] 相机页已装配
[00:00:19.968] DBG [perm] 刷新权限 camera=已授权 mic=已授权 albumAdd=已授权 albumRead=未决定
[00:00:19.968] DBG [thumb] 无相册读取权限，跳过最新照片缩略图
[00:00:19.968] DBG [perm] 刷新权限 camera=已授权 mic=已授权 albumAdd=已授权 albumRead=未决定
[00:00:19.976] INF [device] 格式已应用 Back Triple Camera 1920x1440 1-30fps 4:3 photoMax=1920x1440/4032x3024 fps=30
[00:00:19.977] INF [device] 格式已应用 Back Triple Camera 1920x1440 1-60fps 4:3 photoMax=1920x1440/4032x3024 fps=30
[00:00:19.978] INF [device] 格式已应用 Back Triple Camera 1920x1440 1-60fps 4:3 photoMax=1920x1440/4032x3024 fps=30
[00:00:19.979] INF [device] 格式已应用 Back Triple Camera 1920x1440 1-60fps 4:3 photoMax=1920x1440/4032x3024 fps=30
[00:00:19.980] INF [device] 格式已应用 Back Triple Camera 1920x1440 1-60fps 4:3 photoMax=1920x1440/4032x3024 fps=30
[00:00:19.980] INF [device] 格式已应用 Back Triple Camera 1920x1440 1-60fps binned 4:3 photoMax=1920x1440/2016x1512 fps=30
[00:00:19.981] INF [device] 格式已应用 Back Triple Camera 1920x1440 1-60fps binned 4:3 photoMax=1920x1440/2016x1512 fps=30
[00:00:19.982] INF [device] 格式已应用 Back Triple Camera 2592x1944 1-30fps 4:3 photoMax=2592x1944/4032x3024 fps=30
[00:00:19.983] INF [device] 格式已应用 Back Triple Camera 2592x1944 1-30fps 4:3 photoMax=2592x1944/4032x3024 fps=30
[00:00:19.983] INF [device] 格式已应用 Back Triple Camera 3264x2448 1-30fps 4:3 photoMax=3264x2448/4032x3024 fps=30
[00:00:19.984] INF [device] 格式已应用 Back Triple Camera 3264x2448 1-30fps 4:3 photoMax=3264x2448/4032x3024 fps=30
[00:00:19.985] INF [device] 格式已应用 Back Triple Camera 4032x3024 1-30fps 4:3 photoMax=4032x3024/5712x4284 fps=30
[00:00:19.985] INF [session] 冷探测：候选 31 个，applyFormat 12 次，耗时 0.01s（A/B：优先序已关）
[00:00:19.986] INF [session] 选用采集格式 4032x3024 1-30fps 4:3 photoMax=4032x3024/5712x4284，Live Photo 能力=true（候选共 31 个 · applyFormat 12 次，已缓存并落盘）
[00:00:19.986] INF [photo] 照片编码格式：hvc1
[00:00:19.986] INF [session] 变焦拓扑：deviceType=AVCaptureDeviceTypeBuiltInTripleCamera · constituents=3 · 角色=[超广角,广角,长焦] · switchOver=[2.000, 10.000] · 原生阶梯=[1.000, 2.000, 10.000] · 档位=13→1.000 / 24→2.000 / 35→2.917 / 48→4.000 / 120→10.000 · 不可用=无 · zoomRange=[1.00, 189.00]
[00:00:19.986] INF [session] 手动参数能力：曝光(custom)=false / 白平衡(锁定增益)=false / 对焦(锁定位置)=false
[00:00:19.986] INF [session] 会话配置完成，Live Photo 支持=true
[00:00:19.986] INF [session] startRunning()
[00:00:19.989] INF [hardware] 相机控制按钮交互已挂载（无该按钮的设备上不会触发）
[00:00:19.996] DBG [session] 白平衡增益尚未就绪（冷启动）→ 色温先给兜底值，就绪后补发
[00:00:21.237] DBG [preview] 预览层已绑定会话
[00:00:21.333] INF [resource] 模式 照片 · input 活 1（累计增/删 1/0） · output 活 1（累计增/删 1/0） · 内存 26.5MB
[00:00:21.342] DBG [ui] 会话就绪 · 焦段 24mm 已对齐（变焦 2.00×）
[00:00:24.341] INF [resource] 模式 照片 · input 活 1（累计增/删 1/0） · output 活 1（累计增/删 1/0） · 内存 27.4MB
[00:00:29.381] INF [resource] 模式 照片 · input 活 1（累计增/删 1/0） · output 活 1（累计增/删 1/0） · 内存 25.3MB
[00:00:34.358] INF [resource] 模式 照片 · input 活 1（累计增/删 1/0） · output 活 1（累计增/删 1/0） · 内存 25.3MB
[00:00:39.393] INF [resource] 模式 照片 · input 活 1（累计增/删 1/0） · output 活 1（累计增/删 1/0） · 内存 25.3MB
[00:00:44.367] INF [resource] 模式 照片 · input 活 1（累计增/删 1/0） · output 活 1（累计增/删 1/0） · 内存 25.3MB
[00:00:49.400] INF [resource] 模式 照片 · input 活 1（累计增/删 1/0） · output 活 1（累计增/删 1/0） · 内存 25.3MB
[00:00:54.372] INF [resource] 模式 照片 · input 活 1（累计增/删 1/0） · output 活 1（累计增/删 1/0） · 内存 25.3MB
[00:00:59.402] INF [resource] 模式 照片 · input 活 1（累计增/删 1/0） · output 活 1（累计增/删 1/0） · 内存 25.3MB
[00:01:04.374] INF [resource] 模式 照片 · input 活 1（累计增/删 1/0） · output 活 1（累计增/删 1/0） · 内存 25.3MB
[00:01:09.405] INF [resource] 模式 照片 · input 活 1（累计增/删 1/0） · output 活 1（累计增/删 1/0） · 内存 25.3MB
[00:01:14.375] INF [resource] 模式 照片 · input 活 1（累计增/删 1/0） · output 活 1（累计增/删 1/0） · 内存 25.3MB
[00:01:19.405] INF [resource] 模式 照片 · input 活 1（累计增/删 1/0） · output 活 1（累计增/删 1/0） · 内存 25.3MB
[00:01:24.376] INF [resource] 模式 照片 · input 活 1（累计增/删 1/0） · output 活 1（累计增/删 1/0） · 内存 25.3MB
[00:01:29.405] INF [resource] 模式 照片 · input 活 1（累计增/删 1/0） · output 活 1（累计增/删 1/0） · 内存 25.3MB
[00:01:33.254] INF [session] stopRunning()
[00:01:33.272] INF [session] stopRunning()

============================================================
LumenEdit 日志启动 2026-09-22 00:01:35
device=iPhone17,1  system=26.6.0
============================================================
[00:01:35.614] INF [render] CIContext 初始化完成，后端=Apple A18 Pro GPU
[00:01:35.646] INF [app] AppEnvironment 初始化完成，hud=true grid=true tone=true
[00:01:35.668] INF [ui] 相机页已装配
[00:01:35.691] DBG [perm] 刷新权限 camera=已授权 mic=已授权 albumAdd=已授权 albumRead=未决定
[00:01:35.691] DBG [thumb] 无相册读取权限，跳过最新照片缩略图
[00:01:35.691] DBG [perm] 刷新权限 camera=已授权 mic=已授权 albumAdd=已授权 albumRead=未决定
[00:01:35.695] INF [device] 格式已应用 Back Triple Camera 4032x3024 1-30fps 4:3 photoMax=4032x3024/5712x4284 fps=30
[00:01:35.695] INF [session] 采集格式命中**缓存**（跳过探测循环）：4032x3024 1-30fps 4:3 photoMax=4032x3024/5712x4284
[00:01:35.695] INF [photo] 照片编码格式：hvc1
[00:01:35.695] INF [session] 变焦拓扑：deviceType=AVCaptureDeviceTypeBuiltInTripleCamera · constituents=3 · 角色=[超广角,广角,长焦] · switchOver=[2.000, 10.000] · 原生阶梯=[1.000, 2.000, 10.000] · 档位=13→1.000 / 24→2.000 / 35→2.917 / 48→4.000 / 120→10.000 · 不可用=无 · zoomRange=[1.00, 189.00]
[00:01:35.695] INF [session] 手动参数能力：曝光(custom)=false / 白平衡(锁定增益)=false / 对焦(锁定位置)=false
[00:01:35.695] INF [session] 会话配置完成，Live Photo 支持=true
[00:01:35.695] INF [session] startRunning()
[00:01:35.698] INF [hardware] 相机控制按钮交互已挂载（无该按钮的设备上不会触发）
[00:01:35.706] DBG [session] 白平衡增益尚未就绪（冷启动）→ 色温先给兜底值，就绪后补发
[00:01:36.906] DBG [preview] 预览层已绑定会话
[00:01:37.002] INF [resource] 模式 照片 · input 活 1（累计增/删 1/0） · output 活 1（累计增/删 1/0） · 内存 26.0MB
[00:01:37.013] DBG [ui] 会话就绪 · 焦段 24mm 已对齐（变焦 2.00×）
[00:01:39.042] INF [ui] 点「对焦」→ 虚拟会话 → 预切换物理（无转场；1.2s 未完成退转场）
[00:01:39.042] DBG [ui] toast: 正在切换到 24 mm 物理镜头 · 完成后打开对焦圆盘
[00:01:39.042] INF [ui] 入口动作已排队：先静默挂物理设备，挂好后自动执行
[00:01:39.042] INF [session] 静默换形态（后台挂设备 · 无转场）→ 物理单摄（24 mm）
[00:01:40.047] INF [device] 格式已应用 Back Camera 4032x3024 1-30fps 4:3 photoMax=4032x3024/8064x6048 fps=30
[00:01:40.047] INF [session] 冷探测：候选 41 个，applyFormat 1 次，耗时 0.39s（Live 优先序）
[00:01:40.047] INF [session] 选用采集格式 4032x3024 1-30fps 4:3 photoMax=4032x3024/8064x6048，Live Photo 能力=true（候选共 41 个 · applyFormat 1 次，已缓存并落盘）
[00:01:40.048] INF [session] 搬运：EV 已重放（+0.0）
[00:01:40.048] INF [session] 搬运：对焦显式降级 → 连续自动（预检 ⑤）
[00:01:40.048] INF [session] 换设备后新设备档位复查：曝光=自动 / 白平衡=自动 / 对焦=自动（显式降级） / EV=+0.0
[00:01:40.048] INF [session] 换设备完成（静默·无转场）→ 物理单摄（24 mm）；当前档位 24 mm；Live Photo 能力=true；耗时 1.01s
[00:01:40.048] INF [session] 静默换形态耗时 1.01s（命中格式缓存 ≈0.3~0.8s；每设备首次冷探测 4~5s）
[00:01:40.048] INF [resource] 模式 照片 · input 活 1（累计增/删 2/1） · output 活 1（累计增/删 1/0） · 内存 27.5MB
[00:01:40.054] DBG [ui] 静默换形态完成 → 由 form 边沿执行入口动作
[00:01:40.054] DBG [ui] 对焦圆盘展开（入口：图标行「对焦」）
[00:01:40.054] DBG [ui] toast: 手动对焦：拖动圆盘调焦（0.0 近 → ∞ 远） · 再点收起
[00:01:40.054] DBG [ui] 全手动档退出但参数界面开着 → 暂不回切（保预切换成果）
[00:01:41.442] DBG [ui] 自动对焦已关 → 手动（当前值 0.09 锁定）
[00:01:41.442] DBG [ui] toast: 自动对焦已关：现在可以拖动圆盘手动调焦
[00:01:44.037] INF [resource] 模式 照片 · input 活 1（累计增/删 2/1） · output 活 1（累计增/删 1/0） · 内存 27.0MB
[00:01:49.008] INF [resource] 模式 照片 · input 活 1（累计增/删 2/1） · output 活 1（累计增/删 1/0） · 内存 26.7MB
[00:01:54.037] INF [resource] 模式 照片 · input 活 1（累计增/删 2/1） · output 活 1（累计增/删 1/0） · 内存 26.7MB
[00:01:59.008] INF [resource] 模式 照片 · input 活 1（累计增/删 2/1） · output 活 1（累计增/删 1/0） · 内存 26.7MB
[00:02:04.037] INF [resource] 模式 照片 · input 活 1（累计增/删 2/1） · output 活 1（累计增/删 1/0） · 内存 26.7MB
[00:02:09.008] INF [resource] 模式 照片 · input 活 1（累计增/删 2/1） · output 活 1（累计增/删 1/0） · 内存 26.7MB
[00:02:14.036] INF [resource] 模式 照片 · input 活 1（累计增/删 2/1） · output 活 1（累计增/删 1/0） · 内存 26.7MB
[00:02:19.008] INF [resource] 模式 照片 · input 活 1（累计增/删 2/1） · output 活 1（累计增/删 1/0） · 内存 26.7MB

============================================================
LumenEdit 日志启动 2026-09-22 00:02:21
device=iPhone17,1  system=26.6.0
============================================================
[00:02:21.153] INF [render] CIContext 初始化完成，后端=Apple A18 Pro GPU
[00:02:21.187] INF [app] AppEnvironment 初始化完成，hud=true grid=true tone=true
[00:02:21.208] INF [ui] 相机页已装配
[00:02:21.225] DBG [perm] 刷新权限 camera=已授权 mic=已授权 albumAdd=已授权 albumRead=未决定
[00:02:21.225] DBG [thumb] 无相册读取权限，跳过最新照片缩略图
[00:02:21.225] DBG [perm] 刷新权限 camera=已授权 mic=已授权 albumAdd=已授权 albumRead=未决定
[00:02:21.232] INF [device] 格式已应用 Back Triple Camera 1920x1440 1-30fps 4:3 photoMax=1920x1440/4032x3024 fps=30
[00:02:21.233] INF [device] 格式已应用 Back Triple Camera 1920x1440 1-60fps 4:3 photoMax=1920x1440/4032x3024 fps=30
[00:02:21.234] INF [device] 格式已应用 Back Triple Camera 1920x1440 1-60fps 4:3 photoMax=1920x1440/4032x3024 fps=30
[00:02:21.235] INF [device] 格式已应用 Back Triple Camera 1920x1440 1-60fps 4:3 photoMax=1920x1440/4032x3024 fps=30
[00:02:21.235] INF [device] 格式已应用 Back Triple Camera 1920x1440 1-60fps 4:3 photoMax=1920x1440/4032x3024 fps=30
[00:02:21.236] INF [device] 格式已应用 Back Triple Camera 1920x1440 1-60fps binned 4:3 photoMax=1920x1440/2016x1512 fps=30
[00:02:21.237] INF [device] 格式已应用 Back Triple Camera 1920x1440 1-60fps binned 4:3 photoMax=1920x1440/2016x1512 fps=30
[00:02:21.237] INF [device] 格式已应用 Back Triple Camera 2592x1944 1-30fps 4:3 photoMax=2592x1944/4032x3024 fps=30
[00:02:21.238] INF [device] 格式已应用 Back Triple Camera 2592x1944 1-30fps 4:3 photoMax=2592x1944/4032x3024 fps=30
[00:02:21.238] INF [device] 格式已应用 Back Triple Camera 3264x2448 1-30fps 4:3 photoMax=3264x2448/4032x3024 fps=30
[00:02:21.239] INF [device] 格式已应用 Back Triple Camera 3264x2448 1-30fps 4:3 photoMax=3264x2448/4032x3024 fps=30
[00:02:21.239] INF [device] 格式已应用 Back Triple Camera 4032x3024 1-30fps 4:3 photoMax=4032x3024/5712x4284 fps=30
[00:02:21.239] INF [session] 冷探测：候选 31 个，applyFormat 12 次，耗时 0.01s（A/B：优先序已关）
[00:02:21.239] INF [session] 选用采集格式 4032x3024 1-30fps 4:3 photoMax=4032x3024/5712x4284，Live Photo 能力=true（候选共 31 个 · applyFormat 12 次，已缓存并落盘）
[00:02:21.240] INF [photo] 照片编码格式：hvc1
[00:02:21.241] INF [session] 变焦拓扑：deviceType=AVCaptureDeviceTypeBuiltInTripleCamera · constituents=3 · 角色=[超广角,广角,长焦] · switchOver=[2.000, 10.000] · 原生阶梯=[1.000, 2.000, 10.000] · 档位=13→1.000 / 24→2.000 / 35→2.917 / 48→4.000 / 120→10.000 · 不可用=无 · zoomRange=[1.00, 189.00]
[00:02:21.241] INF [session] 手动参数能力：曝光(custom)=false / 白平衡(锁定增益)=false / 对焦(锁定位置)=false
[00:02:21.241] INF [session] 会话配置完成，Live Photo 支持=true
[00:02:21.241] INF [session] startRunning()
[00:02:21.244] INF [hardware] 相机控制按钮交互已挂载（无该按钮的设备上不会触发）
[00:02:21.251] DBG [session] 白平衡增益尚未就绪（冷启动）→ 色温先给兜底值，就绪后补发
[00:02:22.430] DBG [preview] 预览层已绑定会话
[00:02:22.497] INF [resource] 模式 照片 · input 活 1（累计增/删 1/0） · output 活 1（累计增/删 1/0） · 内存 26.2MB
[00:02:22.507] DBG [ui] 会话就绪 · 焦段 24mm 已对齐（变焦 2.00×）
[00:02:25.502] INF [resource] 模式 照片 · input 活 1（累计增/删 1/0） · output 活 1（累计增/删 1/0） · 内存 27.3MB
[00:02:30.531] INF [resource] 模式 照片 · input 活 1（累计增/删 1/0） · output 活 1（累计增/删 1/0） · 内存 25.3MB
[00:02:35.502] INF [resource] 模式 照片 · input 活 1（累计增/删 1/0） · output 活 1（累计增/删 1/0） · 内存 25.3MB
[00:02:40.531] INF [resource] 模式 照片 · input 活 1（累计增/删 1/0） · output 活 1（累计增/删 1/0） · 内存 25.3MB
[00:02:45.502] INF [resource] 模式 照片 · input 活 1（累计增/删 1/0） · output 活 1（累计增/删 1/0） · 内存 25.3MB
[00:02:50.531] INF [resource] 模式 照片 · input 活 1（累计增/删 1/0） · output 活 1（累计增/删 1/0） · 内存 25.3MB
[00:02:55.502] INF [resource] 模式 照片 · input 活 1（累计增/删 1/0） · output 活 1（累计增/删 1/0） · 内存 25.3MB
[00:03:00.531] INF [resource] 模式 照片 · input 活 1（累计增/删 1/0） · output 活 1（累计增/删 1/0） · 内存 25.3MB
[00:03:05.502] INF [resource] 模式 照片 · input 活 1（累计增/删 1/0） · output 活 1（累计增/删 1/0） · 内存 25.3MB
[00:03:10.531] INF [resource] 模式 照片 · input 活 1（累计增/删 1/0） · output 活 1（累计增/删 1/0） · 内存 25.3MB
[00:03:15.502] INF [resource] 模式 照片 · input 活 1（累计增/删 1/0） · output 活 1（累计增/删 1/0） · 内存 25.3MB
[00:03:20.533] INF [resource] 模式 照片 · input 活 1（累计增/删 1/0） · output 活 1（累计增/删 1/0） · 内存 25.3MB
[00:03:25.502] INF [resource] 模式 照片 · input 活 1（累计增/删 1/0） · output 活 1（累计增/删 1/0） · 内存 25.3MB
[00:03:30.530] INF [resource] 模式 照片 · input 活 1（累计增/删 1/0） · output 活 1（累计增/删 1/0） · 内存 25.3MB
[00:03:35.502] INF [resource] 模式 照片 · input 活 1（累计增/删 1/0） · output 活 1（累计增/删 1/0） · 内存 25.3MB
[00:03:40.531] INF [resource] 模式 照片 · input 活 1（累计增/删 1/0） · output 活 1（累计增/删 1/0） · 内存 25.3MB
[00:03:45.502] INF [resource] 模式 照片 · input 活 1（累计增/删 1/0） · output 活 1（累计增/删 1/0） · 内存 25.3MB
[00:03:50.531] INF [resource] 模式 照片 · input 活 1（累计增/删 1/0） · output 活 1（累计增/删 1/0） · 内存 25.3MB
[00:03:55.502] INF [resource] 模式 照片 · input 活 1（累计增/删 1/0） · output 活 1（累计增/删 1/0） · 内存 25.3MB
[00:04:00.532] INF [resource] 模式 照片 · input 活 1（累计增/删 1/0） · output 活 1（累计增/删 1/0） · 内存 25.3MB
[00:04:05.502] INF [resource] 模式 照片 · input 活 1（累计增/删 1/0） · output 活 1（累计增/删 1/0） · 内存 25.3MB
[00:04:10.530] INF [resource] 模式 照片 · input 活 1（累计增/删 1/0） · output 活 1（累计增/删 1/0） · 内存 25.3MB
[00:04:15.502] INF [resource] 模式 照片 · input 活 1（累计增/删 1/0） · output 活 1（累计增/删 1/0） · 内存 25.3MB
[00:04:20.531] INF [resource] 模式 照片 · input 活 1（累计增/删 1/0） · output 活 1（累计增/删 1/0） · 内存 25.3MB
[00:04:25.502] INF [resource] 模式 照片 · input 活 1（累计增/删 1/0） · output 活 1（累计增/删 1/0） · 内存 25.3MB
[00:04:30.531] INF [resource] 模式 照片 · input 活 1（累计增/删 1/0） · output 活 1（累计增/删 1/0） · 内存 25.3MB
[00:04:35.502] INF [resource] 模式 照片 · input 活 1（累计增/删 1/0） · output 活 1（累计增/删 1/0） · 内存 25.3MB
[00:04:40.530] INF [resource] 模式 照片 · input 活 1（累计增/删 1/0） · output 活 1（累计增/删 1/0） · 内存 25.3MB
[00:04:45.502] INF [resource] 模式 照片 · input 活 1（累计增/删 1/0） · output 活 1（累计增/删 1/0） · 内存 25.3MB
[00:04:50.531] INF [resource] 模式 照片 · input 活 1（累计增/删 1/0） · output 活 1（累计增/删 1/0） · 内存 25.3MB
[00:04:55.502] INF [resource] 模式 照片 · input 活 1（累计增/删 1/0） · output 活 1（累计增/删 1/0） · 内存 25.3MB
[00:05:00.529] INF [resource] 模式 照片 · input 活 1（累计增/删 1/0） · output 活 1（累计增/删 1/0） · 内存 25.3MB
[00:05:05.502] INF [resource] 模式 照片 · input 活 1（累计增/删 1/0） · output 活 1（累计增/删 1/0） · 内存 25.3MB
[00:05:10.531] INF [resource] 模式 照片 · input 活 1（累计增/删 1/0） · output 活 1（累计增/删 1/0） · 内存 25.3MB
[00:05:15.502] INF [resource] 模式 照片 · input 活 1（累计增/删 1/0） · output 活 1（累计增/删 1/0） · 内存 25.3MB
[00:05:20.530] INF [resource] 模式 照片 · input 活 1（累计增/删 1/0） · output 活 1（累计增/删 1/0） · 内存 25.3MB
[00:05:25.502] INF [resource] 模式 照片 · input 活 1（累计增/删 1/0） · output 活 1（累计增/删 1/0） · 内存 25.3MB
[00:05:30.531] INF [resource] 模式 照片 · input 活 1（累计增/删 1/0） · output 活 1（累计增/删 1/0） · 内存 25.3MB
[00:05:35.502] INF [resource] 模式 照片 · input 活 1（累计增/删 1/0） · output 活 1（累计增/删 1/0） · 内存 25.3MB
[00:05:40.531] INF [resource] 模式 照片 · input 活 1（累计增/删 1/0） · output 活 1（累计增/删 1/0） · 内存 25.3MB
[00:05:45.502] INF [resource] 模式 照片 · input 活 1（累计增/删 1/0） · output 活 1（累计增/删 1/0） · 内存 25.3MB
[00:05:50.530] INF [resource] 模式 照片 · input 活 1（累计增/删 1/0） · output 活 1（累计增/删 1/0） · 内存 25.3MB
[00:05:55.501] INF [resource] 模式 照片 · input 活 1（累计增/删 1/0） · output 活 1（累计增/删 1/0） · 内存 25.3MB
[00:06:00.530] INF [resource] 模式 照片 · input 活 1（累计增/删 1/0） · output 活 1（累计增/删 1/0） · 内存 25.3MB
[00:06:05.502] INF [resource] 模式 照片 · input 活 1（累计增/删 1/0） · output 活 1（累计增/删 1/0） · 内存 25.3MB
[00:06:10.386] INF [ui] 点「对焦」→ 虚拟会话 → 预切换物理（无转场；1.2s 未完成退转场）
[00:06:10.387] DBG [ui] toast: 正在切换到 24 mm 物理镜头 · 完成后打开对焦圆盘
[00:06:10.387] INF [ui] 入口动作已排队：先静默挂物理设备，挂好后自动执行
[00:06:10.387] INF [session] 静默换形态（后台挂设备 · 无转场）→ 物理单摄（24 mm）
[00:06:11.277] INF [device] 格式已应用 Back Camera 1920x1440 1-30fps 4:3 photoMax=1920x1440/4032x3024 fps=30
[00:06:11.752] INF [device] 格式已应用 Back Camera 1920x1440 1-60fps 4:3 photoMax=1920x1440/4032x3024 fps=30
[00:06:12.201] INF [device] 格式已应用 Back Camera 1920x1440 1-60fps 4:3 photoMax=1920x1440/4032x3024 fps=30
[00:06:12.469] INF [device] 格式已应用 Back Camera 1920x1440 1-60fps 4:3 photoMax=1920x1440/4032x3024 fps=30
[00:06:12.585] INF [device] 格式已应用 Back Camera 1920x1440 1-60fps 4:3 photoMax=1920x1440/4032x3024 fps=30
[00:06:12.851] INF [device] 格式已应用 Back Camera 1920x1440 1-60fps binned 4:3 photoMax=1920x1440/2016x1512 fps=30
[00:06:12.964] INF [device] 格式已应用 Back Camera 1920x1440 1-60fps binned 4:3 photoMax=1920x1440/2016x1512 fps=30
[00:06:13.287] INF [device] 格式已应用 Back Camera 2592x1944 1-30fps 4:3 photoMax=2592x1944/4032x3024 fps=30
[00:06:13.607] INF [device] 格式已应用 Back Camera 2592x1944 1-30fps 4:3 photoMax=2592x1944/4032x3024 fps=30
[00:06:13.930] INF [device] 格式已应用 Back Camera 3264x2448 1-30fps 4:3 photoMax=3264x2448/4032x3024 fps=30
[00:06:14.251] INF [device] 格式已应用 Back Camera 3264x2448 1-30fps 4:3 photoMax=3264x2448/4032x3024 fps=30
[00:06:14.707] INF [device] 格式已应用 Back Camera 4032x3024 1-30fps 4:3 photoMax=4032x3024/8064x6048 fps=30
[00:06:14.707] INF [session] 冷探测：候选 41 个，applyFormat 12 次，耗时 3.74s（A/B：优先序已关）
[00:06:14.708] INF [session] 选用采集格式 4032x3024 1-30fps 4:3 photoMax=4032x3024/8064x6048，Live Photo 能力=true（候选共 41 个 · applyFormat 12 次，已缓存并落盘）
[00:06:14.709] INF [session] 搬运：EV 已重放（+0.0）
[00:06:14.709] INF [session] 搬运：对焦显式降级 → 连续自动（预检 ⑤）
[00:06:14.709] INF [session] 换设备后新设备档位复查：曝光=自动 / 白平衡=自动 / 对焦=自动（显式降级） / EV=+0.0
[00:06:14.709] INF [session] 换设备完成（静默·无转场）→ 物理单摄（24 mm）；当前档位 24 mm；Live Photo 能力=true；耗时 4.32s
[00:06:14.709] INF [session] 静默换形态耗时 4.32s（命中格式缓存 ≈0.3~0.8s；每设备首次冷探测 4~5s）
[00:06:14.710] INF [resource] 模式 照片 · input 活 1（累计增/删 2/1） · output 活 1（累计增/删 1/0） · 内存 25.8MB
[00:06:14.719] DBG [ui] 静默换形态完成 → 由 form 边沿执行入口动作
[00:06:14.719] DBG [ui] 对焦圆盘展开（入口：图标行「对焦」）
[00:06:14.720] DBG [ui] toast: 手动对焦：拖动圆盘调焦（0.0 近 → ∞ 远） · 再点收起
[00:06:14.720] DBG [ui] 全手动档退出但参数界面开着 → 暂不回切（保预切换成果）
[00:06:15.502] INF [resource] 模式 照片 · input 活 1（累计增/删 2/1） · output 活 1（累计增/删 1/0） · 内存 26.8MB
[00:06:20.531] INF [resource] 模式 照片 · input 活 1（累计增/删 2/1） · output 活 1（累计增/删 1/0） · 内存 26.4MB
[00:06:25.502] INF [resource] 模式 照片 · input 活 1（累计增/删 2/1） · output 活 1（累计增/删 1/0） · 内存 26.4MB
[00:06:30.529] INF [resource] 模式 照片 · input 活 1（累计增/删 2/1） · output 活 1（累计增/删 1/0） · 内存 26.4MB
[00:06:35.501] INF [resource] 模式 照片 · input 活 1（累计增/删 2/1） · output 活 1（累计增/删 1/0） · 内存 26.4MB
[00:06:40.530] INF [resource] 模式 照片 · input 活 1（累计增/删 2/1） · output 活 1（累计增/删 1/0） · 内存 26.4MB
[00:06:45.502] INF [resource] 模式 照片 · input 活 1（累计增/删 2/1） · output 活 1（累计增/删 1/0） · 内存 26.4MB
[00:06:50.531] INF [resource] 模式 照片 · input 活 1（累计增/删 2/1） · output 活 1（累计增/删 1/0） · 内存 26.4MB
[00:06:55.502] INF [resource] 模式 照片 · input 活 1（累计增/删 2/1） · output 活 1（累计增/删 1/0） · 内存 26.4MB
[00:07:00.529] INF [resource] 模式 照片 · input 活 1（累计增/删 2/1） · output 活 1（累计增/删 1/0） · 内存 26.4MB
[00:07:05.502] INF [resource] 模式 照片 · input 活 1（累计增/删 2/1） · output 活 1（累计增/删 1/0） · 内存 26.4MB
[00:07:10.531] INF [resource] 模式 照片 · input 活 1（累计增/删 2/1） · output 活 1（累计增/删 1/0） · 内存 26.4MB
[00:07:15.501] INF [resource] 模式 照片 · input 活 1（累计增/删 2/1） · output 活 1（累计增/删 1/0） · 内存 26.4MB
[00:07:20.531] INF [resource] 模式 照片 · input 活 1（累计增/删 2/1） · output 活 1（累计增/删 1/0） · 内存 26.4MB
[00:07:25.501] INF [resource] 模式 照片 · input 活 1（累计增/删 2/1） · output 活 1（累计增/删 1/0） · 内存 26.4MB
[00:07:30.531] INF [resource] 模式 照片 · input 活 1（累计增/删 2/1） · output 活 1（累计增/删 1/0） · 内存 26.4MB
[00:07:35.502] INF [resource] 模式 照片 · input 活 1（累计增/删 2/1） · output 活 1（累计增/删 1/0） · 内存 26.4MB
[00:07:40.530] INF [resource] 模式 照片 · input 活 1（累计增/删 2/1） · output 活 1（累计增/删 1/0） · 内存 26.4MB
[00:07:45.502] INF [resource] 模式 照片 · input 活 1（累计增/删 2/1） · output 活 1（累计增/删 1/0） · 内存 26.4MB
[00:07:50.530] INF [resource] 模式 照片 · input 活 1（累计增/删 2/1） · output 活 1（累计增/删 1/0） · 内存 26.4MB
[00:07:55.502] INF [resource] 模式 照片 · input 活 1（累计增/删 2/1） · output 活 1（累计增/删 1/0） · 内存 26.4MB
[00:08:00.530] INF [resource] 模式 照片 · input 活 1（累计增/删 2/1） · output 活 1（累计增/删 1/0） · 内存 26.4MB
[00:08:05.502] INF [resource] 模式 照片 · input 活 1（累计增/删 2/1） · output 活 1（累计增/删 1/0） · 内存 26.4MB
[00:08:10.531] INF [resource] 模式 照片 · input 活 1（累计增/删 2/1） · output 活 1（累计增/删 1/0） · 内存 26.4MB
[00:08:15.502] INF [resource] 模式 照片 · input 活 1（累计增/删 2/1） · output 活 1（累计增/删 1/0） · 内存 26.4MB
[00:08:20.531] INF [resource] 模式 照片 · input 活 1（累计增/删 2/1） · output 活 1（累计增/删 1/0） · 内存 26.4MB
[00:08:25.502] INF [resource] 模式 照片 · input 活 1（累计增/删 2/1） · output 活 1（累计增/删 1/0） · 内存 26.4MB
[00:08:30.530] INF [resource] 模式 照片 · input 活 1（累计增/删 2/1） · output 活 1（累计增/删 1/0） · 内存 26.4MB
[00:08:35.501] INF [resource] 模式 照片 · input 活 1（累计增/删 2/1） · output 活 1（累计增/删 1/0） · 内存 26.4MB
[00:08:40.530] INF [resource] 模式 照片 · input 活 1（累计增/删 2/1） · output 活 1（累计增/删 1/0） · 内存 26.4MB
[00:08:45.501] INF [resource] 模式 照片 · input 活 1（累计增/删 2/1） · output 活 1（累计增/删 1/0） · 内存 26.4MB
[00:08:50.531] INF [resource] 模式 照片 · input 活 1（累计增/删 2/1） · output 活 1（累计增/删 1/0） · 内存 26.4MB
[00:08:55.501] INF [resource] 模式 照片 · input 活 1（累计增/删 2/1） · output 活 1（累计增/删 1/0） · 内存 26.4MB
[00:09:00.529] INF [resource] 模式 照片 · input 活 1（累计增/删 2/1） · output 活 1（累计增/删 1/0） · 内存 26.4MB
[00:09:05.501] INF [resource] 模式 照片 · input 活 1（累计增/删 2/1） · output 活 1（累计增/删 1/0） · 内存 26.4MB
[00:09:10.530] INF [resource] 模式 照片 · input 活 1（累计增/删 2/1） · output 活 1（累计增/删 1/0） · 内存 26.4MB
[00:09:15.501] INF [resource] 模式 照片 · input 活 1（累计增/删 2/1） · output 活 1（累计增/删 1/0） · 内存 26.4MB
[00:09:20.530] INF [resource] 模式 照片 · input 活 1（累计增/删 2/1） · output 活 1（累计增/删 1/0） · 内存 26.4MB
[00:09:25.501] INF [resource] 模式 照片 · input 活 1（累计增/删 2/1） · output 活 1（累计增/删 1/0） · 内存 26.4MB
[00:09:30.529] INF [resource] 模式 照片 · input 活 1（累计增/删 2/1） · output 活 1（累计增/删 1/0） · 内存 26.4MB
[00:09:35.501] INF [resource] 模式 照片 · input 活 1（累计增/删 2/1） · output 活 1（累计增/删 1/0） · 内存 26.4MB
[00:09:40.529] INF [resource] 模式 照片 · input 活 1（累计增/删 2/1） · output 活 1（累计增/删 1/0） · 内存 26.4MB
[00:09:45.501] INF [resource] 模式 照片 · input 活 1（累计增/删 2/1） · output 活 1（累计增/删 1/0） · 内存 26.4MB
[00:09:50.529] INF [resource] 模式 照片 · input 活 1（累计增/删 2/1） · output 活 1（累计增/删 1/0） · 内存 26.4MB
[00:09:55.501] INF [resource] 模式 照片 · input 活 1（累计增/删 2/1） · output 活 1（累计增/删 1/0） · 内存 26.4MB
[00:10:00.531] INF [resource] 模式 照片 · input 活 1（累计增/删 2/1） · output 活 1（累计增/删 1/0） · 内存 26.4MB
[00:10:05.501] INF [resource] 模式 照片 · input 活 1（累计增/删 2/1） · output 活 1（累计增/删 1/0） · 内存 26.4MB
[00:10:08.219] INF [session] stopRunning()

============================================================
LumenEdit 日志启动 2026-09-22 00:24:47
device=iPhone17,1  system=26.6.0
============================================================
[00:24:48.116] INF [render] CIContext 初始化完成，后端=Apple A18 Pro GPU
[00:24:48.152] INF [app] AppEnvironment 初始化完成，hud=true grid=true tone=true
[00:24:48.214] INF [ui] 相机页已装配
[00:24:48.237] DBG [perm] 刷新权限 camera=已授权 mic=已授权 albumAdd=已授权 albumRead=未决定
[00:24:48.237] DBG [thumb] 无相册读取权限，跳过最新照片缩略图
[00:24:48.237] DBG [perm] 刷新权限 camera=已授权 mic=已授权 albumAdd=已授权 albumRead=未决定
[00:24:48.251] INF [device] 格式已应用 Back Triple Camera 4032x3024 1-30fps 4:3 photoMax=4032x3024/5712x4284 fps=30
[00:24:48.251] WRN [session] 【debug】注入打断通知：raw 3（第 1 次候选后 · 同步）
[00:24:48.251] INF [session] 冷探测：候选 31 个，applyFormat 1 次，耗时 0.00s（Live 优先序）
[00:24:48.251] INF [session] 选用采集格式 4032x3024 1-30fps 4:3 photoMax=4032x3024/5712x4284，Live Photo 能力=true（候选共 31 个 · applyFormat 1 次，已缓存并落盘）
[00:24:48.252] INF [photo] 照片编码格式：hvc1
[00:24:48.252] INF [session] 变焦拓扑：deviceType=AVCaptureDeviceTypeBuiltInTripleCamera · constituents=3 · 角色=[超广角,广角,长焦] · switchOver=[2.000, 10.000] · 原生阶梯=[1.000, 2.000, 10.000] · 档位=13→1.000 / 24→2.000 / 35→2.917 / 48→4.000 / 120→10.000 · 不可用=无 · zoomRange=[1.00, 189.00]
[00:24:48.252] INF [session] 手动参数能力：曝光(custom)=false / 白平衡(锁定增益)=false / 对焦(锁定位置)=false
[00:24:48.252] INF [session] 会话配置完成，Live Photo 支持=true
[00:24:48.252] INF [session] startRunning()
[00:24:48.260] INF [hardware] 相机控制按钮交互已挂载（无该按钮的设备上不会触发）
[00:24:48.264] DBG [session] 白平衡增益尚未就绪（冷启动）→ 色温先给兜底值，就绪后补发
[00:24:48.264] DBG [session] 白平衡增益尚未就绪（冷启动）→ 色温先给兜底值，就绪后补发
[00:24:49.802] DBG [preview] 预览层已绑定会话
[00:24:49.901] DBG [session] 白平衡增益已就绪（冷启动）→ 补发手动档状态
[00:24:49.927] INF [resource] 模式 照片 · input 活 1（累计增/删 1/0） · output 活 1（累计增/删 1/0） · 内存 26.3MB
[00:24:49.943] DBG [ui] 会话就绪 · 焦段 24mm 已对齐（变焦 2.00×）
[00:24:52.931] INF [resource] 模式 照片 · input 活 1（累计增/删 1/0） · output 活 1（累计增/删 1/0） · 内存 27.1MB
[00:24:57.959] INF [resource] 模式 照片 · input 活 1（累计增/删 1/0） · output 活 1（累计增/删 1/0） · 内存 25.3MB
[00:25:02.932] INF [resource] 模式 照片 · input 活 1（累计增/删 1/0） · output 活 1（累计增/删 1/0） · 内存 25.3MB
[00:25:03.504] DBG [preview] 点按对焦 view=(226,383) device=(0.49,0.46)
[00:25:03.507] DBG [device] 对焦点 → (0.49, 0.46)
[00:25:03.509] INF [session] 点按对焦后档位：曝光=自动 / 白平衡=自动 / 意图=曝光自动·白平衡自动
[00:25:06.961] INF [resource] 模式 照片 · input 活 1（累计增/删 1/0） · output 活 1（累计增/删 1/0） · 内存 25.6MB
[00:25:11.932] INF [resource] 模式 照片 · input 活 1（累计增/删 1/0） · output 活 1（累计增/删 1/0） · 内存 25.5MB
[00:25:16.961] INF [resource] 模式 照片 · input 活 1（累计增/删 1/0） · output 活 1（累计增/删 1/0） · 内存 25.5MB
[00:25:21.931] INF [resource] 模式 照片 · input 活 1（累计增/删 1/0） · output 活 1（累计增/删 1/0） · 内存 25.5MB
[00:25:26.960] INF [resource] 模式 照片 · input 活 1（累计增/删 1/0） · output 活 1（累计增/删 1/0） · 内存 25.5MB
[00:25:31.932] INF [resource] 模式 照片 · input 活 1（累计增/删 1/0） · output 活 1（累计增/删 1/0） · 内存 25.5MB
[00:25:36.960] INF [resource] 模式 照片 · input 活 1（累计增/删 1/0） · output 活 1（累计增/删 1/0） · 内存 25.5MB
[00:25:41.932] INF [resource] 模式 照片 · input 活 1（累计增/删 1/0） · output 活 1（累计增/删 1/0） · 内存 25.5MB
[00:25:46.962] INF [resource] 模式 照片 · input 活 1（累计增/删 1/0） · output 活 1（累计增/删 1/0） · 内存 25.5MB
[00:25:51.932] INF [resource] 模式 照片 · input 活 1（累计增/删 1/0） · output 活 1（累计增/删 1/0） · 内存 25.5MB
[00:25:56.959] INF [resource] 模式 照片 · input 活 1（累计增/删 1/0） · output 活 1（累计增/删 1/0） · 内存 25.5MB
[00:26:01.932] INF [resource] 模式 照片 · input 活 1（累计增/删 1/0） · output 活 1（累计增/删 1/0） · 内存 25.5MB
[00:26:06.963] INF [resource] 模式 照片 · input 活 1（累计增/删 1/0） · output 活 1（累计增/删 1/0） · 内存 25.5MB
[00:26:11.931] INF [resource] 模式 照片 · input 活 1（累计增/删 1/0） · output 活 1（累计增/删 1/0） · 内存 25.5MB
[00:26:14.287] DBG [ui] toast: 影调预览已关：成片仍按所选风格与滤镜保存
[00:26:16.783] DBG [preview] 点按对焦 view=(34,70) device=(0.09,0.79)
[00:26:16.785] DBG [device] 对焦点 → (0.09, 0.79)
[00:26:16.786] INF [session] 点按对焦后档位：曝光=自动 / 白平衡=自动 / 意图=曝光自动·白平衡自动
[00:26:16.822] INF [resource] 模式 照片 · input 活 1（累计增/删 1/0） · output 活 1（累计增/删 1/0） · 内存 25.9MB
[00:26:17.802] DBG [ui] toast: 影调预览已开：P4 之后取景器会实时叠上风格与滤镜（现在画面还不会变）
[00:26:19.669] DBG [ui] toast: 影调预览已关：成片仍按所选风格与滤镜保存
[00:26:20.421] DBG [preview] 点按对焦 view=(47,36) device=(0.05,0.76)
[00:26:20.422] DBG [device] 对焦点 → (0.05, 0.76)
[00:26:20.424] INF [session] 点按对焦后档位：曝光=自动 / 白平衡=自动 / 意图=曝光自动·白平衡自动
[00:26:20.440] INF [resource] 模式 照片 · input 活 1（累计增/删 1/0） · output 活 1（累计增/删 1/0） · 内存 26.8MB
[00:26:21.055] DBG [ui] toast: 影调预览已开：P4 之后取景器会实时叠上风格与滤镜（现在画面还不会变）
[00:26:24.177] DBG [ui] toast: 影调预览已关：成片仍按所选风格与滤镜保存
[00:26:24.811] DBG [ui] toast: 影调预览已开：P4 之后取景器会实时叠上风格与滤镜（现在画面还不会变）
[00:26:24.957] INF [resource] 模式 照片 · input 活 1（累计增/删 1/0） · output 活 1（累计增/删 1/0） · 内存 27.3MB
[00:26:29.931] INF [resource] 模式 照片 · input 活 1（累计增/删 1/0） · output 活 1（累计增/删 1/0） · 内存 26.1MB
[00:26:34.960] INF [resource] 模式 照片 · input 活 1（累计增/删 1/0） · output 活 1（累计增/删 1/0） · 内存 26.0MB

============================================================
LumenEdit 日志启动 2026-09-22 00:26:38
device=iPhone17,1  system=26.6.0
============================================================
[00:26:38.322] INF [render] CIContext 初始化完成，后端=Apple A18 Pro GPU
[00:26:38.360] INF [app] AppEnvironment 初始化完成，hud=true grid=true tone=true
[00:26:38.391] INF [ui] 相机页已装配
[00:26:38.410] DBG [perm] 刷新权限 camera=已授权 mic=已授权 albumAdd=已授权 albumRead=未决定
[00:26:38.410] DBG [thumb] 无相册读取权限，跳过最新照片缩略图
[00:26:38.410] DBG [perm] 刷新权限 camera=已授权 mic=已授权 albumAdd=已授权 albumRead=未决定
[00:26:38.421] INF [device] 格式已应用 Back Triple Camera 4032x3024 1-30fps 4:3 photoMax=4032x3024/5712x4284 fps=30
[00:26:38.421] INF [session] 采集格式命中**缓存**（跳过探测循环）：4032x3024 1-30fps 4:3 photoMax=4032x3024/5712x4284
[00:26:38.422] INF [photo] 照片编码格式：hvc1
[00:26:38.422] INF [session] 变焦拓扑：deviceType=AVCaptureDeviceTypeBuiltInTripleCamera · constituents=3 · 角色=[超广角,广角,长焦] · switchOver=[2.000, 10.000] · 原生阶梯=[1.000, 2.000, 10.000] · 档位=13→1.000 / 24→2.000 / 35→2.917 / 48→4.000 / 120→10.000 · 不可用=无 · zoomRange=[1.00, 189.00]
[00:26:38.422] INF [session] 手动参数能力：曝光(custom)=false / 白平衡(锁定增益)=false / 对焦(锁定位置)=false
[00:26:38.422] INF [session] 会话配置完成，Live Photo 支持=true
[00:26:38.422] INF [session] startRunning()
[00:26:38.429] INF [hardware] 相机控制按钮交互已挂载（无该按钮的设备上不会触发）
[00:26:38.433] DBG [session] 白平衡增益尚未就绪（冷启动）→ 色温先给兜底值，就绪后补发
[00:26:39.603] DBG [preview] 预览层已绑定会话
[00:26:39.640] DBG [session] 白平衡增益已就绪（冷启动）→ 补发手动档状态
[00:26:39.661] INF [resource] 模式 照片 · input 活 1（累计增/删 1/0） · output 活 1（累计增/删 1/0） · 内存 24.1MB
[00:26:39.677] DBG [ui] 会话就绪 · 焦段 24mm 已对齐（变焦 2.00×）
[00:26:42.688] INF [resource] 模式 照片 · input 活 1（累计增/删 1/0） · output 活 1（累计增/删 1/0） · 内存 26.6MB
[00:26:47.716] INF [resource] 模式 照片 · input 活 1（累计增/删 1/0） · output 活 1（累计增/删 1/0） · 内存 25.1MB
[00:26:52.687] INF [resource] 模式 照片 · input 活 1（累计增/删 1/0） · output 活 1（累计增/删 1/0） · 内存 25.1MB
[00:26:57.716] INF [resource] 模式 照片 · input 活 1（累计增/删 1/0） · output 活 1（累计增/删 1/0） · 内存 25.1MB
[00:27:02.687] INF [resource] 模式 照片 · input 活 1（累计增/删 1/0） · output 活 1（累计增/删 1/0） · 内存 25.1MB
[00:27:02.941] INF [ui] 点「对焦」→ 虚拟会话 → 预切换物理（无转场；1.2s 未完成退转场）
[00:27:02.941] DBG [ui] toast: 正在切换到 24 mm 物理镜头 · 完成后打开对焦圆盘
[00:27:02.941] INF [ui] 入口动作已排队：先静默挂物理设备，挂好后自动执行
[00:27:02.941] INF [session] 静默换形态（后台挂设备 · 无转场）→ 物理单摄（24 mm）
[00:27:03.793] INF [device] 格式已应用 Back Camera 1920x1440 1-30fps 4:3 photoMax=1920x1440/4032x3024 fps=30
[00:27:03.793] WRN [session] 【debug】注入打断通知：raw 3（第 1 次候选后 · 同步）
[00:27:03.793] WRN [session] ⚠️ 直播会话被打断：视频设备被另一个客户端占用（raw 3）
[00:27:03.793] INF [session] 冷探测：候选 41 个，applyFormat 1 次，耗时 0.26s（A/B：优先序已关）
[00:27:03.793] WRN [session] ⚠️ 探测期间会话被打断 → 已在第 1 次候选处收手，采用兜底格式（不写缓存）
[00:27:03.793] INF [session] 搬运：EV 已重放（+0.0）
[00:27:03.793] INF [session] 搬运：对焦显式降级 → 连续自动（预检 ⑤）
[00:27:03.793] INF [session] 换设备后新设备档位复查：曝光=自动 / 白平衡=自动 / 对焦=自动（显式降级） / EV=+0.0
[00:27:03.794] INF [session] 换设备完成（静默·无转场）→ 物理单摄（24 mm）；当前档位 24 mm；Live Photo 能力=false；耗时 0.85s
[00:27:03.794] INF [session] 静默换形态耗时 0.85s（命中格式缓存 ≈0.3~0.8s；每设备首次冷探测 4~5s）
[00:27:03.800] DBG [ui] 静默换形态完成 → 由 form 边沿执行入口动作
[00:27:03.800] DBG [ui] 对焦圆盘展开（入口：图标行「对焦」）
[00:27:03.800] DBG [ui] toast: 手动对焦：拖动圆盘调焦（0.0 近 → ∞ 远） · 再点收起
[00:27:03.800] DBG [ui] 全手动档退出但参数界面开着 → 暂不回切（保预切换成果）
[00:27:07.716] INF [resource] 模式 照片 · input 活 1（累计增/删 2/1） · output 活 1（累计增/删 1/0） · 内存 26.6MB
[00:27:12.688] INF [resource] 模式 照片 · input 活 1（累计增/删 2/1） · output 活 1（累计增/删 1/0） · 内存 26.3MB
[00:27:17.716] INF [resource] 模式 照片 · input 活 1（累计增/删 2/1） · output 活 1（累计增/删 1/0） · 内存 26.3MB
[00:27:22.688] INF [resource] 模式 照片 · input 活 1（累计增/删 2/1） · output 活 1（累计增/删 1/0） · 内存 26.3MB
[00:27:27.716] INF [resource] 模式 照片 · input 活 1（累计增/删 2/1） · output 活 1（累计增/删 1/0） · 内存 26.3MB
