[日志已截断，仅保留最近 800 行]
[23:55:51.672] INF [photo] Live Photo 采集 已开启
[23:55:51.739] DBG [ui] toast: Log 实况：当前录制 Log 视频，套用 LUT 导出实况照片在 P5 交付
[23:55:51.739] INF [session] 切换模式 实况 → Log 实况
[23:55:52.028] INF [session] 切模式 commit 后瞬间档位：曝光=手动 / 白平衡=手动 / 快照=曝光手动·白平衡手动
[23:55:52.028] INF [photo] 照片编码格式：hvc1
[23:55:52.028] INF [device] 手动曝光档：ISO 326 快门 1/52s
[23:55:52.028] INF [session] 切模式：手动曝光已按快照重放（ISO 326）
[23:55:52.028] INF [device] 手动白平衡档：5530K（色调跟随当前值 1）
[23:55:52.028] INF [session] 切模式：手动白平衡已按快照重放（5530K）
[23:55:52.029] INF [session] 切模式后档位复查（实况）：曝光=手动 / 白平衡=手动 / 对焦意图=手动 / EV=+0.0
[23:55:52.029] INF [session] 切模式耗时 0.36s（实况；含 outputs 重配与参数重放）
[23:55:52.029] INF [resource] 模式 实况 · input 活 2（累计增/删 18/16） · output 活 1（累计增/删 174/173） · 内存 32.7MB
[23:55:52.030] INF [photo] Live Photo 采集 已开启
[23:55:52.328] INF [session] 切模式 commit 后瞬间档位：曝光=手动 / 白平衡=手动 / 快照=曝光手动·白平衡手动
[23:55:52.328] INF [photo] 照片编码格式：hvc1
[23:55:52.328] INF [device] 手动曝光档：ISO 884 快门 1/41s
[23:55:52.328] INF [session] 切模式：手动曝光已按快照重放（ISO 884）
[23:55:52.328] INF [device] 手动白平衡档：5250K（色调跟随当前值 4）
[23:55:52.328] INF [session] 切模式：手动白平衡已按快照重放（5250K）
[23:55:52.329] INF [session] 切模式后档位复查（实况）：曝光=手动 / 白平衡=手动 / 对焦意图=手动 / EV=+0.0
[23:55:52.329] INF [session] 切模式耗时 0.30s（实况；含 outputs 重配与参数重放）
[23:55:52.658] INF [session] 切模式 commit 后瞬间档位：曝光=手动 / 白平衡=手动 / 快照=曝光手动·白平衡手动
[23:55:52.658] DBG [photo] Log 实况：录制链路不挂照片输出，跳过照片模板准备
[23:55:52.658] INF [device] 手动曝光档：ISO 906 快门 1/41s
[23:55:52.658] INF [session] 切模式：手动曝光已按快照重放（ISO 906）
[23:55:52.658] INF [device] 手动白平衡档：5062K（色调跟随当前值 5）
[23:55:52.658] INF [session] 切模式：手动白平衡已按快照重放（5062K）
[23:55:52.659] INF [session] 切模式后档位复查（Log 实况）：曝光=手动 / 白平衡=手动 / 对焦意图=手动 / EV=+0.0
[23:55:52.659] INF [session] 切模式耗时 0.33s（Log 实况；含 outputs 重配与参数重放）
[23:55:52.713] INF [session] 切换模式 Log 实况 → 照片
[23:55:52.872] INF [session] 切换模式 Log 实况 → 照片
[23:55:53.017] INF [session] 切模式 commit 后瞬间档位：曝光=手动 / 白平衡=手动 / 快照=曝光手动·白平衡手动
[23:55:53.017] DBG [photo] Log 实况：录制链路不挂照片输出，跳过照片模板准备
[23:55:53.017] INF [device] 手动曝光档：ISO 271 快门 1/41s
[23:55:53.017] INF [session] 切模式：手动曝光已按快照重放（ISO 271）
[23:55:53.017] INF [device] 手动白平衡档：5001K（色调跟随当前值 5）
[23:55:53.017] INF [session] 切模式：手动白平衡已按快照重放（5001K）
[23:55:53.018] INF [session] 切模式后档位复查（Log 实况）：曝光=手动 / 白平衡=手动 / 对焦意图=手动 / EV=+0.0
[23:55:53.018] INF [session] 切模式耗时 0.36s（Log 实况；含 outputs 重配与参数重放）
[23:55:53.074] INF [session] 切换模式 Log 实况 → 实况
[23:55:53.374] INF [session] 切模式 commit 后瞬间档位：曝光=手动 / 白平衡=手动 / 快照=曝光手动·白平衡手动
[23:55:53.374] DBG [photo] Log 实况：录制链路不挂照片输出，跳过照片模板准备
[23:55:53.374] INF [device] 手动曝光档：ISO 244 快门 1/41s
[23:55:53.374] INF [session] 切模式：手动曝光已按快照重放（ISO 244）
[23:55:53.374] INF [device] 手动白平衡档：5186K（色调跟随当前值 5）
[23:55:53.374] INF [session] 切模式：手动白平衡已按快照重放（5186K）
[23:55:53.375] INF [session] 切模式后档位复查（Log 实况）：曝光=手动 / 白平衡=手动 / 对焦意图=手动 / EV=+0.0
[23:55:53.375] INF [session] 切模式耗时 0.36s（Log 实况；含 outputs 重配与参数重放）
[23:55:53.732] INF [session] 切模式 commit 后瞬间档位：曝光=手动 / 白平衡=手动 / 快照=曝光手动·白平衡手动
[23:55:53.733] DBG [photo] 视频：录制链路不挂照片输出，跳过照片模板准备
[23:55:53.733] INF [device] 手动曝光档：ISO 245 快门 1/41s
[23:55:53.733] INF [session] 切模式：手动曝光已按快照重放（ISO 245）
[23:55:53.733] INF [device] 手动白平衡档：5458K（色调跟随当前值 2）
[23:55:53.733] INF [session] 切模式：手动白平衡已按快照重放（5458K）
[23:55:53.734] INF [session] 切模式后档位复查（视频）：曝光=手动 / 白平衡=手动 / 对焦意图=手动 / EV=+0.0
[23:55:53.734] INF [session] 切模式耗时 0.36s（视频；含 outputs 重配与参数重放）
[23:55:53.872] DBG [ui] toast: Log 实况：当前录制 Log 视频，套用 LUT 导出实况照片在 P5 交付
[23:55:53.872] INF [session] 切换模式 视频 → Log 实况
[23:55:54.132] INF [session] 切模式 commit 后瞬间档位：曝光=手动 / 白平衡=手动 / 快照=曝光手动·白平衡手动
[23:55:54.132] DBG [photo] 视频：录制链路不挂照片输出，跳过照片模板准备
[23:55:54.133] INF [device] 手动曝光档：ISO 247 快门 1/41s
[23:55:54.133] INF [session] 切模式：手动曝光已按快照重放（ISO 247）
[23:55:54.133] INF [device] 手动白平衡档：5609K（色调跟随当前值 0）
[23:55:54.133] INF [session] 切模式：手动白平衡已按快照重放（5609K）
[23:55:54.134] INF [session] 切模式后档位复查（视频）：曝光=手动 / 白平衡=手动 / 对焦意图=手动 / EV=+0.0
[23:55:54.134] INF [session] 切模式耗时 0.40s（视频；含 outputs 重配与参数重放）
[23:55:54.134] INF [resource] 模式 视频 · input 活 2（累计增/删 18/16） · output 活 1（累计增/删 180/179） · 内存 33.1MB
[23:55:54.476] INF [session] 切模式 commit 后瞬间档位：曝光=手动 / 白平衡=手动 / 快照=曝光手动·白平衡手动
[23:55:54.476] DBG [photo] 视频：录制链路不挂照片输出，跳过照片模板准备
[23:55:54.476] INF [device] 手动曝光档：ISO 213 快门 1/36s
[23:55:54.476] INF [session] 切模式：手动曝光已按快照重放（ISO 213）
[23:55:54.476] INF [device] 手动白平衡档：5609K（色调跟随当前值 0）
[23:55:54.476] INF [session] 切模式：手动白平衡已按快照重放（5609K）
[23:55:54.477] INF [session] 切模式后档位复查（视频）：曝光=手动 / 白平衡=手动 / 对焦意图=手动 / EV=+0.0
[23:55:54.477] INF [session] 切模式耗时 0.34s（视频；含 outputs 重配与参数重放）
[23:55:54.572] DBG [ui] toast: Log 实况：当前录制 Log 视频，套用 LUT 导出实况照片在 P5 交付
[23:55:54.573] INF [session] 切换模式 视频 → Log 实况
[23:55:54.722] DBG [ui] toast: Log 实况：当前录制 Log 视频，套用 LUT 导出实况照片在 P5 交付
[23:55:54.723] INF [session] 切换模式 视频 → Log 实况
[23:55:54.825] INF [session] 切模式 commit 后瞬间档位：曝光=手动 / 白平衡=手动 / 快照=曝光手动·白平衡手动
[23:55:54.825] DBG [photo] 视频：录制链路不挂照片输出，跳过照片模板准备
[23:55:54.825] INF [device] 手动曝光档：ISO 217 快门 1/36s
[23:55:54.825] INF [session] 切模式：手动曝光已按快照重放（ISO 217）
[23:55:54.825] INF [device] 手动白平衡档：5529K（色调跟随当前值 0）
[23:55:54.825] INF [session] 切模式：手动白平衡已按快照重放（5529K）
[23:55:54.826] INF [session] 切模式后档位复查（视频）：曝光=手动 / 白平衡=手动 / 对焦意图=手动 / EV=+0.0
[23:55:54.826] INF [session] 切模式耗时 0.35s（视频；含 outputs 重配与参数重放）
[23:55:54.873] DBG [ui] toast: Log 实况：当前录制 Log 视频，套用 LUT 导出实况照片在 P5 交付
[23:55:54.873] INF [session] 切换模式 视频 → Log 实况
[23:55:55.023] INF [session] 切换模式 视频 → 实况
[23:55:55.173] INF [session] 切换模式 视频 → 实况
[23:55:55.190] INF [session] 切模式 commit 后瞬间档位：曝光=手动 / 白平衡=手动 / 快照=曝光手动·白平衡手动
[23:55:55.190] DBG [photo] 视频：录制链路不挂照片输出，跳过照片模板准备
[23:55:55.190] INF [device] 手动曝光档：ISO 218 快门 1/36s
[23:55:55.190] INF [session] 切模式：手动曝光已按快照重放（ISO 218）
[23:55:55.190] INF [device] 手动白平衡档：5529K（色调跟随当前值 0）
[23:55:55.190] INF [session] 切模式：手动白平衡已按快照重放（5529K）
[23:55:55.191] INF [session] 切模式后档位复查（视频）：曝光=手动 / 白平衡=手动 / 对焦意图=手动 / EV=+0.0
[23:55:55.191] INF [session] 切模式耗时 0.37s（视频；含 outputs 重配与参数重放）
[23:55:55.192] INF [photo] Live Photo 采集 已开启
[23:55:55.339] INF [session] 切换模式 视频 → 实况
[23:55:55.489] INF [session] 切换模式 视频 → 实况
[23:55:55.656] INF [session] 切换模式 视频 → 实况
[23:55:55.708] INF [session] 切模式 commit 后瞬间档位：曝光=手动 / 白平衡=手动 / 快照=曝光手动·白平衡手动
[23:55:55.708] INF [photo] 照片编码格式：hvc1
[23:55:55.708] INF [device] 手动曝光档：ISO 224 快门 1/36s
[23:55:55.708] INF [session] 切模式：手动曝光已按快照重放（ISO 224）
[23:55:55.708] INF [device] 手动白平衡档：5609K（色调跟随当前值 0）
[23:55:55.708] INF [session] 切模式：手动白平衡已按快照重放（5609K）
[23:55:55.709] INF [session] 切模式后档位复查（实况）：曝光=手动 / 白平衡=手动 / 对焦意图=手动 / EV=+0.0
[23:55:55.709] INF [session] 切模式耗时 0.52s（实况；含 outputs 重配与参数重放）
[23:55:55.711] INF [photo] Live Photo 采集 已开启
[23:55:55.831] DBG [ui] toast: Log 实况：当前录制 Log 视频，套用 LUT 导出实况照片在 P5 交付
[23:55:55.831] INF [session] 切换模式 实况 → Log 实况
[23:55:56.018] DBG [ui] toast: Log 实况：当前录制 Log 视频，套用 LUT 导出实况照片在 P5 交付
[23:55:56.019] INF [session] 切换模式 实况 → Log 实况
[23:55:56.072] INF [session] 切模式 commit 后瞬间档位：曝光=手动 / 白平衡=手动 / 快照=曝光手动·白平衡手动
[23:55:56.072] INF [photo] 照片编码格式：hvc1
[23:55:56.072] INF [device] 手动曝光档：ISO 368 快门 1/60s
[23:55:56.073] INF [session] 切模式：手动曝光已按快照重放（ISO 368）
[23:55:56.073] INF [device] 手动白平衡档：5609K（色调跟随当前值 0）
[23:55:56.073] INF [session] 切模式：手动白平衡已按快照重放（5609K）
[23:55:56.073] INF [session] 切模式后档位复查（实况）：曝光=手动 / 白平衡=手动 / 对焦意图=手动 / EV=+0.0
[23:55:56.073] INF [session] 切模式耗时 0.36s（实况；含 outputs 重配与参数重放）
[23:55:56.074] INF [photo] Live Photo 采集 已开启
[23:55:56.202] INF [session] 切换模式 实况 → 视频
[23:55:56.368] INF [session] 切换模式 实况 → 视频
[23:55:56.372] INF [session] 切模式 commit 后瞬间档位：曝光=手动 / 白平衡=手动 / 快照=曝光手动·白平衡手动
[23:55:56.372] INF [photo] 照片编码格式：hvc1
[23:55:56.372] INF [device] 手动曝光档：ISO 889 快门 1/40s
[23:55:56.372] INF [session] 切模式：手动曝光已按快照重放（ISO 889）
[23:55:56.372] INF [device] 手动白平衡档：5186K（色调跟随当前值 5）
[23:55:56.372] INF [session] 切模式：手动白平衡已按快照重放（5186K）
[23:55:56.373] INF [session] 切模式后档位复查（实况）：曝光=手动 / 白平衡=手动 / 对焦意图=手动 / EV=+0.0
[23:55:56.373] INF [session] 切模式耗时 0.30s（实况；含 outputs 重配与参数重放）
[23:55:56.373] INF [session] 已移除麦克风输入
[23:55:56.491] INF [audio] 音频会话已释放
[23:55:56.535] INF [session] 切换模式 实况 → 视频
[23:55:56.719] DBG [ui] toast: Log 实况：当前录制 Log 视频，套用 LUT 导出实况照片在 P5 交付
[23:55:56.719] INF [session] 切换模式 实况 → Log 实况
[23:55:56.892] INF [session] 切模式 commit 后瞬间档位：曝光=手动 / 白平衡=手动 / 快照=曝光手动·白平衡手动
[23:55:56.893] INF [photo] 照片编码格式：hvc1
[23:55:56.893] INF [device] 手动曝光档：ISO 901 快门 1/40s
[23:55:56.893] INF [session] 切模式：手动曝光已按快照重放（ISO 901）
[23:55:56.893] INF [device] 手动白平衡档：4886K（色调跟随当前值 5）
[23:55:56.893] INF [session] 切模式：手动白平衡已按快照重放（4886K）
[23:55:56.894] INF [session] 切模式后档位复查（照片）：曝光=手动 / 白平衡=手动 / 对焦意图=手动 / EV=+0.0
[23:55:56.894] INF [session] 切模式耗时 0.52s（照片；含 outputs 重配与参数重放）
[23:55:56.894] INF [resource] 模式 照片 · input 活 1（累计增/删 18/17） · output 活 1（累计增/删 187/186） · 内存 32.8MB
[23:55:56.927] DBG [preview] 点按对焦 view=(193,0) device=(0.00,0.51)
[23:55:56.927] INF [ui] 手动对焦锁定中 → 点按取景器：解除手动档并重新对焦（方案 A）
[23:55:56.927] DBG [ui] toast: 已解除手动对焦 · 正在重新对焦
[23:55:57.106] INF [session] 切换模式 照片 → 实况
[23:55:57.224] INF [session] 切模式 commit 后瞬间档位：曝光=手动 / 白平衡=手动 / 快照=曝光手动·白平衡手动
[23:55:57.224] INF [photo] 照片编码格式：hvc1
[23:55:57.224] INF [device] 手动曝光档：ISO 543 快门 1/60s
[23:55:57.224] INF [session] 切模式：手动曝光已按快照重放（ISO 543）
[23:55:57.224] INF [device] 手动白平衡档：5185K（色调跟随当前值 4）
[23:55:57.224] INF [session] 切模式：手动白平衡已按快照重放（5185K）
[23:55:57.225] INF [session] 切模式后档位复查（照片）：曝光=手动 / 白平衡=手动 / 对焦意图=手动 / EV=+0.0
[23:55:57.225] INF [session] 切模式耗时 0.33s（照片；含 outputs 重配与参数重放）
[23:55:57.225] INF [session] 已加入麦克风输入
[23:55:57.244] INF [audio] 音频会话已激活（active=true category=AVAudioSessionCategoryPlayAndRecord mode=AVAudioSessionModeVideoRecording 48000Hz ch=1）
[23:55:57.259] INF [session] 切换模式 照片 → 实况
[23:55:57.620] INF [session] 切模式 commit 后瞬间档位：曝光=手动 / 白平衡=手动 / 快照=曝光手动·白平衡手动
[23:55:57.620] DBG [photo] Log 实况：录制链路不挂照片输出，跳过照片模板准备
[23:55:57.620] INF [device] 手动曝光档：ISO 870 快门 1/40s
[23:55:57.620] INF [session] 切模式：手动曝光已按快照重放（ISO 870）
[23:55:57.620] INF [device] 手动白平衡档：4886K（色调跟随当前值 5）
[23:55:57.620] INF [session] 切模式：手动白平衡已按快照重放（4886K）
[23:55:57.621] INF [session] 切模式后档位复查（Log 实况）：曝光=手动 / 白平衡=手动 / 对焦意图=手动 / EV=+0.0
[23:55:57.621] INF [session] 切模式耗时 0.40s（Log 实况；含 outputs 重配与参数重放）
[23:55:57.970] INF [session] 切模式 commit 后瞬间档位：曝光=手动 / 白平衡=手动 / 快照=曝光手动·白平衡手动
[23:55:57.970] DBG [photo] Log 实况：录制链路不挂照片输出，跳过照片模板准备
[23:55:57.971] INF [device] 手动曝光档：ISO 363 快门 1/36s
[23:55:57.971] INF [session] 切模式：手动曝光已按快照重放（ISO 363）
[23:55:57.971] INF [device] 手动白平衡档：4830K（色调跟随当前值 6）
[23:55:57.971] INF [session] 切模式：手动白平衡已按快照重放（4830K）
[23:55:57.972] INF [session] 切模式后档位复查（Log 实况）：曝光=手动 / 白平衡=手动 / 对焦意图=手动 / EV=+0.0
[23:55:57.972] INF [session] 切模式耗时 0.35s（Log 实况；含 outputs 重配与参数重放）
[23:55:58.161] INF [session] 切换模式 Log 实况 → 实况
[23:55:58.330] INF [session] 切模式 commit 后瞬间档位：曝光=手动 / 白平衡=手动 / 快照=曝光手动·白平衡手动
[23:55:58.330] DBG [photo] 视频：录制链路不挂照片输出，跳过照片模板准备
[23:55:58.330] INF [device] 手动曝光档：ISO 216 快门 1/36s
[23:55:58.331] INF [session] 切模式：手动曝光已按快照重放（ISO 216）
[23:55:58.331] INF [device] 手动白平衡档：4830K（色调跟随当前值 6）
[23:55:58.331] INF [session] 切模式：手动白平衡已按快照重放（4830K）
[23:55:58.331] INF [session] 切模式后档位复查（视频）：曝光=手动 / 白平衡=手动 / 对焦意图=手动 / EV=+0.0
[23:55:58.331] INF [session] 切模式耗时 0.36s（视频；含 outputs 重配与参数重放）
[23:55:58.684] INF [session] 切模式 commit 后瞬间档位：曝光=手动 / 白平衡=手动 / 快照=曝光手动·白平衡手动
[23:55:58.684] DBG [photo] 视频：录制链路不挂照片输出，跳过照片模板准备
[23:55:58.684] INF [device] 手动曝光档：ISO 218 快门 1/36s
[23:55:58.684] INF [session] 切模式：手动曝光已按快照重放（ISO 218）
[23:55:58.685] INF [device] 手动白平衡档：5059K（色调跟随当前值 4）
[23:55:58.685] INF [session] 切模式：手动白平衡已按快照重放（5059K）
[23:55:58.685] INF [session] 切模式后档位复查（视频）：曝光=手动 / 白平衡=手动 / 对焦意图=手动 / EV=+0.0
[23:55:58.685] INF [session] 切模式耗时 0.35s（视频；含 outputs 重配与参数重放）
[23:55:59.042] INF [session] 切模式 commit 后瞬间档位：曝光=手动 / 白平衡=手动 / 快照=曝光手动·白平衡手动
[23:55:59.042] DBG [photo] 视频：录制链路不挂照片输出，跳过照片模板准备
[23:55:59.043] INF [device] 手动曝光档：ISO 215 快门 1/36s
[23:55:59.043] INF [session] 切模式：手动曝光已按快照重放（ISO 215）
[23:55:59.043] INF [device] 手动白平衡档：5312K（色调跟随当前值 2）
[23:55:59.043] INF [session] 切模式：手动白平衡已按快照重放（5312K）
[23:55:59.044] INF [session] 切模式后档位复查（视频）：曝光=手动 / 白平衡=手动 / 对焦意图=手动 / EV=+0.0
[23:55:59.044] INF [session] 切模式耗时 0.36s（视频；含 outputs 重配与参数重放）
[23:55:59.044] INF [resource] 模式 视频 · input 活 2（累计增/删 19/17） · output 活 1（累计增/删 193/192） · 内存 33.0MB
[23:55:59.399] INF [session] 切模式 commit 后瞬间档位：曝光=手动 / 白平衡=手动 / 快照=曝光手动·白平衡手动
[23:55:59.399] DBG [photo] Log 实况：录制链路不挂照片输出，跳过照片模板准备
[23:55:59.399] INF [device] 手动曝光档：ISO 188 快门 1/36s
[23:55:59.399] INF [session] 切模式：手动曝光已按快照重放（ISO 188）
[23:55:59.399] INF [device] 手动白平衡档：5608K（色调跟随当前值 -0）
[23:55:59.399] INF [session] 切模式：手动白平衡已按快照重放（5608K）
[23:55:59.400] INF [session] 切模式后档位复查（Log 实况）：曝光=手动 / 白平衡=手动 / 对焦意图=手动 / EV=+0.0
[23:55:59.400] INF [session] 切模式耗时 0.36s（Log 实况；含 outputs 重配与参数重放）
[23:55:59.401] INF [photo] Live Photo 采集 已开启
[23:55:59.917] INF [session] 切模式 commit 后瞬间档位：曝光=手动 / 白平衡=手动 / 快照=曝光手动·白平衡手动
[23:55:59.918] INF [photo] 照片编码格式：hvc1
[23:55:59.918] INF [device] 手动曝光档：ISO 159 快门 1/36s
[23:55:59.918] INF [session] 切模式：手动曝光已按快照重放（ISO 159）
[23:55:59.918] INF [device] 手动白平衡档：5954K（色调跟随当前值 -2）
[23:55:59.918] INF [session] 切模式：手动白平衡已按快照重放（5954K）
[23:55:59.919] INF [session] 切模式后档位复查（实况）：曝光=手动 / 白平衡=手动 / 对焦意图=手动 / EV=+0.0
[23:55:59.919] INF [session] 切模式耗时 0.52s（实况；含 outputs 重配与参数重放）
[23:55:59.921] INF [photo] Live Photo 采集 已开启
[23:56:00.281] INF [session] 切模式 commit 后瞬间档位：曝光=手动 / 白平衡=手动 / 快照=曝光手动·白平衡手动
[23:56:00.281] INF [photo] 照片编码格式：hvc1
[23:56:00.281] INF [device] 手动曝光档：ISO 271 快门 1/60s
[23:56:00.281] INF [session] 切模式：手动曝光已按快照重放（ISO 271）
[23:56:00.281] INF [device] 手动白平衡档：6371K（色调跟随当前值 -4）
[23:56:00.281] INF [session] 切模式：手动白平衡已按快照重放（6371K）
[23:56:00.282] INF [session] 切模式后档位复查（实况）：曝光=手动 / 白平衡=手动 / 对焦意图=手动 / EV=+0.0
[23:56:00.282] INF [session] 切模式耗时 0.36s（实况；含 outputs 重配与参数重放）
[23:56:00.283] INF [photo] Live Photo 采集 已开启
[23:56:00.580] INF [session] 切模式 commit 后瞬间档位：曝光=手动 / 白平衡=手动 / 快照=曝光手动·白平衡手动
[23:56:00.580] INF [photo] 照片编码格式：hvc1
[23:56:00.581] INF [device] 手动曝光档：ISO 419 快门 1/52s
[23:56:00.581] INF [session] 切模式：手动曝光已按快照重放（ISO 419）
[23:56:00.581] INF [device] 手动白平衡档：6506K（色调跟随当前值 -10）
[23:56:00.581] INF [session] 切模式：手动白平衡已按快照重放（6506K）
[23:56:00.581] INF [session] 切模式后档位复查（实况）：曝光=手动 / 白平衡=手动 / 对焦意图=手动 / EV=+0.0
[23:56:00.581] INF [session] 切模式耗时 0.30s（实况；含 outputs 重配与参数重放）
[23:56:00.582] INF [session] 已移除麦克风输入
[23:56:00.653] INF [audio] 音频会话已释放
[23:56:01.093] INF [session] 切模式 commit 后瞬间档位：曝光=手动 / 白平衡=手动 / 快照=曝光手动·白平衡手动
[23:56:01.094] INF [photo] 照片编码格式：hvc1
[23:56:01.094] INF [device] 手动曝光档：ISO 421 快门 1/52s
[23:56:01.094] INF [session] 切模式：手动曝光已按快照重放（ISO 421）
[23:56:01.094] INF [device] 手动白平衡档：6389K（色调跟随当前值 -11）
[23:56:01.094] INF [session] 切模式：手动白平衡已按快照重放（6389K）
[23:56:01.096] INF [session] 切模式后档位复查（照片）：曝光=手动 / 白平衡=手动 / 对焦意图=手动 / EV=+0.0
[23:56:01.096] INF [session] 切模式耗时 0.51s（照片；含 outputs 重配与参数重放）
[23:56:01.096] INF [resource] 模式 照片 · input 活 1（累计增/删 19/18） · output 活 1（累计增/删 198/197） · 内存 33.0MB
[23:56:01.097] INF [session] 已加入麦克风输入
[23:56:01.134] INF [audio] 音频会话已激活（active=true category=AVAudioSessionCategoryPlayAndRecord mode=AVAudioSessionModeVideoRecording 48000Hz ch=1）
[23:56:01.454] INF [session] 切模式 commit 后瞬间档位：曝光=手动 / 白平衡=手动 / 快照=曝光手动·白平衡手动
[23:56:01.454] DBG [photo] Log 实况：录制链路不挂照片输出，跳过照片模板准备
[23:56:01.454] INF [device] 手动曝光档：ISO 281 快门 1/52s
[23:56:01.455] INF [session] 切模式：手动曝光已按快照重放（ISO 281）
[23:56:01.455] INF [device] 手动白平衡档：5956K（色调跟随当前值 -8）
[23:56:01.455] INF [session] 切模式：手动白平衡已按快照重放（5956K）
[23:56:01.455] INF [session] 切模式后档位复查（Log 实况）：曝光=手动 / 白平衡=手动 / 对焦意图=手动 / EV=+0.0
[23:56:01.455] INF [session] 切模式耗时 0.36s（Log 实况；含 outputs 重配与参数重放）
[23:56:01.809] INF [session] 切模式 commit 后瞬间档位：曝光=手动 / 白平衡=手动 / 快照=曝光手动·白平衡手动
[23:56:01.809] DBG [photo] Log 实况：录制链路不挂照片输出，跳过照片模板准备
[23:56:01.810] INF [device] 手动曝光档：ISO 214 快门 1/41s
[23:56:01.810] INF [session] 切模式：手动曝光已按快照重放（ISO 214）
[23:56:01.810] INF [device] 手动白平衡档：5596K（色调跟随当前值 -6）
[23:56:01.810] INF [session] 切模式：手动白平衡已按快照重放（5596K）
[23:56:01.811] INF [session] 切模式后档位复查（Log 实况）：曝光=手动 / 白平衡=手动 / 对焦意图=手动 / EV=+0.0
[23:56:01.811] INF [session] 切模式耗时 0.36s（Log 实况；含 outputs 重配与参数重放）
[23:56:02.170] INF [session] 切模式 commit 后瞬间档位：曝光=手动 / 白平衡=手动 / 快照=曝光手动·白平衡手动
[23:56:02.170] DBG [photo] 视频：录制链路不挂照片输出，跳过照片模板准备
[23:56:02.170] INF [device] 手动曝光档：ISO 169 快门 1/41s
[23:56:02.170] INF [session] 切模式：手动曝光已按快照重放（ISO 169）
[23:56:02.170] INF [device] 手动白平衡档：5440K（色调跟随当前值 -4）
[23:56:02.170] INF [session] 切模式：手动白平衡已按快照重放（5440K）
[23:56:02.171] INF [session] 切模式后档位复查（视频）：曝光=手动 / 白平衡=手动 / 对焦意图=手动 / EV=+0.0
[23:56:02.171] INF [session] 切模式耗时 0.36s（视频；含 outputs 重配与参数重放）
[23:56:02.515] INF [session] 切模式 commit 后瞬间档位：曝光=手动 / 白平衡=手动 / 快照=曝光手动·白平衡手动
[23:56:02.515] DBG [photo] 视频：录制链路不挂照片输出，跳过照片模板准备
[23:56:02.516] INF [device] 手动曝光档：ISO 170 快门 1/41s
[23:56:02.516] INF [session] 切模式：手动曝光已按快照重放（ISO 170）
[23:56:02.516] INF [device] 手动白平衡档：5683K（色调跟随当前值 -6）
[23:56:02.516] INF [session] 切模式：手动白平衡已按快照重放（5683K）
[23:56:02.517] INF [session] 切模式后档位复查（视频）：曝光=手动 / 白平衡=手动 / 对焦意图=手动 / EV=+0.0
[23:56:02.517] INF [session] 切模式耗时 0.35s（视频；含 outputs 重配与参数重放）
[23:56:02.517] INF [resource] 模式 视频 · input 活 2（累计增/删 20/18） · output 活 1（累计增/删 202/201） · 内存 33.4MB
[23:56:02.871] INF [session] 切模式 commit 后瞬间档位：曝光=手动 / 白平衡=手动 / 快照=曝光手动·白平衡手动
[23:56:02.871] DBG [photo] 视频：录制链路不挂照片输出，跳过照片模板准备
[23:56:02.872] INF [device] 手动曝光档：ISO 170 快门 1/41s
[23:56:02.872] INF [session] 切模式：手动曝光已按快照重放（ISO 170）
[23:56:02.872] INF [device] 手动白平衡档：6055K（色调跟随当前值 -8）
[23:56:02.872] INF [session] 切模式：手动白平衡已按快照重放（6055K）
[23:56:02.873] INF [session] 切模式后档位复查（视频）：曝光=手动 / 白平衡=手动 / 对焦意图=手动 / EV=+0.0
[23:56:02.873] INF [session] 切模式耗时 0.36s（视频；含 outputs 重配与参数重放）
[23:56:03.229] INF [session] 切模式 commit 后瞬间档位：曝光=手动 / 白平衡=手动 / 快照=曝光手动·白平衡手动
[23:56:03.229] DBG [photo] 视频：录制链路不挂照片输出，跳过照片模板准备
[23:56:03.230] INF [device] 手动曝光档：ISO 176 快门 1/41s
[23:56:03.230] INF [session] 切模式：手动曝光已按快照重放（ISO 176）
[23:56:03.230] INF [device] 手动白平衡档：6506K（色调跟随当前值 -10）
[23:56:03.230] INF [session] 切模式：手动白平衡已按快照重放（6506K）
[23:56:03.232] INF [session] 切模式后档位复查（视频）：曝光=手动 / 白平衡=手动 / 对焦意图=手动 / EV=+0.0
[23:56:03.232] INF [session] 切模式耗时 0.36s（视频；含 outputs 重配与参数重放）
[23:56:03.572] INF [session] 切模式 commit 后瞬间档位：曝光=手动 / 白平衡=手动 / 快照=曝光手动·白平衡手动
[23:56:03.572] DBG [photo] 视频：录制链路不挂照片输出，跳过照片模板准备
[23:56:03.572] INF [device] 手动曝光档：ISO 175 快门 1/41s
[23:56:03.572] INF [session] 切模式：手动曝光已按快照重放（ISO 175）
[23:56:03.573] INF [device] 手动白平衡档：6823K（色调跟随当前值 -12）
[23:56:03.573] INF [session] 切模式：手动白平衡已按快照重放（6823K）
[23:56:03.573] INF [session] 切模式后档位复查（视频）：曝光=手动 / 白平衡=手动 / 对焦意图=手动 / EV=+0.0
[23:56:03.574] INF [session] 切模式耗时 0.34s（视频；含 outputs 重配与参数重放）
[23:56:03.575] INF [photo] Live Photo 采集 已开启
[23:56:04.123] INF [session] 切模式 commit 后瞬间档位：曝光=手动 / 白平衡=手动 / 快照=曝光手动·白平衡手动
[23:56:04.124] INF [photo] 照片编码格式：hvc1
[23:56:04.124] INF [device] 手动曝光档：ISO 176 快门 1/41s
[23:56:04.124] INF [session] 切模式：手动曝光已按快照重放（ISO 176）
[23:56:04.124] INF [device] 手动白平衡档：6929K（色调跟随当前值 -11）
[23:56:04.124] INF [session] 切模式：手动白平衡已按快照重放（6929K）
[23:56:04.125] INF [session] 切模式后档位复查（实况）：曝光=手动 / 白平衡=手动 / 对焦意图=手动 / EV=+0.0
[23:56:04.126] INF [session] 切模式耗时 0.55s（实况；含 outputs 重配与参数重放）
[23:56:04.128] INF [photo] Live Photo 采集 已开启
[23:56:04.487] INF [session] 切模式 commit 后瞬间档位：曝光=手动 / 白平衡=手动 / 快照=曝光手动·白平衡手动
[23:56:04.487] INF [photo] 照片编码格式：hvc1
[23:56:04.487] INF [device] 手动曝光档：ISO 235 快门 1/52s
[23:56:04.487] INF [session] 切模式：手动曝光已按快照重放（ISO 235）
[23:56:04.488] INF [device] 手动白平衡档：7038K（色调跟随当前值 -10）
[23:56:04.488] INF [session] 切模式：手动白平衡已按快照重放（7038K）
[23:56:04.488] INF [session] 切模式后档位复查（实况）：曝光=手动 / 白平衡=手动 / 对焦意图=手动 / EV=+0.0
[23:56:04.488] INF [session] 切模式耗时 0.36s（实况；含 outputs 重配与参数重放）
[23:56:04.488] INF [resource] 模式 实况 · input 活 2（累计增/删 20/18） · output 活 1（累计增/删 207/206） · 内存 33.2MB
[23:56:04.489] INF [photo] Live Photo 采集 已开启
[23:56:04.788] INF [session] 切模式 commit 后瞬间档位：曝光=手动 / 白平衡=手动 / 快照=曝光手动·白平衡手动
[23:56:04.788] INF [photo] 照片编码格式：hvc1
[23:56:04.788] INF [device] 手动曝光档：ISO 427 快门 1/52s
[23:56:04.788] INF [session] 切模式：手动曝光已按快照重放（ISO 427）
[23:56:04.788] INF [device] 手动白平衡档：7060K（色调跟随当前值 -13）
[23:56:04.788] INF [session] 切模式：手动白平衡已按快照重放（7060K）
[23:56:04.789] INF [session] 切模式后档位复查（实况）：曝光=手动 / 白平衡=手动 / 对焦意图=手动 / EV=+0.0
[23:56:04.789] INF [session] 切模式耗时 0.30s（实况；含 outputs 重配与参数重放）
[23:56:04.789] INF [session] 已移除麦克风输入
[23:56:04.862] INF [audio] 音频会话已释放
[23:56:05.294] INF [session] 切模式 commit 后瞬间档位：曝光=手动 / 白平衡=手动 / 快照=曝光手动·白平衡手动
[23:56:05.294] INF [photo] 照片编码格式：hvc1
[23:56:05.295] INF [device] 手动曝光档：ISO 438 快门 1/52s
[23:56:05.295] INF [session] 切模式：手动曝光已按快照重放（ISO 438）
[23:56:05.295] INF [device] 手动白平衡档：6955K（色调跟随当前值 -15）
[23:56:05.295] INF [session] 切模式：手动白平衡已按快照重放（6955K）
[23:56:05.296] INF [session] 切模式后档位复查（照片）：曝光=手动 / 白平衡=手动 / 对焦意图=手动 / EV=+0.0
[23:56:05.296] INF [session] 切模式耗时 0.51s（照片；含 outputs 重配与参数重放）
[23:56:05.627] INF [session] 切模式 commit 后瞬间档位：曝光=手动 / 白平衡=手动 / 快照=曝光手动·白平衡手动
[23:56:05.627] INF [photo] 照片编码格式：hvc1
[23:56:05.627] INF [device] 手动曝光档：ISO 313 快门 1/52s
[23:56:05.627] INF [session] 切模式：手动曝光已按快照重放（ISO 313）
[23:56:05.627] INF [device] 手动白平衡档：7059K（色调跟随当前值 -13）
[23:56:05.627] INF [session] 切模式：手动白平衡已按快照重放（7059K）
[23:56:05.628] INF [session] 切模式后档位复查（照片）：曝光=手动 / 白平衡=手动 / 对焦意图=手动 / EV=+0.0
[23:56:05.628] INF [session] 切模式耗时 0.33s（照片；含 outputs 重配与参数重放）
[23:56:05.629] INF [session] 已加入麦克风输入
[23:56:05.649] INF [audio] 音频会话已激活（active=true category=AVAudioSessionCategoryPlayAndRecord mode=AVAudioSessionModeVideoRecording 48000Hz ch=1）
[23:56:05.649] INF [photo] Live Photo 采集 已开启
[23:56:06.150] INF [session] 切模式 commit 后瞬间档位：曝光=手动 / 白平衡=手动 / 快照=曝光手动·白平衡手动
[23:56:06.150] INF [photo] 照片编码格式：hvc1
[23:56:06.150] INF [device] 手动曝光档：ISO 453 快门 1/52s
[23:56:06.150] INF [session] 切模式：手动曝光已按快照重放（ISO 453）
[23:56:06.150] INF [device] 手动白平衡档：6857K（色调跟随当前值 -18）
[23:56:06.150] INF [session] 切模式：手动白平衡已按快照重放（6857K）
[23:56:06.151] INF [session] 切模式后档位复查（实况）：曝光=手动 / 白平衡=手动 / 对焦意图=手动 / EV=+0.0
[23:56:06.151] INF [session] 切模式耗时 0.52s（实况；含 outputs 重配与参数重放）
[23:56:06.528] INF [session] 切模式 commit 后瞬间档位：曝光=手动 / 白平衡=手动 / 快照=曝光手动·白平衡手动
[23:56:06.528] DBG [photo] Log 实况：录制链路不挂照片输出，跳过照片模板准备
[23:56:06.528] INF [device] 手动曝光档：ISO 320 快门 1/52s
[23:56:06.528] INF [session] 切模式：手动曝光已按快照重放（ISO 320）
[23:56:06.528] INF [device] 手动白平衡档：6863K（色调跟随当前值 -19）
[23:56:06.528] INF [session] 切模式：手动白平衡已按快照重放（6863K）
[23:56:06.529] INF [session] 切模式后档位复查（Log 实况）：曝光=手动 / 白平衡=手动 / 对焦意图=手动 / EV=+0.0
[23:56:06.529] INF [session] 切模式耗时 0.38s（Log 实况；含 outputs 重配与参数重放）
[23:56:06.873] INF [session] 切模式 commit 后瞬间档位：曝光=手动 / 白平衡=手动 / 快照=曝光手动·白平衡手动
[23:56:06.873] DBG [photo] Log 实况：录制链路不挂照片输出，跳过照片模板准备
[23:56:06.873] INF [device] 手动曝光档：ISO 187 快门 1/41s
[23:56:06.873] INF [session] 切模式：手动曝光已按快照重放（ISO 187）
[23:56:06.874] INF [device] 手动白平衡档：6863K（色调跟随当前值 -19）
[23:56:06.874] INF [session] 切模式：手动白平衡已按快照重放（6863K）
[23:56:06.875] INF [session] 切模式后档位复查（Log 实况）：曝光=手动 / 白平衡=手动 / 对焦意图=手动 / EV=+0.0
[23:56:06.875] INF [session] 切模式耗时 0.35s（Log 实况；含 outputs 重配与参数重放）
[23:56:07.228] INF [session] 切模式 commit 后瞬间档位：曝光=手动 / 白平衡=手动 / 快照=曝光手动·白平衡手动
[23:56:07.228] DBG [photo] Log 实况：录制链路不挂照片输出，跳过照片模板准备
[23:56:07.228] INF [device] 手动曝光档：ISO 187 快门 1/41s
[23:56:07.228] INF [session] 切模式：手动曝光已按快照重放（ISO 187）
[23:56:07.229] INF [device] 手动白平衡档：6853K（色调跟随当前值 -17）
[23:56:07.229] INF [session] 切模式：手动白平衡已按快照重放（6853K）
[23:56:07.230] INF [session] 切模式后档位复查（Log 实况）：曝光=手动 / 白平衡=手动 / 对焦意图=手动 / EV=+0.0
[23:56:07.230] INF [session] 切模式耗时 0.36s（Log 实况；含 outputs 重配与参数重放）
[23:56:07.230] INF [resource] 模式 Log 实况 · input 活 2（累计增/删 21/19） · output 活 1（累计增/删 214/213） · 内存 33.0MB
[23:56:07.575] INF [session] 切模式 commit 后瞬间档位：曝光=手动 / 白平衡=手动 / 快照=曝光手动·白平衡手动
[23:56:07.575] DBG [photo] 视频：录制链路不挂照片输出，跳过照片模板准备
[23:56:07.576] INF [device] 手动曝光档：ISO 191 快门 1/41s
[23:56:07.576] INF [session] 切模式：手动曝光已按快照重放（ISO 191）
[23:56:07.576] INF [device] 手动白平衡档：6951K（色调跟随当前值 -15）
[23:56:07.576] INF [session] 切模式：手动白平衡已按快照重放（6951K）
[23:56:07.577] INF [session] 切模式后档位复查（视频）：曝光=手动 / 白平衡=手动 / 对焦意图=手动 / EV=+0.0
[23:56:07.577] INF [session] 切模式耗时 0.35s（视频；含 outputs 重配与参数重放）
[23:56:07.924] INF [session] 切模式 commit 后瞬间档位：曝光=手动 / 白平衡=手动 / 快照=曝光手动·白平衡手动
[23:56:07.924] DBG [photo] 视频：录制链路不挂照片输出，跳过照片模板准备
[23:56:07.924] INF [device] 手动曝光档：ISO 202 快门 1/41s
[23:56:07.925] INF [session] 切模式：手动曝光已按快照重放（ISO 202）
[23:56:07.925] INF [device] 手动白平衡档：7051K（色调跟随当前值 -12）
[23:56:07.925] INF [session] 切模式：手动白平衡已按快照重放（7051K）
[23:56:07.926] INF [session] 切模式后档位复查（视频）：曝光=手动 / 白平衡=手动 / 对焦意图=手动 / EV=+0.0
[23:56:07.926] INF [session] 切模式耗时 0.35s（视频；含 outputs 重配与参数重放）
[23:56:08.286] INF [session] 切模式 commit 后瞬间档位：曝光=手动 / 白平衡=手动 / 快照=曝光手动·白平衡手动
[23:56:08.286] DBG [photo] 视频：录制链路不挂照片输出，跳过照片模板准备
[23:56:08.286] INF [device] 手动曝光档：ISO 208 快门 1/41s
[23:56:08.286] INF [session] 切模式：手动曝光已按快照重放（ISO 208）
[23:56:08.286] INF [device] 手动白平衡档：7051K（色调跟随当前值 -12）
[23:56:08.286] INF [session] 切模式：手动白平衡已按快照重放（7051K）
[23:56:08.287] INF [session] 切模式后档位复查（视频）：曝光=手动 / 白平衡=手动 / 对焦意图=手动 / EV=+0.0
[23:56:08.287] INF [session] 切模式耗时 0.36s（视频；含 outputs 重配与参数重放）
[23:56:08.627] INF [session] 切模式 commit 后瞬间档位：曝光=手动 / 白平衡=手动 / 快照=曝光手动·白平衡手动
[23:56:08.627] DBG [photo] 视频：录制链路不挂照片输出，跳过照片模板准备
[23:56:08.627] INF [device] 手动曝光档：ISO 212 快门 1/41s
[23:56:08.627] INF [session] 切模式：手动曝光已按快照重放（ISO 212）
[23:56:08.627] INF [device] 手动白平衡档：7051K（色调跟随当前值 -12）
[23:56:08.627] INF [session] 切模式：手动白平衡已按快照重放（7051K）
[23:56:08.628] INF [session] 切模式后档位复查（视频）：曝光=手动 / 白平衡=手动 / 对焦意图=手动 / EV=+0.0
[23:56:08.629] INF [session] 切模式耗时 0.34s（视频；含 outputs 重配与参数重放）
[23:56:08.978] INF [session] 切模式 commit 后瞬间档位：曝光=手动 / 白平衡=手动 / 快照=曝光手动·白平衡手动
[23:56:08.978] DBG [photo] 视频：录制链路不挂照片输出，跳过照片模板准备
[23:56:08.978] INF [device] 手动曝光档：ISO 206 快门 1/41s
[23:56:08.978] INF [session] 切模式：手动曝光已按快照重放（ISO 206）
[23:56:08.979] INF [device] 手动白平衡档：7042K（色调跟随当前值 -11）
[23:56:08.979] INF [session] 切模式：手动白平衡已按快照重放（7042K）
[23:56:08.980] INF [session] 切模式后档位复查（视频）：曝光=手动 / 白平衡=手动 / 对焦意图=手动 / EV=+0.0
[23:56:08.980] INF [session] 切模式耗时 0.35s（视频；含 outputs 重配与参数重放）
[23:56:09.333] INF [session] 切模式 commit 后瞬间档位：曝光=手动 / 白平衡=手动 / 快照=曝光手动·白平衡手动
[23:56:09.333] DBG [photo] 视频：录制链路不挂照片输出，跳过照片模板准备
[23:56:09.333] INF [device] 手动曝光档：ISO 181 快门 1/41s
[23:56:09.333] INF [session] 切模式：手动曝光已按快照重放（ISO 181）
[23:56:09.333] INF [device] 手动白平衡档：7038K（色调跟随当前值 -10）
[23:56:09.333] INF [session] 切模式：手动白平衡已按快照重放（7038K）
[23:56:09.334] INF [session] 切模式后档位复查（视频）：曝光=手动 / 白平衡=手动 / 对焦意图=手动 / EV=+0.0
[23:56:09.334] INF [session] 切模式耗时 0.35s（视频；含 outputs 重配与参数重放）
[23:56:09.334] INF [resource] 模式 视频 · input 活 2（累计增/删 21/19） · output 活 1（累计增/删 220/219） · 内存 33.1MB
[23:56:09.695] INF [session] 切模式 commit 后瞬间档位：曝光=手动 / 白平衡=手动 / 快照=曝光手动·白平衡手动
[23:56:09.695] DBG [photo] Log 实况：录制链路不挂照片输出，跳过照片模板准备
[23:56:09.695] INF [device] 手动曝光档：ISO 155 快门 1/41s
[23:56:09.695] INF [session] 切模式：手动曝光已按快照重放（ISO 155）
[23:56:09.696] INF [device] 手动白平衡档：7038K（色调跟随当前值 -10）
[23:56:09.696] INF [session] 切模式：手动白平衡已按快照重放（7038K）
[23:56:09.697] INF [session] 切模式后档位复查（Log 实况）：曝光=手动 / 白平衡=手动 / 对焦意图=手动 / EV=+0.0
[23:56:09.697] INF [session] 切模式耗时 0.36s（Log 实况；含 outputs 重配与参数重放）
[23:56:10.047] INF [session] 切模式 commit 后瞬间档位：曝光=手动 / 白平衡=手动 / 快照=曝光手动·白平衡手动
[23:56:10.047] DBG [photo] Log 实况：录制链路不挂照片输出，跳过照片模板准备
[23:56:10.048] INF [device] 手动曝光档：ISO 161 快门 1/41s
[23:56:10.048] INF [session] 切模式：手动曝光已按快照重放（ISO 161）
[23:56:10.048] INF [device] 手动白平衡档：7038K（色调跟随当前值 -10）
[23:56:10.048] INF [session] 切模式：手动白平衡已按快照重放（7038K）
[23:56:10.049] INF [session] 切模式后档位复查（Log 实况）：曝光=手动 / 白平衡=手动 / 对焦意图=手动 / EV=+0.0
[23:56:10.049] INF [session] 切模式耗时 0.35s（Log 实况；含 outputs 重配与参数重放）
[23:56:10.407] INF [session] 切模式 commit 后瞬间档位：曝光=手动 / 白平衡=手动 / 快照=曝光手动·白平衡手动
[23:56:10.407] DBG [photo] Log 实况：录制链路不挂照片输出，跳过照片模板准备
[23:56:10.407] INF [device] 手动曝光档：ISO 178 快门 1/41s
[23:56:10.407] INF [session] 切模式：手动曝光已按快照重放（ISO 178）
[23:56:10.407] INF [device] 手动白平衡档：7034K（色调跟随当前值 -10）
[23:56:10.407] INF [session] 切模式：手动白平衡已按快照重放（7034K）
[23:56:10.408] INF [session] 切模式后档位复查（Log 实况）：曝光=手动 / 白平衡=手动 / 对焦意图=手动 / EV=+0.0
[23:56:10.408] INF [session] 切模式耗时 0.36s（Log 实况；含 outputs 重配与参数重放）
[23:56:10.409] INF [photo] Live Photo 采集 已开启
[23:56:10.923] INF [session] 切模式 commit 后瞬间档位：曝光=手动 / 白平衡=手动 / 快照=曝光手动·白平衡手动
[23:56:10.924] INF [photo] 照片编码格式：hvc1
[23:56:10.924] INF [device] 手动曝光档：ISO 183 快门 1/41s
[23:56:10.924] INF [session] 切模式：手动曝光已按快照重放（ISO 183）
[23:56:10.924] INF [device] 手动白平衡档：7029K（色调跟随当前值 -9）
[23:56:10.924] INF [session] 切模式：手动白平衡已按快照重放（7029K）
[23:56:10.925] INF [session] 切模式后档位复查（实况）：曝光=手动 / 白平衡=手动 / 对焦意图=手动 / EV=+0.0
[23:56:10.925] INF [session] 切模式耗时 0.52s（实况；含 outputs 重配与参数重放）
[23:56:10.926] INF [photo] Live Photo 采集 已开启
[23:56:11.285] INF [session] 切模式 commit 后瞬间档位：曝光=手动 / 白平衡=手动 / 快照=曝光手动·白平衡手动
[23:56:11.285] INF [photo] 照片编码格式：hvc1
[23:56:11.285] INF [device] 手动曝光档：ISO 235 快门 1/52s
[23:56:11.285] INF [session] 切模式：手动曝光已按快照重放（ISO 235）
[23:56:11.285] INF [device] 手动白平衡档：7029K（色调跟随当前值 -9）
[23:56:11.285] INF [session] 切模式：手动白平衡已按快照重放（7029K）
[23:56:11.286] INF [session] 切模式后档位复查（实况）：曝光=手动 / 白平衡=手动 / 对焦意图=手动 / EV=+0.0
[23:56:11.286] INF [session] 切模式耗时 0.36s（实况；含 outputs 重配与参数重放）
[23:56:11.286] INF [session] 已移除麦克风输入
[23:56:11.358] INF [audio] 音频会话已释放
[23:56:11.778] INF [session] 切模式 commit 后瞬间档位：曝光=手动 / 白平衡=手动 / 快照=曝光手动·白平衡手动
[23:56:11.778] INF [photo] 照片编码格式：hvc1
[23:56:11.778] INF [device] 手动曝光档：ISO 443 快门 1/52s
[23:56:11.778] INF [session] 切模式：手动曝光已按快照重放（ISO 443）
[23:56:11.779] INF [device] 手动白平衡档：7026K（色调跟随当前值 -8）
[23:56:11.779] INF [session] 切模式：手动白平衡已按快照重放（7026K）
[23:56:11.780] INF [session] 切模式后档位复查（照片）：曝光=手动 / 白平衡=手动 / 对焦意图=手动 / EV=+0.0
[23:56:11.781] INF [session] 切模式耗时 0.49s（照片；含 outputs 重配与参数重放）
[23:56:12.142] INF [session] 切模式 commit 后瞬间档位：曝光=手动 / 白平衡=手动 / 快照=曝光手动·白平衡手动
[23:56:12.142] INF [photo] 照片编码格式：hvc1
[23:56:12.142] INF [device] 手动曝光档：ISO 340 快门 1/52s
[23:56:12.142] INF [session] 切模式：手动曝光已按快照重放（ISO 340）
[23:56:12.142] INF [device] 手动白平衡档：7029K（色调跟随当前值 -9）
[23:56:12.142] INF [session] 切模式：手动白平衡已按快照重放（7029K）
[23:56:12.143] INF [session] 切模式后档位复查（照片）：曝光=手动 / 白平衡=手动 / 对焦意图=手动 / EV=+0.0
[23:56:12.143] INF [session] 切模式耗时 0.36s（照片；含 outputs 重配与参数重放）
[23:56:12.144] INF [session] 已加入麦克风输入
[23:56:12.164] INF [audio] 音频会话已激活（active=true category=AVAudioSessionCategoryPlayAndRecord mode=AVAudioSessionModeVideoRecording 48000Hz ch=1）
[23:56:12.495] INF [session] 切模式 commit 后瞬间档位：曝光=手动 / 白平衡=手动 / 快照=曝光手动·白平衡手动
[23:56:12.495] DBG [photo] Log 实况：录制链路不挂照片输出，跳过照片模板准备
[23:56:12.496] INF [device] 手动曝光档：ISO 424 快门 1/52s
[23:56:12.496] INF [session] 切模式：手动曝光已按快照重放（ISO 424）
[23:56:12.496] INF [device] 手动白平衡档：7026K（色调跟随当前值 -8）
[23:56:12.496] INF [session] 切模式：手动白平衡已按快照重放（7026K）
[23:56:12.497] INF [session] 切模式后档位复查（Log 实况）：曝光=手动 / 白平衡=手动 / 对焦意图=手动 / EV=+0.0
[23:56:12.497] INF [session] 切模式耗时 0.35s（Log 实况；含 outputs 重配与参数重放）
[23:56:12.498] INF [photo] Live Photo 采集 已开启
[23:56:13.013] INF [session] 切模式 commit 后瞬间档位：曝光=手动 / 白平衡=手动 / 快照=曝光手动·白平衡手动
[23:56:13.014] INF [photo] 照片编码格式：hvc1
[23:56:13.014] INF [device] 手动曝光档：ISO 266 快门 1/41s
[23:56:13.014] INF [session] 切模式：手动曝光已按快照重放（ISO 266）
[23:56:13.014] INF [device] 手动白平衡档：7026K（色调跟随当前值 -8）
[23:56:13.015] INF [session] 切模式：手动白平衡已按快照重放（7026K）
[23:56:13.016] INF [session] 切模式后档位复查（实况）：曝光=手动 / 白平衡=手动 / 对焦意图=手动 / EV=+0.0
[23:56:13.016] INF [session] 切模式耗时 0.52s（实况；含 outputs 重配与参数重放）
[23:56:13.016] INF [resource] 模式 实况 · input 活 2（累计增/删 22/20） · output 活 1（累计增/删 229/228） · 内存 33.6MB
[23:56:13.392] INF [session] 切模式 commit 后瞬间档位：曝光=手动 / 白平衡=手动 / 快照=曝光手动·白平衡手动
[23:56:13.392] DBG [photo] 视频：录制链路不挂照片输出，跳过照片模板准备
[23:56:13.392] INF [device] 手动曝光档：ISO 242 快门 1/52s
[23:56:13.392] INF [session] 切模式：手动曝光已按快照重放（ISO 242）
[23:56:13.392] INF [device] 手动白平衡档：7026K（色调跟随当前值 -8）
[23:56:13.392] INF [session] 切模式：手动白平衡已按快照重放（7026K）
[23:56:13.393] INF [session] 切模式后档位复查（视频）：曝光=手动 / 白平衡=手动 / 对焦意图=手动 / EV=+0.0
[23:56:13.393] INF [session] 切模式耗时 0.38s（视频；含 outputs 重配与参数重放）
[23:56:13.741] INF [session] 切模式 commit 后瞬间档位：曝光=手动 / 白平衡=手动 / 快照=曝光手动·白平衡手动
[23:56:13.741] DBG [photo] 视频：录制链路不挂照片输出，跳过照片模板准备
[23:56:13.741] INF [device] 手动曝光档：ISO 186 快门 1/41s
[23:56:13.742] INF [session] 切模式：手动曝光已按快照重放（ISO 186）
[23:56:13.742] INF [device] 手动白平衡档：7026K（色调跟随当前值 -8）
[23:56:13.742] INF [session] 切模式：手动白平衡已按快照重放（7026K）
[23:56:13.743] INF [session] 切模式后档位复查（视频）：曝光=手动 / 白平衡=手动 / 对焦意图=手动 / EV=+0.0
[23:56:13.743] INF [session] 切模式耗时 0.35s（视频；含 outputs 重配与参数重放）
[23:56:14.109] INF [session] 切模式 commit 后瞬间档位：曝光=手动 / 白平衡=手动 / 快照=曝光手动·白平衡手动
[23:56:14.110] DBG [photo] 视频：录制链路不挂照片输出，跳过照片模板准备
[23:56:14.110] INF [device] 手动曝光档：ISO 184 快门 1/41s
[23:56:14.110] INF [session] 切模式：手动曝光已按快照重放（ISO 184）
[23:56:14.110] INF [device] 手动白平衡档：7026K（色调跟随当前值 -8）
[23:56:14.110] INF [session] 切模式：手动白平衡已按快照重放（7026K）
[23:56:14.112] INF [session] 切模式后档位复查（视频）：曝光=手动 / 白平衡=手动 / 对焦意图=手动 / EV=+0.0
[23:56:14.112] INF [session] 切模式耗时 0.37s（视频；含 outputs 重配与参数重放）
[23:56:14.457] INF [session] 切模式 commit 后瞬间档位：曝光=手动 / 白平衡=手动 / 快照=曝光手动·白平衡手动
[23:56:14.457] DBG [photo] 视频：录制链路不挂照片输出，跳过照片模板准备
[23:56:14.457] INF [device] 手动曝光档：ISO 186 快门 1/41s
[23:56:14.457] INF [session] 切模式：手动曝光已按快照重放（ISO 186）
[23:56:14.457] INF [device] 手动白平衡档：7020K（色调跟随当前值 -8）
[23:56:14.457] INF [session] 切模式：手动白平衡已按快照重放（7020K）
[23:56:14.458] INF [session] 切模式后档位复查（视频）：曝光=手动 / 白平衡=手动 / 对焦意图=手动 / EV=+0.0
[23:56:14.458] INF [session] 切模式耗时 0.35s（视频；含 outputs 重配与参数重放）
[23:56:14.816] INF [session] 切模式 commit 后瞬间档位：曝光=手动 / 白平衡=手动 / 快照=曝光手动·白平衡手动
[23:56:14.816] DBG [photo] Log 实况：录制链路不挂照片输出，跳过照片模板准备
[23:56:14.816] INF [device] 手动曝光档：ISO 185 快门 1/41s
[23:56:14.816] INF [session] 切模式：手动曝光已按快照重放（ISO 185）
[23:56:14.816] INF [device] 手动白平衡档：7020K（色调跟随当前值 -8）
[23:56:14.816] INF [session] 切模式：手动白平衡已按快照重放（7020K）
[23:56:14.818] INF [session] 切模式后档位复查（Log 实况）：曝光=手动 / 白平衡=手动 / 对焦意图=手动 / EV=+0.0
[23:56:14.818] INF [session] 切模式耗时 0.36s（Log 实况；含 outputs 重配与参数重放）
[23:56:15.177] INF [session] 切模式 commit 后瞬间档位：曝光=手动 / 白平衡=手动 / 快照=曝光手动·白平衡手动
[23:56:15.177] DBG [photo] Log 实况：录制链路不挂照片输出，跳过照片模板准备
[23:56:15.178] INF [device] 手动曝光档：ISO 187 快门 1/41s
[23:56:15.178] INF [session] 切模式：手动曝光已按快照重放（ISO 187）
[23:56:15.178] INF [device] 手动白平衡档：7016K（色调跟随当前值 -7）
[23:56:15.178] INF [session] 切模式：手动白平衡已按快照重放（7016K）
[23:56:15.179] INF [session] 切模式后档位复查（Log 实况）：曝光=手动 / 白平衡=手动 / 对焦意图=手动 / EV=+0.0
[23:56:15.180] INF [session] 切模式耗时 0.36s（Log 实况；含 outputs 重配与参数重放）
[23:56:15.180] INF [resource] 模式 Log 实况 · input 活 2（累计增/删 22/20） · output 活 1（累计增/删 235/234） · 内存 33.5MB
[23:56:15.525] INF [session] 切模式 commit 后瞬间档位：曝光=手动 / 白平衡=手动 / 快照=曝光手动·白平衡手动
[23:56:15.525] DBG [photo] Log 实况：录制链路不挂照片输出，跳过照片模板准备
[23:56:15.525] INF [device] 手动曝光档：ISO 189 快门 1/41s
[23:56:15.525] INF [session] 切模式：手动曝光已按快照重放（ISO 189）
[23:56:15.526] INF [device] 手动白平衡档：7016K（色调跟随当前值 -7）
[23:56:15.526] INF [session] 切模式：手动白平衡已按快照重放（7016K）
[23:56:15.526] INF [session] 切模式后档位复查（Log 实况）：曝光=手动 / 白平衡=手动 / 对焦意图=手动 / EV=+0.0
[23:56:15.526] INF [session] 切模式耗时 0.35s（Log 实况；含 outputs 重配与参数重放）
[23:56:15.528] INF [photo] Live Photo 采集 已开启
[23:56:16.055] INF [session] 切模式 commit 后瞬间档位：曝光=手动 / 白平衡=手动 / 快照=曝光手动·白平衡手动
[23:56:16.055] INF [photo] 照片编码格式：hvc1
[23:56:16.055] INF [device] 手动曝光档：ISO 191 快门 1/41s
[23:56:16.055] INF [session] 切模式：手动曝光已按快照重放（ISO 191）
[23:56:16.055] INF [device] 手动白平衡档：7016K（色调跟随当前值 -7）
[23:56:16.055] INF [session] 切模式：手动白平衡已按快照重放（7016K）
[23:56:16.056] INF [session] 切模式后档位复查（实况）：曝光=手动 / 白平衡=手动 / 对焦意图=手动 / EV=+0.0
[23:56:16.056] INF [session] 切模式耗时 0.53s（实况；含 outputs 重配与参数重放）
[23:56:16.059] INF [photo] Live Photo 采集 已开启
[23:56:16.419] INF [session] 切模式 commit 后瞬间档位：曝光=手动 / 白平衡=手动 / 快照=曝光手动·白平衡手动
[23:56:16.419] INF [photo] 照片编码格式：hvc1
[23:56:16.419] INF [device] 手动曝光档：ISO 243 快门 1/52s
[23:56:16.419] INF [session] 切模式：手动曝光已按快照重放（ISO 243）
[23:56:16.419] INF [device] 手动白平衡档：7016K（色调跟随当前值 -7）
[23:56:16.419] INF [session] 切模式：手动白平衡已按快照重放（7016K）
[23:56:16.420] INF [session] 切模式后档位复查（实况）：曝光=手动 / 白平衡=手动 / 对焦意图=手动 / EV=+0.0
[23:56:16.420] INF [session] 切模式耗时 0.36s（实况；含 outputs 重配与参数重放）
[23:56:16.421] INF [photo] Live Photo 采集 已开启
[23:56:16.752] INF [session] 切模式 commit 后瞬间档位：曝光=手动 / 白平衡=手动 / 快照=曝光手动·白平衡手动
[23:56:16.752] INF [photo] 照片编码格式：hvc1
[23:56:16.752] INF [device] 手动曝光档：ISO 421 快门 1/52s
[23:56:16.752] INF [session] 切模式：手动曝光已按快照重放（ISO 421）
[23:56:16.752] INF [device] 手动白平衡档：7016K（色调跟随当前值 -7）
[23:56:16.752] INF [session] 切模式：手动白平衡已按快照重放（7016K）
[23:56:16.753] INF [session] 切模式后档位复查（实况）：曝光=手动 / 白平衡=手动 / 对焦意图=手动 / EV=+0.0
[23:56:16.753] INF [session] 切模式耗时 0.33s（实况；含 outputs 重配与参数重放）
[23:56:16.754] INF [photo] Live Photo 采集 已开启
[23:56:17.050] INF [session] 切模式 commit 后瞬间档位：曝光=手动 / 白平衡=手动 / 快照=曝光手动·白平衡手动
[23:56:17.050] INF [photo] 照片编码格式：hvc1
[23:56:17.051] INF [device] 手动曝光档：ISO 433 快门 1/52s
[23:56:17.051] INF [session] 切模式：手动曝光已按快照重放（ISO 433）
[23:56:17.051] INF [device] 手动白平衡档：7020K（色调跟随当前值 -8）
[23:56:17.051] INF [session] 切模式：手动白平衡已按快照重放（7020K）
[23:56:17.051] INF [session] 切模式后档位复查（实况）：曝光=手动 / 白平衡=手动 / 对焦意图=手动 / EV=+0.0
[23:56:17.051] INF [session] 切模式耗时 0.30s（实况；含 outputs 重配与参数重放）
[23:56:17.052] INF [photo] Live Photo 采集 已开启
[23:56:17.351] INF [session] 切模式 commit 后瞬间档位：曝光=手动 / 白平衡=手动 / 快照=曝光手动·白平衡手动
[23:56:17.351] INF [photo] 照片编码格式：hvc1
[23:56:17.351] INF [device] 手动曝光档：ISO 439 快门 1/52s
[23:56:17.351] INF [session] 切模式：手动曝光已按快照重放（ISO 439）
[23:56:17.351] INF [device] 手动白平衡档：7026K（色调跟随当前值 -8）
[23:56:17.351] INF [session] 切模式：手动白平衡已按快照重放（7026K）
[23:56:17.352] INF [session] 切模式后档位复查（实况）：曝光=手动 / 白平衡=手动 / 对焦意图=手动 / EV=+0.0
[23:56:17.352] INF [session] 切模式耗时 0.30s（实况；含 outputs 重配与参数重放）
[23:56:17.353] INF [photo] Live Photo 采集 已开启
[23:56:17.651] INF [session] 切模式 commit 后瞬间档位：曝光=手动 / 白平衡=手动 / 快照=曝光手动·白平衡手动
[23:56:17.652] INF [photo] 照片编码格式：hvc1
[23:56:17.652] INF [device] 手动曝光档：ISO 448 快门 1/52s
[23:56:17.652] INF [session] 切模式：手动曝光已按快照重放（ISO 448）
[23:56:17.652] INF [device] 手动白平衡档：7026K（色调跟随当前值 -8）
[23:56:17.652] INF [session] 切模式：手动白平衡已按快照重放（7026K）
[23:56:17.652] INF [session] 切模式后档位复查（实况）：曝光=手动 / 白平衡=手动 / 对焦意图=手动 / EV=+0.0
[23:56:17.652] INF [session] 切模式耗时 0.30s（实况；含 outputs 重配与参数重放）
[23:56:17.652] INF [resource] 模式 实况 · input 活 2（累计增/删 22/20） · output 活 1（累计增/删 242/241） · 内存 33.2MB
[23:56:17.973] INF [session] 切模式 commit 后瞬间档位：曝光=手动 / 白平衡=手动 / 快照=曝光手动·白平衡手动
[23:56:17.973] DBG [photo] Log 实况：录制链路不挂照片输出，跳过照片模板准备
[23:56:17.973] INF [device] 手动曝光档：ISO 453 快门 1/52s
[23:56:17.973] INF [session] 切模式：手动曝光已按快照重放（ISO 453）
[23:56:17.973] INF [device] 手动白平衡档：7029K（色调跟随当前值 -9）
[23:56:17.973] INF [session] 切模式：手动白平衡已按快照重放（7029K）
[23:56:17.974] INF [session] 切模式后档位复查（Log 实况）：曝光=手动 / 白平衡=手动 / 对焦意图=手动 / EV=+0.0
[23:56:17.974] INF [session] 切模式耗时 0.32s（Log 实况；含 outputs 重配与参数重放）
[23:56:18.333] INF [session] 切模式 commit 后瞬间档位：曝光=手动 / 白平衡=手动 / 快照=曝光手动·白平衡手动
[23:56:18.333] DBG [photo] Log 实况：录制链路不挂照片输出，跳过照片模板准备
[23:56:18.333] INF [device] 手动曝光档：ISO 200 快门 1/41s
[23:56:18.333] INF [session] 切模式：手动曝光已按快照重放（ISO 200）
[23:56:18.333] INF [device] 手动白平衡档：7029K（色调跟随当前值 -9）
[23:56:18.333] INF [session] 切模式：手动白平衡已按快照重放（7029K）
[23:56:18.334] INF [session] 切模式后档位复查（Log 实况）：曝光=手动 / 白平衡=手动 / 对焦意图=手动 / EV=+0.0
[23:56:18.334] INF [session] 切模式耗时 0.36s（Log 实况；含 outputs 重配与参数重放）
[23:56:18.696] INF [session] 切模式 commit 后瞬间档位：曝光=手动 / 白平衡=手动 / 快照=曝光手动·白平衡手动
[23:56:18.696] DBG [photo] Log 实况：录制链路不挂照片输出，跳过照片模板准备
[23:56:18.696] INF [device] 手动曝光档：ISO 194 快门 1/41s
[23:56:18.696] INF [session] 切模式：手动曝光已按快照重放（ISO 194）
[23:56:18.696] INF [device] 手动白平衡档：7029K（色调跟随当前值 -9）
[23:56:18.696] INF [session] 切模式：手动白平衡已按快照重放（7029K）
[23:56:18.698] INF [session] 切模式后档位复查（Log 实况）：曝光=手动 / 白平衡=手动 / 对焦意图=手动 / EV=+0.0
[23:56:18.698] INF [session] 切模式耗时 0.36s（Log 实况；含 outputs 重配与参数重放）
[23:56:18.698] INF [resource] 模式 Log 实况 · input 活 2（累计增/删 22/20） · output 活 1（累计增/删 245/244） · 内存 33.6MB
[23:56:18.700] INF [photo] Live Photo 采集 已开启
[23:56:19.212] INF [session] 切模式 commit 后瞬间档位：曝光=手动 / 白平衡=手动 / 快照=曝光手动·白平衡手动
[23:56:19.212] INF [photo] 照片编码格式：hvc1
[23:56:19.213] INF [device] 手动曝光档：ISO 195 快门 1/41s
[23:56:19.213] INF [session] 切模式：手动曝光已按快照重放（ISO 195）
[23:56:19.213] INF [device] 手动白平衡档：7026K（色调跟随当前值 -8）
[23:56:19.213] INF [session] 切模式：手动白平衡已按快照重放（7026K）
[23:56:19.214] INF [session] 切模式后档位复查（实况）：曝光=手动 / 白平衡=手动 / 对焦意图=手动 / EV=+0.0
[23:56:19.214] INF [session] 切模式耗时 0.52s（实况；含 outputs 重配与参数重放）
[23:56:19.217] INF [photo] Live Photo 采集 已开启
[23:56:19.575] INF [session] 切模式 commit 后瞬间档位：曝光=手动 / 白平衡=手动 / 快照=曝光手动·白平衡手动
[23:56:19.575] INF [photo] 照片编码格式：hvc1
[23:56:19.575] INF [device] 手动曝光档：ISO 245 快门 1/52s
[23:56:19.576] INF [session] 切模式：手动曝光已按快照重放（ISO 245）
[23:56:19.576] INF [device] 手动白平衡档：7020K（色调跟随当前值 -8）
[23:56:19.576] INF [session] 切模式：手动白平衡已按快照重放（7020K）
[23:56:19.576] INF [session] 切模式后档位复查（实况）：曝光=手动 / 白平衡=手动 / 对焦意图=手动 / EV=+0.0
[23:56:19.576] INF [session] 切模式耗时 0.36s（实况；含 outputs 重配与参数重放）
[23:56:19.577] INF [photo] Live Photo 采集 已开启
[23:56:19.908] INF [session] 切模式 commit 后瞬间档位：曝光=手动 / 白平衡=手动 / 快照=曝光手动·白平衡手动
[23:56:19.909] INF [photo] 照片编码格式：hvc1
[23:56:19.909] INF [device] 手动曝光档：ISO 421 快门 1/52s
[23:56:19.909] INF [session] 切模式：手动曝光已按快照重放（ISO 421）
[23:56:19.909] INF [device] 手动白平衡档：7020K（色调跟随当前值 -8）
[23:56:19.909] INF [session] 切模式：手动白平衡已按快照重放（7020K）
[23:56:19.909] INF [session] 切模式后档位复查（实况）：曝光=手动 / 白平衡=手动 / 对焦意图=手动 / EV=+0.0
[23:56:19.909] INF [session] 切模式耗时 0.33s（实况；含 outputs 重配与参数重放）
[23:56:19.910] INF [session] 已移除麦克风输入
[23:56:19.984] INF [audio] 音频会话已释放
[23:56:20.399] INF [session] 切模式 commit 后瞬间档位：曝光=手动 / 白平衡=手动 / 快照=曝光手动·白平衡手动
[23:56:20.399] INF [photo] 照片编码格式：hvc1
[23:56:20.399] INF [device] 手动曝光档：ISO 434 快门 1/52s
[23:56:20.399] INF [session] 切模式：手动曝光已按快照重放（ISO 434）
[23:56:20.399] INF [device] 手动白平衡档：7026K（色调跟随当前值 -8）
[23:56:20.399] INF [session] 切模式：手动白平衡已按快照重放（7026K）
[23:56:20.400] INF [session] 切模式后档位复查（照片）：曝光=手动 / 白平衡=手动 / 对焦意图=手动 / EV=+0.0
[23:56:20.400] INF [session] 切模式耗时 0.49s（照片；含 outputs 重配与参数重放）
[23:56:20.401] INF [session] 已加入麦克风输入
[23:56:20.433] INF [audio] 音频会话已激活（active=true category=AVAudioSessionCategoryPlayAndRecord mode=AVAudioSessionModeVideoRecording 48000Hz ch=1）
[23:56:20.762] INF [session] 切模式 commit 后瞬间档位：曝光=手动 / 白平衡=手动 / 快照=曝光手动·白平衡手动
[23:56:20.762] DBG [photo] Log 实况：录制链路不挂照片输出，跳过照片模板准备
[23:56:20.762] INF [device] 手动曝光档：ISO 353 快门 1/52s
[23:56:20.762] INF [session] 切模式：手动曝光已按快照重放（ISO 353）
[23:56:20.762] INF [device] 手动白平衡档：7020K（色调跟随当前值 -8）
[23:56:20.762] INF [session] 切模式：手动白平衡已按快照重放（7020K）
[23:56:20.763] INF [session] 切模式后档位复查（Log 实况）：曝光=手动 / 白平衡=手动 / 对焦意图=手动 / EV=+0.0
[23:56:20.763] INF [session] 切模式耗时 0.36s（Log 实况；含 outputs 重配与参数重放）
[23:56:21.117] INF [session] 切模式 commit 后瞬间档位：曝光=手动 / 白平衡=手动 / 快照=曝光手动·白平衡手动
[23:56:21.117] DBG [photo] Log 实况：录制链路不挂照片输出，跳过照片模板准备
[23:56:21.117] INF [device] 手动曝光档：ISO 266 快门 1/41s
[23:56:21.117] INF [session] 切模式：手动曝光已按快照重放（ISO 266）
[23:56:21.118] INF [device] 手动白平衡档：7026K（色调跟随当前值 -8）
[23:56:21.118] INF [session] 切模式：手动白平衡已按快照重放（7026K）
[23:56:21.119] INF [session] 切模式后档位复查（Log 实况）：曝光=手动 / 白平衡=手动 / 对焦意图=手动 / EV=+0.0
[23:56:21.119] INF [session] 切模式耗时 0.36s（Log 实况；含 outputs 重配与参数重放）
[23:56:21.119] INF [resource] 模式 Log 实况 · input 活 2（累计增/删 23/21） · output 活 1（累计增/删 251/250） · 内存 33.8MB
[23:56:21.474] INF [session] 切模式 commit 后瞬间档位：曝光=手动 / 白平衡=手动 / 快照=曝光手动·白平衡手动
[23:56:21.474] DBG [photo] 视频：录制链路不挂照片输出，跳过照片模板准备
[23:56:21.474] INF [device] 手动曝光档：ISO 195 快门 1/41s
[23:56:21.474] INF [session] 切模式：手动曝光已按快照重放（ISO 195）
[23:56:21.474] INF [device] 手动白平衡档：7026K（色调跟随当前值 -8）
[23:56:21.475] INF [session] 切模式：手动白平衡已按快照重放（7026K）
[23:56:21.476] INF [session] 切模式后档位复查（视频）：曝光=手动 / 白平衡=手动 / 对焦意图=手动 / EV=+0.0
[23:56:21.476] INF [session] 切模式耗时 0.36s（视频；含 outputs 重配与参数重放）
[23:56:21.821] INF [session] 切模式 commit 后瞬间档位：曝光=手动 / 白平衡=手动 / 快照=曝光手动·白平衡手动
[23:56:21.821] DBG [photo] 视频：录制链路不挂照片输出，跳过照片模板准备
[23:56:21.822] INF [device] 手动曝光档：ISO 196 快门 1/41s
[23:56:21.822] INF [session] 切模式：手动曝光已按快照重放（ISO 196）
[23:56:21.822] INF [device] 手动白平衡档：7020K（色调跟随当前值 -8）
[23:56:21.822] INF [session] 切模式：手动白平衡已按快照重放（7020K）
[23:56:21.823] INF [session] 切模式后档位复查（视频）：曝光=手动 / 白平衡=手动 / 对焦意图=手动 / EV=+0.0
[23:56:21.823] INF [session] 切模式耗时 0.35s（视频；含 outputs 重配与参数重放）
[23:56:22.187] INF [session] 切模式 commit 后瞬间档位：曝光=手动 / 白平衡=手动 / 快照=曝光手动·白平衡手动
[23:56:22.187] DBG [photo] 视频：录制链路不挂照片输出，跳过照片模板准备
[23:56:22.187] INF [device] 手动曝光档：ISO 197 快门 1/41s
[23:56:22.187] INF [session] 切模式：手动曝光已按快照重放（ISO 197）
[23:56:22.188] INF [device] 手动白平衡档：7020K（色调跟随当前值 -8）
[23:56:22.188] INF [session] 切模式：手动白平衡已按快照重放（7020K）
[23:56:22.189] INF [session] 切模式后档位复查（视频）：曝光=手动 / 白平衡=手动 / 对焦意图=手动 / EV=+0.0
[23:56:22.189] INF [session] 切模式耗时 0.37s（视频；含 outputs 重配与参数重放）
[23:56:22.536] INF [session] 切模式 commit 后瞬间档位：曝光=手动 / 白平衡=手动 / 快照=曝光手动·白平衡手动
[23:56:22.536] DBG [photo] 视频：录制链路不挂照片输出，跳过照片模板准备
[23:56:22.536] INF [device] 手动曝光档：ISO 198 快门 1/41s
[23:56:22.536] INF [session] 切模式：手动曝光已按快照重放（ISO 198）
[23:56:22.536] INF [device] 手动白平衡档：7016K（色调跟随当前值 -7）
[23:56:22.536] INF [session] 切模式：手动白平衡已按快照重放（7016K）
[23:56:22.537] INF [session] 切模式后档位复查（视频）：曝光=手动 / 白平衡=手动 / 对焦意图=手动 / EV=+0.0
[23:56:22.537] INF [session] 切模式耗时 0.35s（视频；含 outputs 重配与参数重放）
[23:56:22.913] INF [session] 切模式 commit 后瞬间档位：曝光=手动 / 白平衡=手动 / 快照=曝光手动·白平衡手动
[23:56:22.913] DBG [photo] 视频：录制链路不挂照片输出，跳过照片模板准备
[23:56:22.914] INF [device] 手动曝光档：ISO 197 快门 1/41s
[23:56:22.914] INF [session] 切模式：手动曝光已按快照重放（ISO 197）
[23:56:22.914] INF [device] 手动白平衡档：7016K（色调跟随当前值 -7）
[23:56:22.914] INF [session] 切模式：手动白平衡已按快照重放（7016K）
[23:56:22.915] INF [session] 切模式后档位复查（视频）：曝光=手动 / 白平衡=手动 / 对焦意图=手动 / EV=+0.0
[23:56:22.915] INF [session] 切模式耗时 0.38s（视频；含 outputs 重配与参数重放）
[23:56:23.303] INF [session] 切模式 commit 后瞬间档位：曝光=手动 / 白平衡=手动 / 快照=曝光手动·白平衡手动
[23:56:23.304] DBG [photo] 视频：录制链路不挂照片输出，跳过照片模板准备
[23:56:23.304] INF [device] 手动曝光档：ISO 196 快门 1/41s
[23:56:23.304] INF [session] 切模式：手动曝光已按快照重放（ISO 196）
[23:56:23.304] INF [device] 手动白平衡档：7016K（色调跟随当前值 -7）
[23:56:23.304] INF [session] 切模式：手动白平衡已按快照重放（7016K）
[23:56:23.305] INF [session] 切模式后档位复查（视频）：曝光=手动 / 白平衡=手动 / 对焦意图=手动 / EV=+0.0
[23:56:23.305] INF [session] 切模式耗时 0.39s（视频；含 outputs 重配与参数重放）
[23:56:23.643] INF [session] 切模式 commit 后瞬间档位：曝光=手动 / 白平衡=手动 / 快照=曝光手动·白平衡手动
[23:56:23.643] DBG [photo] Log 实况：录制链路不挂照片输出，跳过照片模板准备
[23:56:23.644] INF [device] 手动曝光档：ISO 195 快门 1/41s
[23:56:23.644] INF [session] 切模式：手动曝光已按快照重放（ISO 195）
[23:56:23.644] INF [device] 手动白平衡档：7016K（色调跟随当前值 -7）
[23:56:23.644] INF [session] 切模式：手动白平衡已按快照重放（7016K）
[23:56:23.645] INF [session] 切模式后档位复查（Log 实况）：曝光=手动 / 白平衡=手动 / 对焦意图=手动 / EV=+0.0
[23:56:23.645] INF [session] 切模式耗时 0.34s（Log 实况；含 outputs 重配与参数重放）
[23:56:24.007] INF [session] 切模式 commit 后瞬间档位：曝光=手动 / 白平衡=手动 / 快照=曝光手动·白平衡手动
[23:56:24.007] DBG [photo] Log 实况：录制链路不挂照片输出，跳过照片模板准备
[23:56:24.007] INF [device] 手动曝光档：ISO 198 快门 1/41s
[23:56:24.007] INF [session] 切模式：手动曝光已按快照重放（ISO 198）
[23:56:24.008] INF [device] 手动白平衡档：7012K（色调跟随当前值 -6）
[23:56:24.008] INF [session] 切模式：手动白平衡已按快照重放（7012K）
[23:56:24.009] INF [session] 切模式后档位复查（Log 实况）：曝光=手动 / 白平衡=手动 / 对焦意图=手动 / EV=+0.0
[23:56:24.009] INF [session] 切模式耗时 0.36s（Log 实况；含 outputs 重配与参数重放）
[23:56:24.009] INF [resource] 模式 Log 实况 · input 活 2（累计增/删 23/21） · output 活 1（累计增/删 259/258） · 内存 34.0MB
[23:56:24.364] INF [session] 切模式 commit 后瞬间档位：曝光=手动 / 白平衡=手动 / 快照=曝光手动·白平衡手动
[23:56:24.364] DBG [photo] Log 实况：录制链路不挂照片输出，跳过照片模板准备
[23:56:24.365] INF [device] 手动曝光档：ISO 198 快门 1/41s
[23:56:24.365] INF [session] 切模式：手动曝光已按快照重放（ISO 198）
[23:56:24.365] INF [device] 手动白平衡档：7012K（色调跟随当前值 -6）
[23:56:24.365] INF [session] 切模式：手动白平衡已按快照重放（7012K）
[23:56:24.365] INF [session] 切模式后档位复查（Log 实况）：曝光=手动 / 白平衡=手动 / 对焦意图=手动 / EV=+0.0
[23:56:24.365] INF [session] 切模式耗时 0.36s（Log 实况；含 outputs 重配与参数重放）
[23:56:24.727] INF [session] 切模式 commit 后瞬间档位：曝光=手动 / 白平衡=手动 / 快照=曝光手动·白平衡手动
[23:56:24.727] DBG [photo] 视频：录制链路不挂照片输出，跳过照片模板准备
[23:56:24.727] INF [device] 手动曝光档：ISO 197 快门 1/41s
[23:56:24.727] INF [session] 切模式：手动曝光已按快照重放（ISO 197）
[23:56:24.728] INF [device] 手动白平衡档：7012K（色调跟随当前值 -6）
[23:56:24.728] INF [session] 切模式：手动白平衡已按快照重放（7012K）
[23:56:24.729] INF [session] 切模式后档位复查（视频）：曝光=手动 / 白平衡=手动 / 对焦意图=手动 / EV=+0.0
[23:56:24.729] INF [session] 切模式耗时 0.36s（视频；含 outputs 重配与参数重放）
[23:56:25.087] INF [session] 切模式 commit 后瞬间档位：曝光=手动 / 白平衡=手动 / 快照=曝光手动·白平衡手动
[23:56:25.087] DBG [photo] 视频：录制链路不挂照片输出，跳过照片模板准备
[23:56:25.087] INF [device] 手动曝光档：ISO 200 快门 1/41s
[23:56:25.087] INF [session] 切模式：手动曝光已按快照重放（ISO 200）
[23:56:25.087] INF [device] 手动白平衡档：7012K（色调跟随当前值 -6）
[23:56:25.088] INF [session] 切模式：手动白平衡已按快照重放（7012K）
[23:56:25.089] INF [session] 切模式后档位复查（视频）：曝光=手动 / 白平衡=手动 / 对焦意图=手动 / EV=+0.0
[23:56:25.089] INF [session] 切模式耗时 0.36s（视频；含 outputs 重配与参数重放）
[23:56:25.089] INF [resource] 模式 视频 · input 活 2（累计增/删 23/21） · output 活 1（累计增/删 262/261） · 内存 34.1MB
[23:56:25.444] INF [session] 切模式 commit 后瞬间档位：曝光=手动 / 白平衡=手动 / 快照=曝光手动·白平衡手动
[23:56:25.444] DBG [photo] Log 实况：录制链路不挂照片输出，跳过照片模板准备
[23:56:25.444] INF [device] 手动曝光档：ISO 197 快门 1/41s
[23:56:25.444] INF [session] 切模式：手动曝光已按快照重放（ISO 197）
[23:56:25.445] INF [device] 手动白平衡档：7012K（色调跟随当前值 -6）
[23:56:25.445] INF [session] 切模式：手动白平衡已按快照重放（7012K）
[23:56:25.446] INF [session] 切模式后档位复查（Log 实况）：曝光=手动 / 白平衡=手动 / 对焦意图=手动 / EV=+0.0
[23:56:25.446] INF [session] 切模式耗时 0.36s（Log 实况；含 outputs 重配与参数重放）
[23:56:25.795] INF [session] 切模式 commit 后瞬间档位：曝光=手动 / 白平衡=手动 / 快照=曝光手动·白平衡手动
[23:56:25.795] DBG [photo] Log 实况：录制链路不挂照片输出，跳过照片模板准备
[23:56:25.795] INF [device] 手动曝光档：ISO 198 快门 1/41s
[23:56:25.795] INF [session] 切模式：手动曝光已按快照重放（ISO 198）
[23:56:25.795] INF [device] 手动白平衡档：7012K（色调跟随当前值 -6）
[23:56:25.795] INF [session] 切模式：手动白平衡已按快照重放（7012K）
[23:56:25.796] INF [session] 切模式后档位复查（Log 实况）：曝光=手动 / 白平衡=手动 / 对焦意图=手动 / EV=+0.0
[23:56:25.797] INF [session] 切模式耗时 0.35s（Log 实况；含 outputs 重配与参数重放）
[23:56:25.797] INF [resource] 模式 Log 实况 · input 活 2（累计增/删 23/21） · output 活 1（累计增/删 264/263） · 内存 34.5MB
[23:56:25.799] INF [session] 已移除麦克风输入
[23:56:25.875] INF [audio] 音频会话已释放
[23:56:26.302] INF [session] 切模式 commit 后瞬间档位：曝光=手动 / 白平衡=手动 / 快照=曝光手动·白平衡手动
[23:56:26.302] INF [photo] 照片编码格式：hvc1
[23:56:26.302] INF [device] 手动曝光档：ISO 200 快门 1/41s
[23:56:26.302] INF [session] 切模式：手动曝光已按快照重放（ISO 200）
[23:56:26.302] INF [device] 手动白平衡档：7012K（色调跟随当前值 -6）
[23:56:26.302] INF [session] 切模式：手动白平衡已按快照重放（7012K）
[23:56:26.303] INF [session] 切模式后档位复查（照片）：曝光=手动 / 白平衡=手动 / 对焦意图=手动 / EV=+0.0
[23:56:26.303] INF [session] 切模式耗时 0.51s（照片；含 outputs 重配与参数重放）
[23:56:26.633] INF [session] 切模式 commit 后瞬间档位：曝光=手动 / 白平衡=手动 / 快照=曝光手动·白平衡手动
[23:56:26.633] INF [photo] 照片编码格式：hvc1
[23:56:26.633] INF [device] 手动曝光档：ISO 340 快门 1/52s
[23:56:26.633] INF [session] 切模式：手动曝光已按快照重放（ISO 340）
[23:56:26.633] INF [device] 手动白平衡档：7012K（色调跟随当前值 -6）
[23:56:26.633] INF [session] 切模式：手动白平衡已按快照重放（7012K）
[23:56:26.634] INF [session] 切模式后档位复查（照片）：曝光=手动 / 白平衡=手动 / 对焦意图=手动 / EV=+0.0
[23:56:26.634] INF [session] 切模式耗时 0.33s（照片；含 outputs 重配与参数重放）
[23:56:26.635] INF [session] 已加入麦克风输入
[23:56:26.654] INF [audio] 音频会话已激活（active=true category=AVAudioSessionCategoryPlayAndRecord mode=AVAudioSessionModeVideoRecording 48000Hz ch=1）
[23:56:26.656] INF [photo] Live Photo 采集 已开启
[23:56:27.107] INF [session] 切模式 commit 后瞬间档位：曝光=手动 / 白平衡=手动 / 快照=曝光手动·白平衡手动
[23:56:27.108] INF [photo] 照片编码格式：hvc1
[23:56:27.108] INF [device] 手动曝光档：ISO 436 快门 1/52s
[23:56:27.108] INF [session] 切模式：手动曝光已按快照重放（ISO 436）
[23:56:27.108] INF [device] 手动白平衡档：7012K（色调跟随当前值 -6）
[23:56:27.108] INF [session] 切模式：手动白平衡已按快照重放（7012K）
[23:56:27.109] INF [session] 切模式后档位复查（实况）：曝光=手动 / 白平衡=手动 / 对焦意图=手动 / EV=+0.0
[23:56:27.109] INF [session] 切模式耗时 0.47s（实况；含 outputs 重配与参数重放）
[23:56:27.478] INF [session] 切模式 commit 后瞬间档位：曝光=手动 / 白平衡=手动 / 快照=曝光手动·白平衡手动
[23:56:27.479] DBG [photo] Log 实况：录制链路不挂照片输出，跳过照片模板准备
[23:56:27.479] INF [device] 手动曝光档：ISO 361 快门 1/52s
[23:56:27.479] INF [session] 切模式：手动曝光已按快照重放（ISO 361）
[23:56:27.479] INF [device] 手动白平衡档：7012K（色调跟随当前值 -6）
[23:56:27.479] INF [session] 切模式：手动白平衡已按快照重放（7012K）
[23:56:27.480] INF [session] 切模式后档位复查（Log 实况）：曝光=手动 / 白平衡=手动 / 对焦意图=手动 / EV=+0.0
[23:56:27.480] INF [session] 切模式耗时 0.37s（Log 实况；含 outputs 重配与参数重放）
[23:56:27.480] INF [resource] 模式 Log 实况 · input 活 2（累计增/删 24/22） · output 活 1（累计增/删 268/267） · 内存 33.9MB
[23:56:27.824] INF [session] 切模式 commit 后瞬间档位：曝光=手动 / 白平衡=手动 / 快照=曝光手动·白平衡手动
[23:56:27.824] DBG [photo] Log 实况：录制链路不挂照片输出，跳过照片模板准备
[23:56:27.824] INF [device] 手动曝光档：ISO 204 快门 1/41s
[23:56:27.824] INF [session] 切模式：手动曝光已按快照重放（ISO 204）
[23:56:27.824] INF [device] 手动白平衡档：7016K（色调跟随当前值 -7）
[23:56:27.825] INF [session] 切模式：手动白平衡已按快照重放（7016K）
[23:56:27.825] INF [session] 切模式后档位复查（Log 实况）：曝光=手动 / 白平衡=手动 / 对焦意图=手动 / EV=+0.0
[23:56:27.825] INF [session] 切模式耗时 0.35s（Log 实况；含 outputs 重配与参数重放）
[23:56:28.193] INF [session] 切模式 commit 后瞬间档位：曝光=手动 / 白平衡=手动 / 快照=曝光手动·白平衡手动
[23:56:28.193] DBG [photo] Log 实况：录制链路不挂照片输出，跳过照片模板准备
[23:56:28.193] INF [device] 手动曝光档：ISO 198 快门 1/41s
[23:56:28.193] INF [session] 切模式：手动曝光已按快照重放（ISO 198）
[23:56:28.194] INF [device] 手动白平衡档：7016K（色调跟随当前值 -7）
[23:56:28.194] INF [session] 切模式：手动白平衡已按快照重放（7016K）
[23:56:28.195] INF [session] 切模式后档位复查（Log 实况）：曝光=手动 / 白平衡=手动 / 对焦意图=手动 / EV=+0.0
[23:56:28.195] INF [session] 切模式耗时 0.37s（Log 实况；含 outputs 重配与参数重放）
[23:56:28.538] INF [session] 切模式 commit 后瞬间档位：曝光=手动 / 白平衡=手动 / 快照=曝光手动·白平衡手动
[23:56:28.538] DBG [photo] Log 实况：录制链路不挂照片输出，跳过照片模板准备
[23:56:28.539] INF [device] 手动曝光档：ISO 196 快门 1/41s
[23:56:28.539] INF [session] 切模式：手动曝光已按快照重放（ISO 196）
[23:56:28.539] INF [device] 手动白平衡档：7016K（色调跟随当前值 -7）
[23:56:28.539] INF [session] 切模式：手动白平衡已按快照重放（7016K）
[23:56:28.540] INF [session] 切模式后档位复查（Log 实况）：曝光=手动 / 白平衡=手动 / 对焦意图=手动 / EV=+0.0
[23:56:28.540] INF [session] 切模式耗时 0.34s（Log 实况；含 outputs 重配与参数重放）
[23:56:28.544] INF [photo] Live Photo 采集 已开启
[23:56:29.066] INF [session] 切模式 commit 后瞬间档位：曝光=手动 / 白平衡=手动 / 快照=曝光手动·白平衡手动
[23:56:29.067] INF [photo] 照片编码格式：hvc1
[23:56:29.067] INF [device] 手动曝光档：ISO 197 快门 1/41s
[23:56:29.067] INF [session] 切模式：手动曝光已按快照重放（ISO 197）
[23:56:29.067] INF [device] 手动白平衡档：7016K（色调跟随当前值 -7）
[23:56:29.067] INF [session] 切模式：手动白平衡已按快照重放（7016K）
[23:56:29.068] INF [session] 切模式后档位复查（实况）：曝光=手动 / 白平衡=手动 / 对焦意图=手动 / EV=+0.0
[23:56:29.068] INF [session] 切模式耗时 0.53s（实况；含 outputs 重配与参数重放）
[23:56:29.072] INF [photo] Live Photo 采集 已开启
[23:56:29.397] INF [session] 切模式 commit 后瞬间档位：曝光=手动 / 白平衡=手动 / 快照=曝光手动·白平衡手动
[23:56:29.397] INF [photo] 照片编码格式：hvc1
[23:56:29.398] INF [device] 手动曝光档：ISO 251 快门 1/52s
[23:56:29.398] INF [session] 切模式：手动曝光已按快照重放（ISO 251）
[23:56:29.398] INF [device] 手动白平衡档：7012K（色调跟随当前值 -6）
[23:56:29.398] INF [session] 切模式：手动白平衡已按快照重放（7012K）
[23:56:29.398] INF [session] 切模式后档位复查（实况）：曝光=手动 / 白平衡=手动 / 对焦意图=手动 / EV=+0.0
[23:56:29.398] INF [session] 切模式耗时 0.33s（实况；含 outputs 重配与参数重放）
[23:56:29.398] INF [resource] 模式 实况 · input 活 2（累计增/删 24/22） · output 活 1（累计增/删 273/272） · 内存 34.3MB
[23:56:29.400] INF [photo] Live Photo 采集 已开启
[23:56:29.730] INF [session] 切模式 commit 后瞬间档位：曝光=手动 / 白平衡=手动 / 快照=曝光手动·白平衡手动
[23:56:29.730] INF [photo] 照片编码格式：hvc1
[23:56:29.730] INF [device] 手动曝光档：ISO 424 快门 1/52s
[23:56:29.730] INF [session] 切模式：手动曝光已按快照重放（ISO 424）
[23:56:29.730] INF [device] 手动白平衡档：7012K（色调跟随当前值 -6）
[23:56:29.730] INF [session] 切模式：手动白平衡已按快照重放（7012K）
[23:56:29.731] INF [session] 切模式后档位复查（实况）：曝光=手动 / 白平衡=手动 / 对焦意图=手动 / EV=+0.0
[23:56:29.731] INF [session] 切模式耗时 0.33s（实况；含 outputs 重配与参数重放）
[23:56:29.732] INF [photo] Live Photo 采集 已开启
[23:56:30.029] INF [session] 切模式 commit 后瞬间档位：曝光=手动 / 白平衡=手动 / 快照=曝光手动·白平衡手动
[23:56:30.030] INF [photo] 照片编码格式：hvc1
[23:56:30.030] INF [device] 手动曝光档：ISO 438 快门 1/52s
[23:56:30.030] INF [session] 切模式：手动曝光已按快照重放（ISO 438）
[23:56:30.030] INF [device] 手动白平衡档：7016K（色调跟随当前值 -7）
[23:56:30.030] INF [session] 切模式：手动白平衡已按快照重放（7016K）
[23:56:30.031] INF [session] 切模式后档位复查（实况）：曝光=手动 / 白平衡=手动 / 对焦意图=手动 / EV=+0.0
[23:56:30.031] INF [session] 切模式耗时 0.30s（实况；含 outputs 重配与参数重放）
[23:56:30.032] INF [photo] Live Photo 采集 已开启
[23:56:30.329] INF [session] 切模式 commit 后瞬间档位：曝光=手动 / 白平衡=手动 / 快照=曝光手动·白平衡手动
[23:56:30.329] INF [photo] 照片编码格式：hvc1
[23:56:30.329] INF [device] 手动曝光档：ISO 447 快门 1/52s
[23:56:30.329] INF [session] 切模式：手动曝光已按快照重放（ISO 447）
[23:56:30.329] INF [device] 手动白平衡档：7020K（色调跟随当前值 -8）
[23:56:30.329] INF [session] 切模式：手动白平衡已按快照重放（7020K）
[23:56:30.330] INF [session] 切模式后档位复查（实况）：曝光=手动 / 白平衡=手动 / 对焦意图=手动 / EV=+0.0
[23:56:30.330] INF [session] 切模式耗时 0.30s（实况；含 outputs 重配与参数重放）
[23:56:30.653] INF [session] 切模式 commit 后瞬间档位：曝光=手动 / 白平衡=手动 / 快照=曝光手动·白平衡手动
[23:56:30.654] DBG [photo] Log 实况：录制链路不挂照片输出，跳过照片模板准备
[23:56:30.654] INF [device] 手动曝光档：ISO 455 快门 1/52s
[23:56:30.654] INF [session] 切模式：手动曝光已按快照重放（ISO 455）
[23:56:30.654] INF [device] 手动白平衡档：7026K（色调跟随当前值 -8）
[23:56:30.654] INF [session] 切模式：手动白平衡已按快照重放（7026K）
[23:56:30.655] INF [session] 切模式后档位复查（Log 实况）：曝光=手动 / 白平衡=手动 / 对焦意图=手动 / EV=+0.0
[23:56:30.655] INF [session] 切模式耗时 0.32s（Log 实况；含 outputs 重配与参数重放）
[23:56:31.013] INF [session] 切模式 commit 后瞬间档位：曝光=手动 / 白平衡=手动 / 快照=曝光手动·白平衡手动
[23:56:31.013] DBG [photo] Log 实况：录制链路不挂照片输出，跳过照片模板准备
[23:56:31.014] INF [device] 手动曝光档：ISO 207 快门 1/41s
[23:56:31.014] INF [session] 切模式：手动曝光已按快照重放（ISO 207）
[23:56:31.014] INF [device] 手动白平衡档：7026K（色调跟随当前值 -8）
[23:56:31.014] INF [session] 切模式：手动白平衡已按快照重放（7026K）
[23:56:31.015] INF [session] 切模式后档位复查（Log 实况）：曝光=手动 / 白平衡=手动 / 对焦意图=手动 / EV=+0.0
[23:56:31.015] INF [session] 切模式耗时 0.36s（Log 实况；含 outputs 重配与参数重放）
[23:56:31.391] INF [session] 切模式 commit 后瞬间档位：曝光=手动 / 白平衡=手动 / 快照=曝光手动·白平衡手动
[23:56:31.392] DBG [photo] 视频：录制链路不挂照片输出，跳过照片模板准备
[23:56:31.392] INF [device] 手动曝光档：ISO 193 快门 1/41s
[23:56:31.392] INF [session] 切模式：手动曝光已按快照重放（ISO 193）
[23:56:31.392] INF [device] 手动白平衡档：7026K（色调跟随当前值 -8）
[23:56:31.392] INF [session] 切模式：手动白平衡已按快照重放（7026K）
[23:56:31.393] INF [session] 切模式后档位复查（视频）：曝光=手动 / 白平衡=手动 / 对焦意图=手动 / EV=+0.0
[23:56:31.393] INF [session] 切模式耗时 0.38s（视频；含 outputs 重配与参数重放）
[23:56:31.744] INF [session] 切模式 commit 后瞬间档位：曝光=手动 / 白平衡=手动 / 快照=曝光手动·白平衡手动
[23:56:31.744] DBG [photo] 视频：录制链路不挂照片输出，跳过照片模板准备
[23:56:31.744] INF [device] 手动曝光档：ISO 192 快门 1/41s
[23:56:31.744] INF [session] 切模式：手动曝光已按快照重放（ISO 192）
[23:56:31.745] INF [device] 手动白平衡档：7020K（色调跟随当前值 -8）
[23:56:31.745] INF [session] 切模式：手动白平衡已按快照重放（7020K）
[23:56:31.746] INF [session] 切模式后档位复查（视频）：曝光=手动 / 白平衡=手动 / 对焦意图=手动 / EV=+0.0
[23:56:31.746] INF [session] 切模式耗时 0.35s（视频；含 outputs 重配与参数重放）
[23:56:32.099] INF [session] 切模式 commit 后瞬间档位：曝光=手动 / 白平衡=手动 / 快照=曝光手动·白平衡手动
[23:56:32.099] DBG [photo] 视频：录制链路不挂照片输出，跳过照片模板准备
[23:56:32.100] INF [device] 手动曝光档：ISO 196 快门 1/41s
[23:56:32.100] INF [session] 切模式：手动曝光已按快照重放（ISO 196）
[23:56:32.100] INF [device] 手动白平衡档：7020K（色调跟随当前值 -8）
[23:56:32.100] INF [session] 切模式：手动白平衡已按快照重放（7020K）
[23:56:32.101] INF [session] 切模式后档位复查（视频）：曝光=手动 / 白平衡=手动 / 对焦意图=手动 / EV=+0.0
[23:56:32.101] INF [session] 切模式耗时 0.36s（视频；含 outputs 重配与参数重放）
[23:56:32.451] INF [session] 切模式 commit 后瞬间档位：曝光=手动 / 白平衡=手动 / 快照=曝光手动·白平衡手动
[23:56:32.451] DBG [photo] Log 实况：录制链路不挂照片输出，跳过照片模板准备
[23:56:32.452] INF [device] 手动曝光档：ISO 196 快门 1/41s
[23:56:32.452] INF [session] 切模式：手动曝光已按快照重放（ISO 196）
[23:56:32.452] INF [device] 手动白平衡档：7016K（色调跟随当前值 -7）
[23:56:32.452] INF [session] 切模式：手动白平衡已按快照重放（7016K）
[23:56:32.453] INF [session] 切模式后档位复查（Log 实况）：曝光=手动 / 白平衡=手动 / 对焦意图=手动 / EV=+0.0
[23:56:32.453] INF [session] 切模式耗时 0.35s（Log 实况；含 outputs 重配与参数重放）
[23:56:32.453] INF [resource] 模式 Log 实况 · input 活 2（累计增/删 24/22） · output 活 1（累计增/删 282/281） · 内存 34.1MB
[23:56:32.534] DBG [device] 对焦点 → (0.00, 0.51)
[23:56:32.534] INF [device] 手动曝光档：ISO 197 快门 1/41s
[23:56:32.534] INF [session] 点按对焦后按意图重放手动曝光（ISO 197 / 1/41s）
[23:56:32.534] INF [device] 手动白平衡档：7016K（色调跟随当前值 -7）
[23:56:32.534] INF [session] 点按对焦后按意图重放手动白平衡（7016K）
[23:56:32.535] INF [session] 点按对焦后档位：曝光=手动 / 白平衡=手动 / 意图=曝光手动·白平衡手动
[23:56:32.537] INF [photo] Live Photo 采集 已开启
[23:56:32.961] INF [session] 切模式 commit 后瞬间档位：曝光=手动 / 白平衡=手动 / 快照=曝光手动·白平衡手动
[23:56:32.961] INF [photo] 照片编码格式：hvc1
[23:56:32.961] INF [device] 手动曝光档：ISO 197 快门 1/41s
[23:56:32.962] INF [session] 切模式：手动曝光已按快照重放（ISO 197）
[23:56:32.962] INF [device] 手动白平衡档：7016K（色调跟随当前值 -7）
[23:56:32.962] INF [session] 切模式：手动白平衡已按快照重放（7016K）
[23:56:32.963] INF [session] 切模式后档位复查（实况）：曝光=手动 / 白平衡=手动 / 对焦意图=自动 / EV=+0.0
[23:56:32.963] INF [session] 切模式耗时 0.43s（实况；含 outputs 重配与参数重放）
[23:56:32.967] INF [photo] Live Photo 采集 已开启
[23:56:33.325] INF [session] 切模式 commit 后瞬间档位：曝光=手动 / 白平衡=手动 / 快照=曝光手动·白平衡手动
[23:56:33.325] INF [photo] 照片编码格式：hvc1
[23:56:33.325] INF [device] 手动曝光档：ISO 259 快门 1/52s
[23:56:33.325] INF [session] 切模式：手动曝光已按快照重放（ISO 259）
[23:56:33.325] INF [device] 手动白平衡档：7012K（色调跟随当前值 -6）
[23:56:33.325] INF [session] 切模式：手动白平衡已按快照重放（7012K）
[23:56:33.325] INF [session] 切模式后档位复查（实况）：曝光=手动 / 白平衡=手动 / 对焦意图=自动 / EV=+0.0
[23:56:33.326] INF [session] 切模式耗时 0.36s（实况；含 outputs 重配与参数重放）
[23:56:33.327] INF [photo] Live Photo 采集 已开启
[23:56:33.658] INF [session] 切模式 commit 后瞬间档位：曝光=手动 / 白平衡=手动 / 快照=曝光手动·白平衡手动
[23:56:33.658] INF [photo] 照片编码格式：hvc1
[23:56:33.658] INF [device] 手动曝光档：ISO 433 快门 1/52s
[23:56:33.658] INF [session] 切模式：手动曝光已按快照重放（ISO 433）
[23:56:33.659] INF [device] 手动白平衡档：7012K（色调跟随当前值 -6）
[23:56:33.659] INF [session] 切模式：手动白平衡已按快照重放（7012K）
[23:56:33.659] INF [session] 切模式后档位复查（实况）：曝光=手动 / 白平衡=手动 / 对焦意图=自动 / EV=+0.0
[23:56:33.659] INF [session] 切模式耗时 0.33s（实况；含 outputs 重配与参数重放）
[23:56:33.659] INF [resource] 模式 实况 · input 活 2（累计增/删 24/22） · output 活 1（累计增/删 285/284） · 内存 34.5MB
[23:56:33.659] INF [resource] 模式 实况 · input 活 2（累计增/删 24/22） · output 活 1（累计增/删 285/284） · 内存 34.5MB
[23:56:33.659] INF [resource] 模式 实况 · input 活 2（累计增/删 24/22） · output 活 1（累计增/删 285/284） · 内存 34.5MB
[23:56:33.659] INF [resource] 模式 实况 · input 活 2（累计增/删 24/22） · output 活 1（累计增/删 285/284） · 内存 34.5MB
[23:56:33.659] INF [resource] 模式 实况 · input 活 2（累计增/删 24/22） · output 活 1（累计增/删 285/284） · 内存 34.5MB
[23:56:33.660] INF [resource] 模式 实况 · input 活 2（累计增/删 24/22） · output 活 1（累计增/删 285/284） · 内存 34.5MB
[23:56:33.660] INF [resource] 模式 实况 · input 活 2（累计增/删 24/22） · output 活 1（累计增/删 285/284） · 内存 34.5MB
[23:56:33.660] INF [resource] 模式 实况 · input 活 2（累计增/删 24/22） · output 活 1（累计增/删 285/284） · 内存 34.5MB
[23:56:33.660] INF [resource] 模式 实况 · input 活 2（累计增/删 24/22） · output 活 1（累计增/删 285/284） · 内存 34.5MB
[23:56:33.660] INF [resource] 模式 实况 · input 活 2（累计增/删 24/22） · output 活 1（累计增/删 285/284） · 内存 34.5MB
[23:56:33.660] INF [resource] 模式 实况 · input 活 2（累计增/删 24/22） · output 活 1（累计增/删 285/284） · 内存 34.5MB
[23:56:33.660] INF [resource] 模式 实况 · input 活 2（累计增/删 24/22） · output 活 1（累计增/删 285/284） · 内存 34.5MB
[23:56:33.660] INF [resource] 模式 实况 · input 活 2（累计增/删 24/22） · output 活 1（累计增/删 285/284） · 内存 34.5MB
[23:56:33.661] INF [resource] 模式 实况 · input 活 2（累计增/删 24/22） · output 活 1（累计增/删 285/284） · 内存 34.5MB
[23:56:33.661] INF [resource] 模式 实况 · input 活 2（累计增/删 24/22） · output 活 1（累计增/删 285/284） · 内存 34.5MB
[23:56:33.661] INF [resource] 模式 实况 · input 活 2（累计增/删 24/22） · output 活 1（累计增/删 285/284） · 内存 34.5MB
[23:56:33.661] INF [resource] 模式 实况 · input 活 2（累计增/删 24/22） · output 活 1（累计增/删 285/284） · 内存 34.6MB
[23:56:33.661] INF [resource] 模式 实况 · input 活 2（累计增/删 24/22） · output 活 1（累计增/删 285/284） · 内存 34.6MB
[23:56:33.662] INF [resource] 模式 实况 · input 活 2（累计增/删 24/22） · output 活 1（累计增/删 285/284） · 内存 34.6MB
[23:56:33.662] INF [resource] 模式 实况 · input 活 2（累计增/删 24/22） · output 活 1（累计增/删 285/284） · 内存 34.6MB
[23:56:33.662] INF [resource] 模式 实况 · input 活 2（累计增/删 24/22） · output 活 1（累计增/删 285/284） · 内存 34.6MB
[23:56:33.662] INF [resource] 模式 实况 · input 活 2（累计增/删 24/22） · output 活 1（累计增/删 285/284） · 内存 34.6MB
[23:56:33.662] INF [resource] 模式 实况 · input 活 2（累计增/删 24/22） · output 活 1（累计增/删 285/284） · 内存 34.7MB
[23:56:33.663] INF [resource] 模式 实况 · input 活 2（累计增/删 24/22） · output 活 1（累计增/删 285/284） · 内存 34.7MB
[23:56:33.663] INF [resource] 模式 实况 · input 活 2（累计增/删 24/22） · output 活 1（累计增/删 285/284） · 内存 34.8MB
[23:56:33.663] INF [resource] 模式 实况 · input 活 2（累计增/删 24/22） · output 活 1（累计增/删 285/284） · 内存 34.8MB
[23:56:33.663] INF [resource] 模式 实况 · input 活 2（累计增/删 24/22） · output 活 1（累计增/删 285/284） · 内存 34.8MB
[23:56:36.281] INF [resource] 模式 实况 · input 活 2（累计增/删 24/22） · output 活 1（累计增/删 285/284） · 内存 33.7MB
[23:56:39.910] INF [session] 切换模式 实况 → 照片
[23:56:39.912] INF [session] 已移除麦克风输入
[23:56:40.046] INF [audio] 音频会话已释放
[23:56:40.497] INF [session] 切模式 commit 后瞬间档位：曝光=手动 / 白平衡=手动 / 快照=曝光手动·白平衡手动
[23:56:40.497] INF [photo] 照片编码格式：hvc1
[23:56:40.497] INF [device] 手动曝光档：ISO 434 快门 1/52s
[23:56:40.498] INF [session] 切模式：手动曝光已按快照重放（ISO 434）
[23:56:40.498] INF [device] 手动白平衡档：7012K（色调跟随当前值 -6）
[23:56:40.498] INF [session] 切模式：手动白平衡已按快照重放（7012K）
[23:56:40.499] INF [session] 切模式后档位复查（照片）：曝光=手动 / 白平衡=手动 / 对焦意图=自动 / EV=+0.0
[23:56:40.499] INF [session] 切模式耗时 0.59s（照片；含 outputs 重配与参数重放）
[23:56:40.520] INF [resource] 模式 照片 · input 活 1（累计增/删 24/23） · output 活 1（累计增/删 286/285） · 内存 32.7MB
[23:56:41.460] INF [session] 切换模式 照片 → 实况
[23:56:41.463] INF [session] 已加入麦克风输入
[23:56:41.547] INF [audio] 音频会话已激活（active=true category=AVAudioSessionCategoryPlayAndRecord mode=AVAudioSessionModeVideoRecording 48000Hz ch=1）
[23:56:41.550] INF [photo] Live Photo 采集 已开启
[23:56:41.973] INF [session] 切模式 commit 后瞬间档位：曝光=手动 / 白平衡=手动 / 快照=曝光手动·白平衡手动
[23:56:41.973] INF [photo] 照片编码格式：hvc1
[23:56:41.973] INF [device] 手动曝光档：ISO 434 快门 1/52s
[23:56:41.973] INF [session] 切模式：手动曝光已按快照重放（ISO 434）
[23:56:41.974] INF [device] 手动白平衡档：7011K（色调跟随当前值 -7）
[23:56:41.974] INF [session] 切模式：手动白平衡已按快照重放（7011K）
[23:56:41.974] INF [session] 切模式后档位复查（实况）：曝光=手动 / 白平衡=手动 / 对焦意图=自动 / EV=+0.0
[23:56:41.974] INF [session] 切模式耗时 0.51s（实况；含 outputs 重配与参数重放）
[23:56:42.809] INF [session] 切换模式 实况 → 照片
[23:56:42.812] INF [session] 已移除麦克风输入
[23:56:42.947] INF [audio] 音频会话已释放
[23:56:43.397] INF [session] 切模式 commit 后瞬间档位：曝光=手动 / 白平衡=手动 / 快照=曝光手动·白平衡手动
[23:56:43.397] INF [photo] 照片编码格式：hvc1
[23:56:43.397] INF [device] 手动曝光档：ISO 434 快门 1/52s
[23:56:43.397] INF [session] 切模式：手动曝光已按快照重放（ISO 434）
[23:56:43.397] INF [device] 手动白平衡档：7011K（色调跟随当前值 -7）
[23:56:43.398] INF [session] 切模式：手动白平衡已按快照重放（7011K）
[23:56:43.398] INF [session] 切模式后档位复查（照片）：曝光=手动 / 白平衡=手动 / 对焦意图=自动 / EV=+0.0
[23:56:43.399] INF [session] 切模式耗时 0.59s（照片；含 outputs 重配与参数重放）
[23:56:43.425] INF [resource] 模式 照片 · input 活 1（累计增/删 25/24） · output 活 1（累计增/删 288/287） · 内存 32.4MB
[23:56:44.846] INF [session] 换设备开始（模糊淡入中）→ 物理单摄（13 mm）
[23:56:45.947] INF [device] 格式已应用 Back Ultra Wide Camera 4032x3024 1-30fps 4:3 photoMax=4032x3024/8064x6048 fps=30
[23:56:45.947] INF [session] 冷探测：候选 35 个，applyFormat 1 次，耗时 0.45s（Live 优先序）
[23:56:45.949] INF [session] 选用采集格式 4032x3024 1-30fps 4:3 photoMax=4032x3024/8064x6048，Live Photo 能力=true（候选共 35 个 · applyFormat 1 次，已缓存并落盘）
[23:56:45.950] INF [device] 手动曝光档：ISO 434 快门 1/52s
[23:56:45.950] INF [session] 搬运：手动曝光已重放（ISO 434）
[23:56:45.950] INF [device] 手动白平衡档：7010K（色调跟随当前值 -7）
[23:56:45.950] INF [session] 搬运：手动白平衡已重放（7010K）
[23:56:45.950] INF [session] 搬运：手动曝光档激活 → 跳过 EV 重放（值保留 +0.0，回自动档生效）
[23:56:45.950] INF [session] 搬运：对焦显式降级 → 连续自动（预检 ⑤）
[23:56:45.951] INF [session] 换设备后新设备档位复查：曝光=手动 / 白平衡=手动 / 对焦=自动（显式降级） / EV=+0.0
[23:56:45.952] INF [session] 换设备完成（转场）→ 物理单摄（13 mm）；当前档位 13 mm；Live Photo 能力=true；耗时 0.96s
[23:56:46.895] INF [session] 换设备开始（模糊淡入中）→ 物理单摄（120 mm）
[23:56:48.034] INF [device] 格式已应用 Back Telephoto Camera 4032x3024 1-30fps 4:3 photoMax=4032x3024 fps=30
[23:56:48.034] INF [session] 冷探测：候选 35 个，applyFormat 1 次，耗时 0.52s（Live 优先序）
[23:56:48.035] INF [session] 选用采集格式 4032x3024 1-30fps 4:3 photoMax=4032x3024，Live Photo 能力=true（候选共 35 个 · applyFormat 1 次，已缓存并落盘）
[23:56:48.035] INF [device] 手动曝光档：ISO 433 快门 1/52s
[23:56:48.035] INF [session] 搬运：手动曝光已重放（ISO 433）
[23:56:48.035] INF [device] 手动白平衡档：7011K（色调跟随当前值 -7）
[23:56:48.035] INF [session] 搬运：手动白平衡已重放（7011K）
[23:56:48.036] INF [session] 搬运：手动曝光档激活 → 跳过 EV 重放（值保留 +0.0，回自动档生效）
[23:56:48.036] INF [session] 搬运：对焦显式降级 → 连续自动（预检 ⑤）
[23:56:48.036] INF [session] 换设备后新设备档位复查：曝光=手动 / 白平衡=手动 / 对焦=自动（显式降级） / EV=+0.0
[23:56:48.037] INF [session] 换设备完成（转场）→ 物理单摄（120 mm）；当前档位 120 mm；Live Photo 能力=true；耗时 0.99s
[23:56:48.254] INF [resource] 模式 照片 · input 活 1（累计增/删 27/26） · output 活 1（累计增/删 288/287） · 内存 32.3MB
[23:56:49.312] INF [session] 换设备开始（模糊淡入中）→ 物理单摄（35 mm）
[23:56:49.961] INF [device] 格式已应用 Back Camera 4032x3024 1-30fps 4:3 photoMax=4032x3024/8064x6048 fps=30
[23:56:49.961] INF [session] 采集格式命中**缓存**（跳过探测循环）：4032x3024 1-30fps 4:3 photoMax=4032x3024/8064x6048
[23:56:49.964] INF [device] 曝光已回到自动档
[23:56:49.964] INF [device] 白平衡已回到自动档
[23:56:49.964] WRN [session] 新设备带上一轮手动档残留（曝光=手动 / 白平衡=手动）→ 已归一到自动档，再按快照重放
[23:56:49.965] INF [device] 手动曝光档：ISO 433 快门 1/52s
[23:56:49.965] INF [session] 搬运：手动曝光已重放（ISO 433）
[23:56:49.965] INF [device] 手动白平衡档：7011K（色调跟随当前值 -7）
[23:56:49.965] INF [session] 搬运：手动白平衡已重放（7011K）
[23:56:49.965] INF [session] 搬运：手动曝光档激活 → 跳过 EV 重放（值保留 +0.0，回自动档生效）
[23:56:49.965] INF [session] 搬运：对焦显式降级 → 连续自动（预检 ⑤）
[23:56:49.965] INF [session] 换设备后新设备档位复查：曝光=手动 / 白平衡=手动 / 对焦=自动（显式降级） / EV=+0.0
[23:56:49.967] INF [session] 换设备完成（转场）→ 物理单摄（35 mm）；当前档位 35 mm；Live Photo 能力=true；耗时 0.50s
[23:56:50.846] INF [session] 换设备开始（模糊淡入中）→ 物理单摄（13 mm）
[23:56:51.549] INF [device] 格式已应用 Back Ultra Wide Camera 4032x3024 1-30fps 4:3 photoMax=4032x3024/8064x6048 fps=30
[23:56:51.550] INF [session] 采集格式命中**缓存**（跳过探测循环）：4032x3024 1-30fps 4:3 photoMax=4032x3024/8064x6048
[23:56:51.553] INF [device] 曝光已回到自动档
[23:56:51.553] INF [device] 白平衡已回到自动档
[23:56:51.553] WRN [session] 新设备带上一轮手动档残留（曝光=手动 / 白平衡=手动）→ 已归一到自动档，再按快照重放
[23:56:51.553] INF [device] 手动曝光档：ISO 434 快门 1/52s
[23:56:51.553] INF [session] 搬运：手动曝光已重放（ISO 434）
[23:56:51.554] INF [device] 手动白平衡档：7011K（色调跟随当前值 -7）
[23:56:51.554] INF [session] 搬运：手动白平衡已重放（7011K）
[23:56:51.554] INF [session] 搬运：手动曝光档激活 → 跳过 EV 重放（值保留 +0.0，回自动档生效）
[23:56:51.554] INF [session] 搬运：对焦显式降级 → 连续自动（预检 ⑤）
[23:56:51.555] INF [session] 换设备后新设备档位复查：曝光=手动 / 白平衡=手动 / 对焦=自动（显式降级） / EV=+0.0
[23:56:51.556] INF [session] 换设备完成（转场）→ 物理单摄（13 mm）；当前档位 13 mm；Live Photo 能力=true；耗时 0.56s
[23:56:52.113] DBG [ui] 刻度条展开（白平衡）
[23:56:52.113] DBG [ui] toast: 白平衡：手动 5741K（左右滑动刻度）
[23:56:52.938] DBG [ui] 刻度条收起（白平衡）
[23:56:52.938] DBG [ui] toast: 白平衡 刻度条已收起
[23:56:53.280] INF [resource] 模式 照片 · input 活 1（累计增/删 29/28） · output 活 1（累计增/删 288/287） · 内存 33.8MB
[23:56:53.596] DBG [ui] 刻度条展开（ISO）
[23:56:53.597] DBG [ui] toast: ISO：手动 390（左右滑动刻度）
[23:56:54.156] INF [device] 手动曝光档：ISO 500 快门 1/35s
[23:56:54.238] INF [device] 手动曝光档：ISO 640 快门 1/35s
[23:56:54.554] INF [device] 手动曝光档：ISO 800 快门 1/35s
[23:56:55.122] INF [device] 手动曝光档：ISO 640 快门 1/35s
[23:56:55.127] INF [resource] 模式 照片 · input 活 1（累计增/删 29/28） · output 活 1（累计增/删 288/287） · 内存 33.3MB
[23:56:55.188] INF [device] 手动曝光档：ISO 500 快门 1/35s
[23:56:55.438] DBG [ui] 刻度条 ISO 松手吸附到 500
[23:56:55.440] INF [device] 手动曝光档：ISO 500 快门 1/35s
[23:56:55.908] DBG [ui] 刻度条收起（ISO）
[23:56:55.908] DBG [ui] toast: ISO 刻度条已收起
[23:56:57.281] INF [resource] 模式 照片 · input 活 1（累计增/删 29/28） · output 活 1（累计增/删 288/287） · 内存 32.9MB
[23:56:58.732] INF [session] stopRunning()
[23:56:58.883] WRN [session] ⚠️ 直播会话被打断：后台不可用（良性 · 与设备抢占无关）（raw 1）
[23:56:58.883] INF [session] 打断原因属良性（进后台）→ 不触发探测闸门
[23:56:59.337] INF [session] startRunning()
[23:56:59.758] DBG [ui] 会话就绪 · 焦段 13mm 已对齐（变焦 1.00×）
[23:57:00.756] INF [resource] 模式 照片 · input 活 1（累计增/删 29/28） · output 活 1（累计增/删 288/287） · 内存 32.8MB
[23:57:05.785] INF [resource] 模式 照片 · input 活 1（累计增/删 29/28） · output 活 1（累计增/删 288/287） · 内存 32.7MB
[23:57:10.755] INF [resource] 模式 照片 · input 活 1（累计增/删 29/28） · output 活 1（累计增/删 288/287） · 内存 32.7MB
[23:57:15.785] INF [resource] 模式 照片 · input 活 1（累计增/删 29/28） · output 活 1（累计增/删 288/287） · 内存 32.7MB
[23:57:20.756] INF [resource] 模式 照片 · input 活 1（累计增/删 29/28） · output 活 1（累计增/删 288/287） · 内存 32.7MB
[23:57:25.784] INF [resource] 模式 照片 · input 活 1（累计增/删 29/28） · output 活 1（累计增/删 288/287） · 内存 32.7MB
[23:57:30.755] INF [resource] 模式 照片 · input 活 1（累计增/删 29/28） · output 活 1（累计增/删 288/287） · 内存 32.7MB
[23:57:35.784] INF [resource] 模式 照片 · input 活 1（累计增/删 29/28） · output 活 1（累计增/删 288/287） · 内存 32.7MB
[23:57:40.756] INF [resource] 模式 照片 · input 活 1（累计增/删 29/28） · output 活 1（累计增/删 288/287） · 内存 32.7MB
[23:57:45.785] INF [resource] 模式 照片 · input 活 1（累计增/删 29/28） · output 活 1（累计增/删 288/287） · 内存 32.7MB

============================================================
LumenEdit 日志启动 2026-09-21 23:57:47
device=iPhone17,1  system=26.6.0
============================================================
[23:57:48.060] INF [render] CIContext 初始化完成，后端=Apple A18 Pro GPU
[23:57:48.092] INF [app] AppEnvironment 初始化完成，hud=true grid=true tone=true
[23:57:48.114] INF [ui] 相机页已装配
[23:57:48.129] DBG [perm] 刷新权限 camera=已授权 mic=已授权 albumAdd=已授权 albumRead=未决定
[23:57:48.129] DBG [thumb] 无相册读取权限，跳过最新照片缩略图
[23:57:48.129] DBG [perm] 刷新权限 camera=已授权 mic=已授权 albumAdd=已授权 albumRead=未决定
[23:57:48.134] INF [device] 格式已应用 Back Triple Camera 4032x3024 1-30fps 4:3 photoMax=4032x3024/5712x4284 fps=30
[23:57:48.134] INF [session] 冷探测：候选 31 个，applyFormat 1 次，耗时 0.00s（Live 优先序）
[23:57:48.134] INF [session] 选用采集格式 4032x3024 1-30fps 4:3 photoMax=4032x3024/5712x4284，Live Photo 能力=true（候选共 31 个 · applyFormat 1 次，已缓存并落盘）
[23:57:48.135] INF [photo] 照片编码格式：hvc1
[23:57:48.135] INF [session] 变焦拓扑：deviceType=AVCaptureDeviceTypeBuiltInTripleCamera · constituents=3 · 角色=[超广角,广角,长焦] · switchOver=[2.000, 10.000] · 原生阶梯=[1.000, 2.000, 10.000] · 档位=13→1.000 / 24→2.000 / 35→2.917 / 48→4.000 / 120→10.000 · 不可用=无 · zoomRange=[1.00, 189.00]
[23:57:48.135] INF [session] 手动参数能力：曝光(custom)=false / 白平衡(锁定增益)=false / 对焦(锁定位置)=false
[23:57:48.135] INF [session] 会话配置完成，Live Photo 支持=true
[23:57:48.135] INF [session] startRunning()
[23:57:48.137] INF [hardware] 相机控制按钮交互已挂载（无该按钮的设备上不会触发）
[23:57:48.146] DBG [session] 白平衡增益尚未就绪（冷启动）→ 色温先给兜底值，就绪后补发
[23:57:49.343] DBG [preview] 预览层已绑定会话
[23:57:49.442] INF [resource] 模式 照片 · input 活 1（累计增/删 1/0） · output 活 1（累计增/删 1/0） · 内存 25.9MB
[23:57:49.454] DBG [ui] 会话就绪 · 焦段 24mm 已对齐（变焦 2.00×）
[23:57:52.448] INF [resource] 模式 照片 · input 活 1（累计增/删 1/0） · output 活 1（累计增/删 1/0） · 内存 27.2MB
[23:57:57.477] INF [resource] 模式 照片 · input 活 1（累计增/删 1/0） · output 活 1（累计增/删 1/0） · 内存 25.2MB
[23:58:02.448] INF [resource] 模式 照片 · input 活 1（累计增/删 1/0） · output 活 1（累计增/删 1/0） · 内存 25.2MB
[23:58:07.476] INF [resource] 模式 照片 · input 活 1（累计增/删 1/0） · output 活 1（累计增/删 1/0） · 内存 25.2MB
[23:58:12.448] INF [resource] 模式 照片 · input 活 1（累计增/删 1/0） · output 活 1（累计增/删 1/0） · 内存 25.3MB
[23:58:17.476] INF [resource] 模式 照片 · input 活 1（累计增/删 1/0） · output 活 1（累计增/删 1/0） · 内存 25.3MB
[23:58:22.447] INF [resource] 模式 照片 · input 活 1（累计增/删 1/0） · output 活 1（累计增/删 1/0） · 内存 25.3MB
[23:58:27.477] INF [resource] 模式 照片 · input 活 1（累计增/删 1/0） · output 活 1（累计增/删 1/0） · 内存 25.3MB
[23:58:32.447] INF [resource] 模式 照片 · input 活 1（累计增/删 1/0） · output 活 1（累计增/删 1/0） · 内存 25.3MB
[23:58:37.477] INF [resource] 模式 照片 · input 活 1（累计增/删 1/0） · output 活 1（累计增/删 1/0） · 内存 25.3MB
[23:58:42.447] INF [resource] 模式 照片 · input 活 1（累计增/删 1/0） · output 活 1（累计增/删 1/0） · 内存 25.3MB
[23:58:47.475] INF [resource] 模式 照片 · input 活 1（累计增/删 1/0） · output 活 1（累计增/删 1/0） · 内存 25.3MB
[23:58:50.042] DBG [ui] toast: 已呼出滤镜条 · 再上划一次呼出场景与风格
[23:58:51.278] INF [session] stopRunning()
[23:58:51.306] INF [session] stopRunning()

============================================================
LumenEdit 日志启动 2026-09-21 23:59:01
device=iPhone17,1  system=26.6.0
============================================================
[23:59:01.760] INF [render] CIContext 初始化完成，后端=Apple A18 Pro GPU
[23:59:01.799] INF [app] AppEnvironment 初始化完成，hud=true grid=true tone=true
[23:59:01.823] INF [ui] 相机页已装配
[23:59:01.847] DBG [perm] 刷新权限 camera=已授权 mic=已授权 albumAdd=已授权 albumRead=未决定
[23:59:01.847] DBG [thumb] 无相册读取权限，跳过最新照片缩略图
[23:59:01.847] DBG [perm] 刷新权限 camera=已授权 mic=已授权 albumAdd=已授权 albumRead=未决定
[23:59:01.853] INF [device] 格式已应用 Back Triple Camera 4032x3024 1-30fps 4:3 photoMax=4032x3024/5712x4284 fps=30
[23:59:01.853] INF [session] 采集格式命中**缓存**（跳过探测循环）：4032x3024 1-30fps 4:3 photoMax=4032x3024/5712x4284
[23:59:01.854] INF [photo] 照片编码格式：hvc1
[23:59:01.854] INF [session] 变焦拓扑：deviceType=AVCaptureDeviceTypeBuiltInTripleCamera · constituents=3 · 角色=[超广角,广角,长焦] · switchOver=[2.000, 10.000] · 原生阶梯=[1.000, 2.000, 10.000] · 档位=13→1.000 / 24→2.000 / 35→2.917 / 48→4.000 / 120→10.000 · 不可用=无 · zoomRange=[1.00, 189.00]
[23:59:01.854] INF [session] 手动参数能力：曝光(custom)=false / 白平衡(锁定增益)=false / 对焦(锁定位置)=false
[23:59:01.854] INF [session] 会话配置完成，Live Photo 支持=true
[23:59:01.854] INF [session] startRunning()
[23:59:01.857] INF [hardware] 相机控制按钮交互已挂载（无该按钮的设备上不会触发）
[23:59:03.365] DBG [preview] 预览层已绑定会话
[23:59:03.468] INF [resource] 模式 照片 · input 活 1（累计增/删 1/0） · output 活 1（累计增/删 1/0） · 内存 26.3MB
[23:59:03.471] DBG [ui] 会话就绪 · 焦段 24mm 已对齐（变焦 2.00×）
[23:59:06.474] INF [resource] 模式 照片 · input 活 1（累计增/删 1/0） · output 活 1（累计增/删 1/0） · 内存 27.5MB
[23:59:06.651] INF [ui] 点「对焦」→ 虚拟会话 → 预切换物理（无转场；1.2s 未完成退转场）
[23:59:06.651] DBG [ui] toast: 正在切换到 24 mm 物理镜头 · 完成后打开对焦圆盘
[23:59:06.652] INF [ui] 入口动作已排队：先静默挂物理设备，挂好后自动执行
[23:59:06.652] INF [session] 静默换形态（后台挂设备 · 无转场）→ 物理单摄（24 mm）
[23:59:07.624] INF [device] 格式已应用 Back Camera 4032x3024 1-30fps 4:3 photoMax=4032x3024/8064x6048 fps=30
[23:59:07.624] INF [session] 冷探测：候选 41 个，applyFormat 1 次，耗时 0.40s（Live 优先序）
[23:59:07.625] INF [session] 选用采集格式 4032x3024 1-30fps 4:3 photoMax=4032x3024/8064x6048，Live Photo 能力=true（候选共 41 个 · applyFormat 1 次，已缓存并落盘）
[23:59:07.626] INF [session] 搬运：EV 已重放（+0.0）
[23:59:07.626] INF [session] 搬运：对焦显式降级 → 连续自动（预检 ⑤）
[23:59:07.626] INF [session] 换设备后新设备档位复查：曝光=自动 / 白平衡=自动 / 对焦=自动（显式降级） / EV=+0.0
[23:59:07.627] INF [session] 换设备完成（静默·无转场）→ 物理单摄（24 mm）；当前档位 24 mm；Live Photo 能力=true；耗时 0.97s
[23:59:07.627] INF [session] 静默换形态耗时 0.97s（命中格式缓存 ≈0.3~0.8s；每设备首次冷探测 4~5s）
[23:59:07.640] DBG [ui] 静默换形态完成 → 由 form 边沿执行入口动作
[23:59:07.640] DBG [ui] 对焦圆盘展开（入口：图标行「对焦」）
[23:59:07.640] DBG [ui] toast: 手动对焦：拖动圆盘调焦（0.0 近 → ∞ 远） · 再点收起
[23:59:07.640] DBG [ui] 全手动档退出但参数界面开着 → 暂不回切（保预切换成果）
[23:59:11.450] DBG [preview] 点按对焦 view=(81,755) device=(0.97,0.71)
[23:59:11.450] DBG [ui] 对焦圆盘收起（点别处）
[23:59:11.455] DBG [device] 对焦点 → (0.97, 0.71)
[23:59:11.456] INF [session] 点按对焦后档位：曝光=自动 / 白平衡=自动 / 意图=曝光自动·白平衡自动
[23:59:11.491] INF [resource] 模式 照片 · input 活 1（累计增/删 2/1） · output 活 1（累计增/删 1/0） · 内存 26.8MB
[23:59:12.931] DBG [ui] 对焦圆盘展开（入口：图标行「对焦」）
[23:59:12.931] DBG [ui] toast: 手动对焦：拖动圆盘调焦（0.0 近 → ∞ 远） · 再点收起
[23:59:12.931] DBG [ui] 全手动档退出但参数界面开着 → 暂不回切（保预切换成果）
[23:59:13.663] DBG [preview] 点按对焦 view=(68,719) device=(0.92,0.73)
[23:59:13.663] DBG [ui] 对焦圆盘收起（点别处）
[23:59:13.666] DBG [device] 对焦点 → (0.92, 0.73)
[23:59:13.667] INF [session] 点按对焦后档位：曝光=自动 / 白平衡=自动 / 意图=曝光自动·白平衡自动
[23:59:14.474] INF [resource] 模式 照片 · input 活 1（累计增/删 2/1） · output 活 1（累计增/删 1/0） · 内存 27.0MB
[23:59:14.506] DBG [ui] 对焦圆盘展开（入口：图标行「对焦」）
[23:59:14.506] DBG [ui] toast: 手动对焦：拖动圆盘调焦（0.0 近 → ∞ 远） · 再点收起
[23:59:14.506] DBG [ui] 全手动档退出但参数界面开着 → 暂不回切（保预切换成果）
[23:59:16.072] DBG [preview] 点按对焦 view=(221,338) device=(0.43,0.47)
[23:59:16.072] DBG [ui] 对焦圆盘收起（点别处）
[23:59:16.074] DBG [device] 对焦点 → (0.43, 0.47)
[23:59:16.075] INF [session] 点按对焦后档位：曝光=自动 / 白平衡=自动 / 意图=曝光自动·白平衡自动
[23:59:17.091] DBG [ui] 对焦圆盘展开（入口：图标行「对焦」）
[23:59:17.091] DBG [ui] toast: 手动对焦：拖动圆盘调焦（0.0 近 → ∞ 远） · 再点收起
[23:59:17.091] DBG [ui] 全手动档退出但参数界面开着 → 暂不回切（保预切换成果）
[23:59:17.772] DBG [ui] 自动对焦已关 → 手动（当前值 0.22 锁定）
[23:59:17.772] DBG [ui] toast: 自动对焦已关：现在可以拖动圆盘手动调焦
[23:59:17.814] INF [resource] 模式 照片 · input 活 1（累计增/删 2/1） · output 活 1（累计增/删 1/0） · 内存 27.2MB
[23:59:19.264] DBG [preview] 点按对焦 view=(294,221) device=(0.28,0.34)
[23:59:19.264] DBG [ui] 对焦圆盘收起（点别处）
[23:59:19.264] DBG [ui] 手动对焦锁定中 + 对焦盘开着 → 点按仅测光（不解除手动档，防误触）
[23:59:19.265] DBG [device] 点按测光（对焦已锁定，不动焦）→ (0.28, 0.34)
[23:59:21.473] INF [resource] 模式 照片 · input 活 1（累计增/删 2/1） · output 活 1（累计增/删 1/0） · 内存 26.8MB
[23:59:26.503] INF [resource] 模式 照片 · input 活 1（累计增/删 2/1） · output 活 1（累计增/删 1/0） · 内存 26.7MB
[23:59:31.473] INF [resource] 模式 照片 · input 活 1（累计增/删 2/1） · output 活 1（累计增/删 1/0） · 内存 26.7MB
[23:59:36.502] INF [resource] 模式 照片 · input 活 1（累计增/删 2/1） · output 活 1（累计增/删 1/0） · 内存 26.7MB
[23:59:41.474] INF [resource] 模式 照片 · input 活 1（累计增/删 2/1） · output 活 1（累计增/删 1/0） · 内存 26.7MB
[23:59:46.501] INF [resource] 模式 照片 · input 活 1（累计增/删 2/1） · output 活 1（累计增/删 1/0） · 内存 26.7MB
[23:59:51.473] INF [resource] 模式 照片 · input 活 1（累计增/删 2/1） · output 活 1（累计增/删 1/0） · 内存 26.7MB
[23:59:56.501] INF [resource] 模式 照片 · input 活 1（累计增/删 2/1） · output 活 1（累计增/删 1/0） · 内存 26.7MB
[00:00:01.473] INF [resource] 模式 照片 · input 活 1（累计增/删 2/1） · output 活 1（累计增/删 1/0） · 内存 26.7MB
[00:00:06.501] INF [resource] 模式 照片 · input 活 1（累计增/删 2/1） · output 活 1（累计增/删 1/0） · 内存 26.7MB
[00:00:11.472] INF [resource] 模式 照片 · input 活 1（累计增/删 2/1） · output 活 1（累计增/删 1/0） · 内存 26.7MB
[00:00:16.501] INF [resource] 模式 照片 · input 活 1（累计增/删 2/1） · output 活 1（累计增/删 1/0） · 内存 26.7MB

============================================================
LumenEdit 日志启动 2026-09-22 00:00:19
device=iPhone17,1  system=26.6.0
============================================================
[00:00:19.887] INF [render] CIContext 初始化完成，后端=Apple A18 Pro GPU
[00:00:19.927] INF [app] AppEnvironment 初始化完成，hud=true grid=true tone=true
[00:00:19.951] INF [ui] 相机页已装配
[00:00:19.968] DBG [perm] 刷新权限 camera=已授权 mic=已授权 albumAdd=已授权 albumRead=未决定
[00:00:19.968] DBG [thumb] 无相册读取权限，跳过最新照片缩略图
[00:00:19.968] DBG [perm] 刷新权限 camera=已授权 mic=已授权 albumAdd=已授权 albumRead=未决定
[00:00:19.976] INF [device] 格式已应用 Back Triple Camera 1920x1440 1-30fps 4:3 photoMax=1920x1440/4032x3024 fps=30
[00:00:19.977] INF [device] 格式已应用 Back Triple Camera 1920x1440 1-60fps 4:3 photoMax=1920x1440/4032x3024 fps=30
[00:00:19.978] INF [device] 格式已应用 Back Triple Camera 1920x1440 1-60fps 4:3 photoMax=1920x1440/4032x3024 fps=30
[00:00:19.979] INF [device] 格式已应用 Back Triple Camera 1920x1440 1-60fps 4:3 photoMax=1920x1440/4032x3024 fps=30
[00:00:19.980] INF [device] 格式已应用 Back Triple Camera 1920x1440 1-60fps 4:3 photoMax=1920x1440/4032x3024 fps=30
[00:00:19.980] INF [device] 格式已应用 Back Triple Camera 1920x1440 1-60fps binned 4:3 photoMax=1920x1440/2016x1512 fps=30
[00:00:19.981] INF [device] 格式已应用 Back Triple Camera 1920x1440 1-60fps binned 4:3 photoMax=1920x1440/2016x1512 fps=30
[00:00:19.982] INF [device] 格式已应用 Back Triple Camera 2592x1944 1-30fps 4:3 photoMax=2592x1944/4032x3024 fps=30
[00:00:19.983] INF [device] 格式已应用 Back Triple Camera 2592x1944 1-30fps 4:3 photoMax=2592x1944/4032x3024 fps=30
[00:00:19.983] INF [device] 格式已应用 Back Triple Camera 3264x2448 1-30fps 4:3 photoMax=3264x2448/4032x3024 fps=30
[00:00:19.984] INF [device] 格式已应用 Back Triple Camera 3264x2448 1-30fps 4:3 photoMax=3264x2448/4032x3024 fps=30
[00:00:19.985] INF [device] 格式已应用 Back Triple Camera 4032x3024 1-30fps 4:3 photoMax=4032x3024/5712x4284 fps=30
[00:00:19.985] INF [session] 冷探测：候选 31 个，applyFormat 12 次，耗时 0.01s（A/B：优先序已关）
[00:00:19.986] INF [session] 选用采集格式 4032x3024 1-30fps 4:3 photoMax=4032x3024/5712x4284，Live Photo 能力=true（候选共 31 个 · applyFormat 12 次，已缓存并落盘）
[00:00:19.986] INF [photo] 照片编码格式：hvc1
[00:00:19.986] INF [session] 变焦拓扑：deviceType=AVCaptureDeviceTypeBuiltInTripleCamera · constituents=3 · 角色=[超广角,广角,长焦] · switchOver=[2.000, 10.000] · 原生阶梯=[1.000, 2.000, 10.000] · 档位=13→1.000 / 24→2.000 / 35→2.917 / 48→4.000 / 120→10.000 · 不可用=无 · zoomRange=[1.00, 189.00]
[00:00:19.986] INF [session] 手动参数能力：曝光(custom)=false / 白平衡(锁定增益)=false / 对焦(锁定位置)=false
[00:00:19.986] INF [session] 会话配置完成，Live Photo 支持=true
[00:00:19.986] INF [session] startRunning()
[00:00:19.989] INF [hardware] 相机控制按钮交互已挂载（无该按钮的设备上不会触发）
[00:00:19.996] DBG [session] 白平衡增益尚未就绪（冷启动）→ 色温先给兜底值，就绪后补发
[00:00:21.237] DBG [preview] 预览层已绑定会话
[00:00:21.333] INF [resource] 模式 照片 · input 活 1（累计增/删 1/0） · output 活 1（累计增/删 1/0） · 内存 26.5MB
[00:00:21.342] DBG [ui] 会话就绪 · 焦段 24mm 已对齐（变焦 2.00×）
[00:00:24.341] INF [resource] 模式 照片 · input 活 1（累计增/删 1/0） · output 活 1（累计增/删 1/0） · 内存 27.4MB
[00:00:29.381] INF [resource] 模式 照片 · input 活 1（累计增/删 1/0） · output 活 1（累计增/删 1/0） · 内存 25.3MB
[00:00:34.358] INF [resource] 模式 照片 · input 活 1（累计增/删 1/0） · output 活 1（累计增/删 1/0） · 内存 25.3MB
[00:00:39.393] INF [resource] 模式 照片 · input 活 1（累计增/删 1/0） · output 活 1（累计增/删 1/0） · 内存 25.3MB
[00:00:44.367] INF [resource] 模式 照片 · input 活 1（累计增/删 1/0） · output 活 1（累计增/删 1/0） · 内存 25.3MB
[00:00:49.400] INF [resource] 模式 照片 · input 活 1（累计增/删 1/0） · output 活 1（累计增/删 1/0） · 内存 25.3MB
[00:00:54.372] INF [resource] 模式 照片 · input 活 1（累计增/删 1/0） · output 活 1（累计增/删 1/0） · 内存 25.3MB
[00:00:59.402] INF [resource] 模式 照片 · input 活 1（累计增/删 1/0） · output 活 1（累计增/删 1/0） · 内存 25.3MB
[00:01:04.374] INF [resource] 模式 照片 · input 活 1（累计增/删 1/0） · output 活 1（累计增/删 1/0） · 内存 25.3MB
[00:01:09.405] INF [resource] 模式 照片 · input 活 1（累计增/删 1/0） · output 活 1（累计增/删 1/0） · 内存 25.3MB
[00:01:14.375] INF [resource] 模式 照片 · input 活 1（累计增/删 1/0） · output 活 1（累计增/删 1/0） · 内存 25.3MB
[00:01:19.405] INF [resource] 模式 照片 · input 活 1（累计增/删 1/0） · output 活 1（累计增/删 1/0） · 内存 25.3MB
[00:01:24.376] INF [resource] 模式 照片 · input 活 1（累计增/删 1/0） · output 活 1（累计增/删 1/0） · 内存 25.3MB
[00:01:29.405] INF [resource] 模式 照片 · input 活 1（累计增/删 1/0） · output 活 1（累计增/删 1/0） · 内存 25.3MB
[00:01:33.254] INF [session] stopRunning()
[00:01:33.272] INF [session] stopRunning()

============================================================
LumenEdit 日志启动 2026-09-22 00:01:35
device=iPhone17,1  system=26.6.0
============================================================
[00:01:35.614] INF [render] CIContext 初始化完成，后端=Apple A18 Pro GPU
[00:01:35.646] INF [app] AppEnvironment 初始化完成，hud=true grid=true tone=true
[00:01:35.668] INF [ui] 相机页已装配
[00:01:35.691] DBG [perm] 刷新权限 camera=已授权 mic=已授权 albumAdd=已授权 albumRead=未决定
[00:01:35.691] DBG [thumb] 无相册读取权限，跳过最新照片缩略图
[00:01:35.691] DBG [perm] 刷新权限 camera=已授权 mic=已授权 albumAdd=已授权 albumRead=未决定
[00:01:35.695] INF [device] 格式已应用 Back Triple Camera 4032x3024 1-30fps 4:3 photoMax=4032x3024/5712x4284 fps=30
[00:01:35.695] INF [session] 采集格式命中**缓存**（跳过探测循环）：4032x3024 1-30fps 4:3 photoMax=4032x3024/5712x4284
[00:01:35.695] INF [photo] 照片编码格式：hvc1
[00:01:35.695] INF [session] 变焦拓扑：deviceType=AVCaptureDeviceTypeBuiltInTripleCamera · constituents=3 · 角色=[超广角,广角,长焦] · switchOver=[2.000, 10.000] · 原生阶梯=[1.000, 2.000, 10.000] · 档位=13→1.000 / 24→2.000 / 35→2.917 / 48→4.000 / 120→10.000 · 不可用=无 · zoomRange=[1.00, 189.00]
[00:01:35.695] INF [session] 手动参数能力：曝光(custom)=false / 白平衡(锁定增益)=false / 对焦(锁定位置)=false
[00:01:35.695] INF [session] 会话配置完成，Live Photo 支持=true
[00:01:35.695] INF [session] startRunning()
[00:01:35.698] INF [hardware] 相机控制按钮交互已挂载（无该按钮的设备上不会触发）
[00:01:35.706] DBG [session] 白平衡增益尚未就绪（冷启动）→ 色温先给兜底值，就绪后补发
[00:01:36.906] DBG [preview] 预览层已绑定会话
[00:01:37.002] INF [resource] 模式 照片 · input 活 1（累计增/删 1/0） · output 活 1（累计增/删 1/0） · 内存 26.0MB
[00:01:37.013] DBG [ui] 会话就绪 · 焦段 24mm 已对齐（变焦 2.00×）
[00:01:39.042] INF [ui] 点「对焦」→ 虚拟会话 → 预切换物理（无转场；1.2s 未完成退转场）
[00:01:39.042] DBG [ui] toast: 正在切换到 24 mm 物理镜头 · 完成后打开对焦圆盘
[00:01:39.042] INF [ui] 入口动作已排队：先静默挂物理设备，挂好后自动执行
[00:01:39.042] INF [session] 静默换形态（后台挂设备 · 无转场）→ 物理单摄（24 mm）
[00:01:40.047] INF [device] 格式已应用 Back Camera 4032x3024 1-30fps 4:3 photoMax=4032x3024/8064x6048 fps=30
[00:01:40.047] INF [session] 冷探测：候选 41 个，applyFormat 1 次，耗时 0.39s（Live 优先序）
[00:01:40.047] INF [session] 选用采集格式 4032x3024 1-30fps 4:3 photoMax=4032x3024/8064x6048，Live Photo 能力=true（候选共 41 个 · applyFormat 1 次，已缓存并落盘）
[00:01:40.048] INF [session] 搬运：EV 已重放（+0.0）
[00:01:40.048] INF [session] 搬运：对焦显式降级 → 连续自动（预检 ⑤）
[00:01:40.048] INF [session] 换设备后新设备档位复查：曝光=自动 / 白平衡=自动 / 对焦=自动（显式降级） / EV=+0.0
[00:01:40.048] INF [session] 换设备完成（静默·无转场）→ 物理单摄（24 mm）；当前档位 24 mm；Live Photo 能力=true；耗时 1.01s
[00:01:40.048] INF [session] 静默换形态耗时 1.01s（命中格式缓存 ≈0.3~0.8s；每设备首次冷探测 4~5s）
[00:01:40.048] INF [resource] 模式 照片 · input 活 1（累计增/删 2/1） · output 活 1（累计增/删 1/0） · 内存 27.5MB
[00:01:40.054] DBG [ui] 静默换形态完成 → 由 form 边沿执行入口动作
[00:01:40.054] DBG [ui] 对焦圆盘展开（入口：图标行「对焦」）
[00:01:40.054] DBG [ui] toast: 手动对焦：拖动圆盘调焦（0.0 近 → ∞ 远） · 再点收起
[00:01:40.054] DBG [ui] 全手动档退出但参数界面开着 → 暂不回切（保预切换成果）
[00:01:41.442] DBG [ui] 自动对焦已关 → 手动（当前值 0.09 锁定）
[00:01:41.442] DBG [ui] toast: 自动对焦已关：现在可以拖动圆盘手动调焦
[00:01:44.037] INF [resource] 模式 照片 · input 活 1（累计增/删 2/1） · output 活 1（累计增/删 1/0） · 内存 27.0MB
[00:01:49.008] INF [resource] 模式 照片 · input 活 1（累计增/删 2/1） · output 活 1（累计增/删 1/0） · 内存 26.7MB
[00:01:54.037] INF [resource] 模式 照片 · input 活 1（累计增/删 2/1） · output 活 1（累计增/删 1/0） · 内存 26.7MB
[00:01:59.008] INF [resource] 模式 照片 · input 活 1（累计增/删 2/1） · output 活 1（累计增/删 1/0） · 内存 26.7MB
[00:02:04.037] INF [resource] 模式 照片 · input 活 1（累计增/删 2/1） · output 活 1（累计增/删 1/0） · 内存 26.7MB
[00:02:09.008] INF [resource] 模式 照片 · input 活 1（累计增/删 2/1） · output 活 1（累计增/删 1/0） · 内存 26.7MB
[00:02:14.036] INF [resource] 模式 照片 · input 活 1（累计增/删 2/1） · output 活 1（累计增/删 1/0） · 内存 26.7MB
[00:02:19.008] INF [resource] 模式 照片 · input 活 1（累计增/删 2/1） · output 活 1（累计增/删 1/0） · 内存 26.7MB

============================================================
LumenEdit 日志启动 2026-09-22 00:02:21
device=iPhone17,1  system=26.6.0
============================================================
[00:02:21.153] INF [render] CIContext 初始化完成，后端=Apple A18 Pro GPU
[00:02:21.187] INF [app] AppEnvironment 初始化完成，hud=true grid=true tone=true
[00:02:21.208] INF [ui] 相机页已装配
[00:02:21.225] DBG [perm] 刷新权限 camera=已授权 mic=已授权 albumAdd=已授权 albumRead=未决定
[00:02:21.225] DBG [thumb] 无相册读取权限，跳过最新照片缩略图
[00:02:21.225] DBG [perm] 刷新权限 camera=已授权 mic=已授权 albumAdd=已授权 albumRead=未决定
[00:02:21.232] INF [device] 格式已应用 Back Triple Camera 1920x1440 1-30fps 4:3 photoMax=1920x1440/4032x3024 fps=30
[00:02:21.233] INF [device] 格式已应用 Back Triple Camera 1920x1440 1-60fps 4:3 photoMax=1920x1440/4032x3024 fps=30
[00:02:21.234] INF [device] 格式已应用 Back Triple Camera 1920x1440 1-60fps 4:3 photoMax=1920x1440/4032x3024 fps=30
[00:02:21.235] INF [device] 格式已应用 Back Triple Camera 1920x1440 1-60fps 4:3 photoMax=1920x1440/4032x3024 fps=30
[00:02:21.235] INF [device] 格式已应用 Back Triple Camera 1920x1440 1-60fps 4:3 photoMax=1920x1440/4032x3024 fps=30
[00:02:21.236] INF [device] 格式已应用 Back Triple Camera 1920x1440 1-60fps binned 4:3 photoMax=1920x1440/2016x1512 fps=30
[00:02:21.237] INF [device] 格式已应用 Back Triple Camera 1920x1440 1-60fps binned 4:3 photoMax=1920x1440/2016x1512 fps=30
[00:02:21.237] INF [device] 格式已应用 Back Triple Camera 2592x1944 1-30fps 4:3 photoMax=2592x1944/4032x3024 fps=30
[00:02:21.238] INF [device] 格式已应用 Back Triple Camera 2592x1944 1-30fps 4:3 photoMax=2592x1944/4032x3024 fps=30
[00:02:21.238] INF [device] 格式已应用 Back Triple Camera 3264x2448 1-30fps 4:3 photoMax=3264x2448/4032x3024 fps=30
[00:02:21.239] INF [device] 格式已应用 Back Triple Camera 3264x2448 1-30fps 4:3 photoMax=3264x2448/4032x3024 fps=30
[00:02:21.239] INF [device] 格式已应用 Back Triple Camera 4032x3024 1-30fps 4:3 photoMax=4032x3024/5712x4284 fps=30
[00:02:21.239] INF [session] 冷探测：候选 31 个，applyFormat 12 次，耗时 0.01s（A/B：优先序已关）
[00:02:21.239] INF [session] 选用采集格式 4032x3024 1-30fps 4:3 photoMax=4032x3024/5712x4284，Live Photo 能力=true（候选共 31 个 · applyFormat 12 次，已缓存并落盘）
[00:02:21.240] INF [photo] 照片编码格式：hvc1
[00:02:21.241] INF [session] 变焦拓扑：deviceType=AVCaptureDeviceTypeBuiltInTripleCamera · constituents=3 · 角色=[超广角,广角,长焦] · switchOver=[2.000, 10.000] · 原生阶梯=[1.000, 2.000, 10.000] · 档位=13→1.000 / 24→2.000 / 35→2.917 / 48→4.000 / 120→10.000 · 不可用=无 · zoomRange=[1.00, 189.00]
[00:02:21.241] INF [session] 手动参数能力：曝光(custom)=false / 白平衡(锁定增益)=false / 对焦(锁定位置)=false
[00:02:21.241] INF [session] 会话配置完成，Live Photo 支持=true
[00:02:21.241] INF [session] startRunning()
[00:02:21.244] INF [hardware] 相机控制按钮交互已挂载（无该按钮的设备上不会触发）
[00:02:21.251] DBG [session] 白平衡增益尚未就绪（冷启动）→ 色温先给兜底值，就绪后补发
[00:02:22.430] DBG [preview] 预览层已绑定会话
[00:02:22.497] INF [resource] 模式 照片 · input 活 1（累计增/删 1/0） · output 活 1（累计增/删 1/0） · 内存 26.2MB
[00:02:22.507] DBG [ui] 会话就绪 · 焦段 24mm 已对齐（变焦 2.00×）
[00:02:25.502] INF [resource] 模式 照片 · input 活 1（累计增/删 1/0） · output 活 1（累计增/删 1/0） · 内存 27.3MB
[00:02:30.531] INF [resource] 模式 照片 · input 活 1（累计增/删 1/0） · output 活 1（累计增/删 1/0） · 内存 25.3MB
[00:02:35.502] INF [resource] 模式 照片 · input 活 1（累计增/删 1/0） · output 活 1（累计增/删 1/0） · 内存 25.3MB
[00:02:40.531] INF [resource] 模式 照片 · input 活 1（累计增/删 1/0） · output 活 1（累计增/删 1/0） · 内存 25.3MB
[00:02:45.502] INF [resource] 模式 照片 · input 活 1（累计增/删 1/0） · output 活 1（累计增/删 1/0） · 内存 25.3MB
[00:02:50.531] INF [resource] 模式 照片 · input 活 1（累计增/删 1/0） · output 活 1（累计增/删 1/0） · 内存 25.3MB
[00:02:55.502] INF [resource] 模式 照片 · input 活 1（累计增/删 1/0） · output 活 1（累计增/删 1/0） · 内存 25.3MB
[00:03:00.531] INF [resource] 模式 照片 · input 活 1（累计增/删 1/0） · output 活 1（累计增/删 1/0） · 内存 25.3MB
[00:03:05.502] INF [resource] 模式 照片 · input 活 1（累计增/删 1/0） · output 活 1（累计增/删 1/0） · 内存 25.3MB
[00:03:10.531] INF [resource] 模式 照片 · input 活 1（累计增/删 1/0） · output 活 1（累计增/删 1/0） · 内存 25.3MB
[00:03:15.502] INF [resource] 模式 照片 · input 活 1（累计增/删 1/0） · output 活 1（累计增/删 1/0） · 内存 25.3MB
[00:03:20.533] INF [resource] 模式 照片 · input 活 1（累计增/删 1/0） · output 活 1（累计增/删 1/0） · 内存 25.3MB
[00:03:25.502] INF [resource] 模式 照片 · input 活 1（累计增/删 1/0） · output 活 1（累计增/删 1/0） · 内存 25.3MB
[00:03:30.530] INF [resource] 模式 照片 · input 活 1（累计增/删 1/0） · output 活 1（累计增/删 1/0） · 内存 25.3MB
[00:03:35.502] INF [resource] 模式 照片 · input 活 1（累计增/删 1/0） · output 活 1（累计增/删 1/0） · 内存 25.3MB
[00:03:40.531] INF [resource] 模式 照片 · input 活 1（累计增/删 1/0） · output 活 1（累计增/删 1/0） · 内存 25.3MB
[00:03:45.502] INF [resource] 模式 照片 · input 活 1（累计增/删 1/0） · output 活 1（累计增/删 1/0） · 内存 25.3MB
[00:03:50.531] INF [resource] 模式 照片 · input 活 1（累计增/删 1/0） · output 活 1（累计增/删 1/0） · 内存 25.3MB
[00:03:55.502] INF [resource] 模式 照片 · input 活 1（累计增/删 1/0） · output 活 1（累计增/删 1/0） · 内存 25.3MB
[00:04:00.532] INF [resource] 模式 照片 · input 活 1（累计增/删 1/0） · output 活 1（累计增/删 1/0） · 内存 25.3MB
[00:04:05.502] INF [resource] 模式 照片 · input 活 1（累计增/删 1/0） · output 活 1（累计增/删 1/0） · 内存 25.3MB
[00:04:10.530] INF [resource] 模式 照片 · input 活 1（累计增/删 1/0） · output 活 1（累计增/删 1/0） · 内存 25.3MB
[00:04:15.502] INF [resource] 模式 照片 · input 活 1（累计增/删 1/0） · output 活 1（累计增/删 1/0） · 内存 25.3MB
[00:04:20.531] INF [resource] 模式 照片 · input 活 1（累计增/删 1/0） · output 活 1（累计增/删 1/0） · 内存 25.3MB
[00:04:25.502] INF [resource] 模式 照片 · input 活 1（累计增/删 1/0） · output 活 1（累计增/删 1/0） · 内存 25.3MB
[00:04:30.531] INF [resource] 模式 照片 · input 活 1（累计增/删 1/0） · output 活 1（累计增/删 1/0） · 内存 25.3MB
[00:04:35.502] INF [resource] 模式 照片 · input 活 1（累计增/删 1/0） · output 活 1（累计增/删 1/0） · 内存 25.3MB
[00:04:40.530] INF [resource] 模式 照片 · input 活 1（累计增/删 1/0） · output 活 1（累计增/删 1/0） · 内存 25.3MB
[00:04:45.502] INF [resource] 模式 照片 · input 活 1（累计增/删 1/0） · output 活 1（累计增/删 1/0） · 内存 25.3MB
[00:04:50.531] INF [resource] 模式 照片 · input 活 1（累计增/删 1/0） · output 活 1（累计增/删 1/0） · 内存 25.3MB
[00:04:55.502] INF [resource] 模式 照片 · input 活 1（累计增/删 1/0） · output 活 1（累计增/删 1/0） · 内存 25.3MB
[00:05:00.529] INF [resource] 模式 照片 · input 活 1（累计增/删 1/0） · output 活 1（累计增/删 1/0） · 内存 25.3MB
[00:05:05.502] INF [resource] 模式 照片 · input 活 1（累计增/删 1/0） · output 活 1（累计增/删 1/0） · 内存 25.3MB
[00:05:10.531] INF [resource] 模式 照片 · input 活 1（累计增/删 1/0） · output 活 1（累计增/删 1/0） · 内存 25.3MB
[00:05:15.502] INF [resource] 模式 照片 · input 活 1（累计增/删 1/0） · output 活 1（累计增/删 1/0） · 内存 25.3MB
[00:05:20.530] INF [resource] 模式 照片 · input 活 1（累计增/删 1/0） · output 活 1（累计增/删 1/0） · 内存 25.3MB
[00:05:25.502] INF [resource] 模式 照片 · input 活 1（累计增/删 1/0） · output 活 1（累计增/删 1/0） · 内存 25.3MB
[00:05:30.531] INF [resource] 模式 照片 · input 活 1（累计增/删 1/0） · output 活 1（累计增/删 1/0） · 内存 25.3MB
[00:05:35.502] INF [resource] 模式 照片 · input 活 1（累计增/删 1/0） · output 活 1（累计增/删 1/0） · 内存 25.3MB
[00:05:40.531] INF [resource] 模式 照片 · input 活 1（累计增/删 1/0） · output 活 1（累计增/删 1/0） · 内存 25.3MB
[00:05:45.502] INF [resource] 模式 照片 · input 活 1（累计增/删 1/0） · output 活 1（累计增/删 1/0） · 内存 25.3MB
[00:05:50.530] INF [resource] 模式 照片 · input 活 1（累计增/删 1/0） · output 活 1（累计增/删 1/0） · 内存 25.3MB
[00:05:55.501] INF [resource] 模式 照片 · input 活 1（累计增/删 1/0） · output 活 1（累计增/删 1/0） · 内存 25.3MB
[00:06:00.530] INF [resource] 模式 照片 · input 活 1（累计增/删 1/0） · output 活 1（累计增/删 1/0） · 内存 25.3MB
[00:06:05.502] INF [resource] 模式 照片 · input 活 1（累计增/删 1/0） · output 活 1（累计增/删 1/0） · 内存 25.3MB
[00:06:10.386] INF [ui] 点「对焦」→ 虚拟会话 → 预切换物理（无转场；1.2s 未完成退转场）
[00:06:10.387] DBG [ui] toast: 正在切换到 24 mm 物理镜头 · 完成后打开对焦圆盘
[00:06:10.387] INF [ui] 入口动作已排队：先静默挂物理设备，挂好后自动执行
[00:06:10.387] INF [session] 静默换形态（后台挂设备 · 无转场）→ 物理单摄（24 mm）
[00:06:11.277] INF [device] 格式已应用 Back Camera 1920x1440 1-30fps 4:3 photoMax=1920x1440/4032x3024 fps=30
[00:06:11.752] INF [device] 格式已应用 Back Camera 1920x1440 1-60fps 4:3 photoMax=1920x1440/4032x3024 fps=30
[00:06:12.201] INF [device] 格式已应用 Back Camera 1920x1440 1-60fps 4:3 photoMax=1920x1440/4032x3024 fps=30
[00:06:12.469] INF [device] 格式已应用 Back Camera 1920x1440 1-60fps 4:3 photoMax=1920x1440/4032x3024 fps=30
[00:06:12.585] INF [device] 格式已应用 Back Camera 1920x1440 1-60fps 4:3 photoMax=1920x1440/4032x3024 fps=30
[00:06:12.851] INF [device] 格式已应用 Back Camera 1920x1440 1-60fps binned 4:3 photoMax=1920x1440/2016x1512 fps=30
[00:06:12.964] INF [device] 格式已应用 Back Camera 1920x1440 1-60fps binned 4:3 photoMax=1920x1440/2016x1512 fps=30
[00:06:13.287] INF [device] 格式已应用 Back Camera 2592x1944 1-30fps 4:3 photoMax=2592x1944/4032x3024 fps=30
[00:06:13.607] INF [device] 格式已应用 Back Camera 2592x1944 1-30fps 4:3 photoMax=2592x1944/4032x3024 fps=30
[00:06:13.930] INF [device] 格式已应用 Back Camera 3264x2448 1-30fps 4:3 photoMax=3264x2448/4032x3024 fps=30
[00:06:14.251] INF [device] 格式已应用 Back Camera 3264x2448 1-30fps 4:3 photoMax=3264x2448/4032x3024 fps=30
[00:06:14.707] INF [device] 格式已应用 Back Camera 4032x3024 1-30fps 4:3 photoMax=4032x3024/8064x6048 fps=30
[00:06:14.707] INF [session] 冷探测：候选 41 个，applyFormat 12 次，耗时 3.74s（A/B：优先序已关）
[00:06:14.708] INF [session] 选用采集格式 4032x3024 1-30fps 4:3 photoMax=4032x3024/8064x6048，Live Photo 能力=true（候选共 41 个 · applyFormat 12 次，已缓存并落盘）
[00:06:14.709] INF [session] 搬运：EV 已重放（+0.0）
[00:06:14.709] INF [session] 搬运：对焦显式降级 → 连续自动（预检 ⑤）
[00:06:14.709] INF [session] 换设备后新设备档位复查：曝光=自动 / 白平衡=自动 / 对焦=自动（显式降级） / EV=+0.0
[00:06:14.709] INF [session] 换设备完成（静默·无转场）→ 物理单摄（24 mm）；当前档位 24 mm；Live Photo 能力=true；耗时 4.32s
[00:06:14.709] INF [session] 静默换形态耗时 4.32s（命中格式缓存 ≈0.3~0.8s；每设备首次冷探测 4~5s）
[00:06:14.710] INF [resource] 模式 照片 · input 活 1（累计增/删 2/1） · output 活 1（累计增/删 1/0） · 内存 25.8MB
[00:06:14.719] DBG [ui] 静默换形态完成 → 由 form 边沿执行入口动作
[00:06:14.719] DBG [ui] 对焦圆盘展开（入口：图标行「对焦」）
[00:06:14.720] DBG [ui] toast: 手动对焦：拖动圆盘调焦（0.0 近 → ∞ 远） · 再点收起
[00:06:14.720] DBG [ui] 全手动档退出但参数界面开着 → 暂不回切（保预切换成果）
[00:06:15.502] INF [resource] 模式 照片 · input 活 1（累计增/删 2/1） · output 活 1（累计增/删 1/0） · 内存 26.8MB
[00:06:20.531] INF [resource] 模式 照片 · input 活 1（累计增/删 2/1） · output 活 1（累计增/删 1/0） · 内存 26.4MB
[00:06:25.502] INF [resource] 模式 照片 · input 活 1（累计增/删 2/1） · output 活 1（累计增/删 1/0） · 内存 26.4MB
[00:06:30.529] INF [resource] 模式 照片 · input 活 1（累计增/删 2/1） · output 活 1（累计增/删 1/0） · 内存 26.4MB
[00:06:35.501] INF [resource] 模式 照片 · input 活 1（累计增/删 2/1） · output 活 1（累计增/删 1/0） · 内存 26.4MB
[00:06:40.530] INF [resource] 模式 照片 · input 活 1（累计增/删 2/1） · output 活 1（累计增/删 1/0） · 内存 26.4MB
[00:06:45.502] INF [resource] 模式 照片 · input 活 1（累计增/删 2/1） · output 活 1（累计增/删 1/0） · 内存 26.4MB
[00:06:50.531] INF [resource] 模式 照片 · input 活 1（累计增/删 2/1） · output 活 1（累计增/删 1/0） · 内存 26.4MB
[00:06:55.502] INF [resource] 模式 照片 · input 活 1（累计增/删 2/1） · output 活 1（累计增/删 1/0） · 内存 26.4MB
[00:07:00.529] INF [resource] 模式 照片 · input 活 1（累计增/删 2/1） · output 活 1（累计增/删 1/0） · 内存 26.4MB
[00:07:05.502] INF [resource] 模式 照片 · input 活 1（累计增/删 2/1） · output 活 1（累计增/删 1/0） · 内存 26.4MB
[00:07:10.531] INF [resource] 模式 照片 · input 活 1（累计增/删 2/1） · output 活 1（累计增/删 1/0） · 内存 26.4MB
[00:07:15.501] INF [resource] 模式 照片 · input 活 1（累计增/删 2/1） · output 活 1（累计增/删 1/0） · 内存 26.4MB
[00:07:20.531] INF [resource] 模式 照片 · input 活 1（累计增/删 2/1） · output 活 1（累计增/删 1/0） · 内存 26.4MB
[00:07:25.501] INF [resource] 模式 照片 · input 活 1（累计增/删 2/1） · output 活 1（累计增/删 1/0） · 内存 26.4MB
[00:07:30.531] INF [resource] 模式 照片 · input 活 1（累计增/删 2/1） · output 活 1（累计增/删 1/0） · 内存 26.4MB
[00:07:35.502] INF [resource] 模式 照片 · input 活 1（累计增/删 2/1） · output 活 1（累计增/删 1/0） · 内存 26.4MB
[00:07:40.530] INF [resource] 模式 照片 · input 活 1（累计增/删 2/1） · output 活 1（累计增/删 1/0） · 内存 26.4MB
[00:07:45.502] INF [resource] 模式 照片 · input 活 1（累计增/删 2/1） · output 活 1（累计增/删 1/0） · 内存 26.4MB
[00:07:50.530] INF [resource] 模式 照片 · input 活 1（累计增/删 2/1） · output 活 1（累计增/删 1/0） · 内存 26.4MB
[00:07:55.502] INF [resource] 模式 照片 · input 活 1（累计增/删 2/1） · output 活 1（累计增/删 1/0） · 内存 26.4MB
[00:08:00.530] INF [resource] 模式 照片 · input 活 1（累计增/删 2/1） · output 活 1（累计增/删 1/0） · 内存 26.4MB
[00:08:05.502] INF [resource] 模式 照片 · input 活 1（累计增/删 2/1） · output 活 1（累计增/删 1/0） · 内存 26.4MB
[00:08:10.531] INF [resource] 模式 照片 · input 活 1（累计增/删 2/1） · output 活 1（累计增/删 1/0） · 内存 26.4MB
[00:08:15.502] INF [resource] 模式 照片 · input 活 1（累计增/删 2/1） · output 活 1（累计增/删 1/0） · 内存 26.4MB
[00:08:20.531] INF [resource] 模式 照片 · input 活 1（累计增/删 2/1） · output 活 1（累计增/删 1/0） · 内存 26.4MB
[00:08:25.502] INF [resource] 模式 照片 · input 活 1（累计增/删 2/1） · output 活 1（累计增/删 1/0） · 内存 26.4MB
[00:08:30.530] INF [resource] 模式 照片 · input 活 1（累计增/删 2/1） · output 活 1（累计增/删 1/0） · 内存 26.4MB
[00:08:35.501] INF [resource] 模式 照片 · input 活 1（累计增/删 2/1） · output 活 1（累计增/删 1/0） · 内存 26.4MB
[00:08:40.530] INF [resource] 模式 照片 · input 活 1（累计增/删 2/1） · output 活 1（累计增/删 1/0） · 内存 26.4MB
[00:08:45.501] INF [resource] 模式 照片 · input 活 1（累计增/删 2/1） · output 活 1（累计增/删 1/0） · 内存 26.4MB
[00:08:50.531] INF [resource] 模式 照片 · input 活 1（累计增/删 2/1） · output 活 1（累计增/删 1/0） · 内存 26.4MB
[00:08:55.501] INF [resource] 模式 照片 · input 活 1（累计增/删 2/1） · output 活 1（累计增/删 1/0） · 内存 26.4MB
[00:09:00.529] INF [resource] 模式 照片 · input 活 1（累计增/删 2/1） · output 活 1（累计增/删 1/0） · 内存 26.4MB
[00:09:05.501] INF [resource] 模式 照片 · input 活 1（累计增/删 2/1） · output 活 1（累计增/删 1/0） · 内存 26.4MB
[00:09:10.530] INF [resource] 模式 照片 · input 活 1（累计增/删 2/1） · output 活 1（累计增/删 1/0） · 内存 26.4MB
[00:09:15.501] INF [resource] 模式 照片 · input 活 1（累计增/删 2/1） · output 活 1（累计增/删 1/0） · 内存 26.4MB
[00:09:20.530] INF [resource] 模式 照片 · input 活 1（累计增/删 2/1） · output 活 1（累计增/删 1/0） · 内存 26.4MB
[00:09:25.501] INF [resource] 模式 照片 · input 活 1（累计增/删 2/1） · output 活 1（累计增/删 1/0） · 内存 26.4MB
[00:09:30.529] INF [resource] 模式 照片 · input 活 1（累计增/删 2/1） · output 活 1（累计增/删 1/0） · 内存 26.4MB
[00:09:35.501] INF [resource] 模式 照片 · input 活 1（累计增/删 2/1） · output 活 1（累计增/删 1/0） · 内存 26.4MB
[00:09:40.529] INF [resource] 模式 照片 · input 活 1（累计增/删 2/1） · output 活 1（累计增/删 1/0） · 内存 26.4MB
[00:09:45.501] INF [resource] 模式 照片 · input 活 1（累计增/删 2/1） · output 活 1（累计增/删 1/0） · 内存 26.4MB
[00:09:50.529] INF [resource] 模式 照片 · input 活 1（累计增/删 2/1） · output 活 1（累计增/删 1/0） · 内存 26.4MB
[00:09:55.501] INF [resource] 模式 照片 · input 活 1（累计增/删 2/1） · output 活 1（累计增/删 1/0） · 内存 26.4MB
[00:10:00.531] INF [resource] 模式 照片 · input 活 1（累计增/删 2/1） · output 活 1（累计增/删 1/0） · 内存 26.4MB
[00:10:05.501] INF [resource] 模式 照片 · input 活 1（累计增/删 2/1） · output 活 1（累计增/删 1/0） · 内存 26.4MB
[00:10:08.219] INF [session] stopRunning()

============================================================
LumenEdit 日志启动 2026-09-22 00:24:47
device=iPhone17,1  system=26.6.0
============================================================
[00:24:48.116] INF [render] CIContext 初始化完成，后端=Apple A18 Pro GPU
[00:24:48.152] INF [app] AppEnvironment 初始化完成，hud=true grid=true tone=true
[00:24:48.214] INF [ui] 相机页已装配
[00:24:48.237] DBG [perm] 刷新权限 camera=已授权 mic=已授权 albumAdd=已授权 albumRead=未决定
[00:24:48.237] DBG [thumb] 无相册读取权限，跳过最新照片缩略图
[00:24:48.237] DBG [perm] 刷新权限 camera=已授权 mic=已授权 albumAdd=已授权 albumRead=未决定
[00:24:48.251] INF [device] 格式已应用 Back Triple Camera 4032x3024 1-30fps 4:3 photoMax=4032x3024/5712x4284 fps=30
[00:24:48.251] WRN [session] 【debug】注入打断通知：raw 3（第 1 次候选后 · 同步）
[00:24:48.251] INF [session] 冷探测：候选 31 个，applyFormat 1 次，耗时 0.00s（Live 优先序）
[00:24:48.251] INF [session] 选用采集格式 4032x3024 1-30fps 4:3 photoMax=4032x3024/5712x4284，Live Photo 能力=true（候选共 31 个 · applyFormat 1 次，已缓存并落盘）
[00:24:48.252] INF [photo] 照片编码格式：hvc1
[00:24:48.252] INF [session] 变焦拓扑：deviceType=AVCaptureDeviceTypeBuiltInTripleCamera · constituents=3 · 角色=[超广角,广角,长焦] · switchOver=[2.000, 10.000] · 原生阶梯=[1.000, 2.000, 10.000] · 档位=13→1.000 / 24→2.000 / 35→2.917 / 48→4.000 / 120→10.000 · 不可用=无 · zoomRange=[1.00, 189.00]
[00:24:48.252] INF [session] 手动参数能力：曝光(custom)=false / 白平衡(锁定增益)=false / 对焦(锁定位置)=false
[00:24:48.252] INF [session] 会话配置完成，Live Photo 支持=true
[00:24:48.252] INF [session] startRunning()
[00:24:48.260] INF [hardware] 相机控制按钮交互已挂载（无该按钮的设备上不会触发）
[00:24:48.264] DBG [session] 白平衡增益尚未就绪（冷启动）→ 色温先给兜底值，就绪后补发
[00:24:48.264] DBG [session] 白平衡增益尚未就绪（冷启动）→ 色温先给兜底值，就绪后补发
[00:24:49.802] DBG [preview] 预览层已绑定会话
[00:24:49.901] DBG [session] 白平衡增益已就绪（冷启动）→ 补发手动档状态
[00:24:49.927] INF [resource] 模式 照片 · input 活 1（累计增/删 1/0） · output 活 1（累计增/删 1/0） · 内存 26.3MB
[00:24:49.943] DBG [ui] 会话就绪 · 焦段 24mm 已对齐（变焦 2.00×）
[00:24:52.931] INF [resource] 模式 照片 · input 活 1（累计增/删 1/0） · output 活 1（累计增/删 1/0） · 内存 27.1MB
[00:24:57.959] INF [resource] 模式 照片 · input 活 1（累计增/删 1/0） · output 活 1（累计增/删 1/0） · 内存 25.3MB
[00:25:02.932] INF [resource] 模式 照片 · input 活 1（累计增/删 1/0） · output 活 1（累计增/删 1/0） · 内存 25.3MB
[00:25:03.504] DBG [preview] 点按对焦 view=(226,383) device=(0.49,0.46)
[00:25:03.507] DBG [device] 对焦点 → (0.49, 0.46)
[00:25:03.509] INF [session] 点按对焦后档位：曝光=自动 / 白平衡=自动 / 意图=曝光自动·白平衡自动
[00:25:06.961] INF [resource] 模式 照片 · input 活 1（累计增/删 1/0） · output 活 1（累计增/删 1/0） · 内存 25.6MB
[00:25:11.932] INF [resource] 模式 照片 · input 活 1（累计增/删 1/0） · output 活 1（累计增/删 1/0） · 内存 25.5MB
[00:25:16.961] INF [resource] 模式 照片 · input 活 1（累计增/删 1/0） · output 活 1（累计增/删 1/0） · 内存 25.5MB
[00:25:21.931] INF [resource] 模式 照片 · input 活 1（累计增/删 1/0） · output 活 1（累计增/删 1/0） · 内存 25.5MB
[00:25:26.960] INF [resource] 模式 照片 · input 活 1（累计增/删 1/0） · output 活 1（累计增/删 1/0） · 内存 25.5MB
[00:25:31.932] INF [resource] 模式 照片 · input 活 1（累计增/删 1/0） · output 活 1（累计增/删 1/0） · 内存 25.5MB
[00:25:36.960] INF [resource] 模式 照片 · input 活 1（累计增/删 1/0） · output 活 1（累计增/删 1/0） · 内存 25.5MB
[00:25:41.932] INF [resource] 模式 照片 · input 活 1（累计增/删 1/0） · output 活 1（累计增/删 1/0） · 内存 25.5MB
[00:25:46.962] INF [resource] 模式 照片 · input 活 1（累计增/删 1/0） · output 活 1（累计增/删 1/0） · 内存 25.5MB
[00:25:51.932] INF [resource] 模式 照片 · input 活 1（累计增/删 1/0） · output 活 1（累计增/删 1/0） · 内存 25.5MB
[00:25:56.959] INF [resource] 模式 照片 · input 活 1（累计增/删 1/0） · output 活 1（累计增/删 1/0） · 内存 25.5MB
[00:26:01.932] INF [resource] 模式 照片 · input 活 1（累计增/删 1/0） · output 活 1（累计增/删 1/0） · 内存 25.5MB
[00:26:06.963] INF [resource] 模式 照片 · input 活 1（累计增/删 1/0） · output 活 1（累计增/删 1/0） · 内存 25.5MB
[00:26:11.931] INF [resource] 模式 照片 · input 活 1（累计增/删 1/0） · output 活 1（累计增/删 1/0） · 内存 25.5MB
[00:26:14.287] DBG [ui] toast: 影调预览已关：成片仍按所选风格与滤镜保存
[00:26:16.783] DBG [preview] 点按对焦 view=(34,70) device=(0.09,0.79)
[00:26:16.785] DBG [device] 对焦点 → (0.09, 0.79)
[00:26:16.786] INF [session] 点按对焦后档位：曝光=自动 / 白平衡=自动 / 意图=曝光自动·白平衡自动
[00:26:16.822] INF [resource] 模式 照片 · input 活 1（累计增/删 1/0） · output 活 1（累计增/删 1/0） · 内存 25.9MB
[00:26:17.802] DBG [ui] toast: 影调预览已开：P4 之后取景器会实时叠上风格与滤镜（现在画面还不会变）
[00:26:19.669] DBG [ui] toast: 影调预览已关：成片仍按所选风格与滤镜保存
[00:26:20.421] DBG [preview] 点按对焦 view=(47,36) device=(0.05,0.76)
[00:26:20.422] DBG [device] 对焦点 → (0.05, 0.76)
[00:26:20.424] INF [session] 点按对焦后档位：曝光=自动 / 白平衡=自动 / 意图=曝光自动·白平衡自动
[00:26:20.440] INF [resource] 模式 照片 · input 活 1（累计增/删 1/0） · output 活 1（累计增/删 1/0） · 内存 26.8MB
[00:26:21.055] DBG [ui] toast: 影调预览已开：P4 之后取景器会实时叠上风格与滤镜（现在画面还不会变）
[00:26:24.177] DBG [ui] toast: 影调预览已关：成片仍按所选风格与滤镜保存
[00:26:24.811] DBG [ui] toast: 影调预览已开：P4 之后取景器会实时叠上风格与滤镜（现在画面还不会变）
[00:26:24.957] INF [resource] 模式 照片 · input 活 1（累计增/删 1/0） · output 活 1（累计增/删 1/0） · 内存 27.3MB
[00:26:29.931] INF [resource] 模式 照片 · input 活 1（累计增/删 1/0） · output 活 1（累计增/删 1/0） · 内存 26.1MB
[00:26:34.960] INF [resource] 模式 照片 · input 活 1（累计增/删 1/0） · output 活 1（累计增/删 1/0） · 内存 26.0MB

============================================================
LumenEdit 日志启动 2026-09-22 00:26:38
device=iPhone17,1  system=26.6.0
============================================================
[00:26:38.322] INF [render] CIContext 初始化完成，后端=Apple A18 Pro GPU
[00:26:38.360] INF [app] AppEnvironment 初始化完成，hud=true grid=true tone=true
[00:26:38.391] INF [ui] 相机页已装配
[00:26:38.410] DBG [perm] 刷新权限 camera=已授权 mic=已授权 albumAdd=已授权 albumRead=未决定
[00:26:38.410] DBG [thumb] 无相册读取权限，跳过最新照片缩略图
[00:26:38.410] DBG [perm] 刷新权限 camera=已授权 mic=已授权 albumAdd=已授权 albumRead=未决定
[00:26:38.421] INF [device] 格式已应用 Back Triple Camera 4032x3024 1-30fps 4:3 photoMax=4032x3024/5712x4284 fps=30
[00:26:38.421] INF [session] 采集格式命中**缓存**（跳过探测循环）：4032x3024 1-30fps 4:3 photoMax=4032x3024/5712x4284
[00:26:38.422] INF [photo] 照片编码格式：hvc1
[00:26:38.422] INF [session] 变焦拓扑：deviceType=AVCaptureDeviceTypeBuiltInTripleCamera · constituents=3 · 角色=[超广角,广角,长焦] · switchOver=[2.000, 10.000] · 原生阶梯=[1.000, 2.000, 10.000] · 档位=13→1.000 / 24→2.000 / 35→2.917 / 48→4.000 / 120→10.000 · 不可用=无 · zoomRange=[1.00, 189.00]
[00:26:38.422] INF [session] 手动参数能力：曝光(custom)=false / 白平衡(锁定增益)=false / 对焦(锁定位置)=false
[00:26:38.422] INF [session] 会话配置完成，Live Photo 支持=true
[00:26:38.422] INF [session] startRunning()
[00:26:38.429] INF [hardware] 相机控制按钮交互已挂载（无该按钮的设备上不会触发）
[00:26:38.433] DBG [session] 白平衡增益尚未就绪（冷启动）→ 色温先给兜底值，就绪后补发
[00:26:39.603] DBG [preview] 预览层已绑定会话
[00:26:39.640] DBG [session] 白平衡增益已就绪（冷启动）→ 补发手动档状态
[00:26:39.661] INF [resource] 模式 照片 · input 活 1（累计增/删 1/0） · output 活 1（累计增/删 1/0） · 内存 24.1MB
[00:26:39.677] DBG [ui] 会话就绪 · 焦段 24mm 已对齐（变焦 2.00×）
[00:26:42.688] INF [resource] 模式 照片 · input 活 1（累计增/删 1/0） · output 活 1（累计增/删 1/0） · 内存 26.6MB
[00:26:47.716] INF [resource] 模式 照片 · input 活 1（累计增/删 1/0） · output 活 1（累计增/删 1/0） · 内存 25.1MB
[00:26:52.687] INF [resource] 模式 照片 · input 活 1（累计增/删 1/0） · output 活 1（累计增/删 1/0） · 内存 25.1MB
[00:26:57.716] INF [resource] 模式 照片 · input 活 1（累计增/删 1/0） · output 活 1（累计增/删 1/0） · 内存 25.1MB
[00:27:02.687] INF [resource] 模式 照片 · input 活 1（累计增/删 1/0） · output 活 1（累计增/删 1/0） · 内存 25.1MB
[00:27:02.941] INF [ui] 点「对焦」→ 虚拟会话 → 预切换物理（无转场；1.2s 未完成退转场）
[00:27:02.941] DBG [ui] toast: 正在切换到 24 mm 物理镜头 · 完成后打开对焦圆盘
[00:27:02.941] INF [ui] 入口动作已排队：先静默挂物理设备，挂好后自动执行
[00:27:02.941] INF [session] 静默换形态（后台挂设备 · 无转场）→ 物理单摄（24 mm）
[00:27:03.793] INF [device] 格式已应用 Back Camera 1920x1440 1-30fps 4:3 photoMax=1920x1440/4032x3024 fps=30
[00:27:03.793] WRN [session] 【debug】注入打断通知：raw 3（第 1 次候选后 · 同步）
[00:27:03.793] WRN [session] ⚠️ 直播会话被打断：视频设备被另一个客户端占用（raw 3）
[00:27:03.793] INF [session] 冷探测：候选 41 个，applyFormat 1 次，耗时 0.26s（A/B：优先序已关）
[00:27:03.793] WRN [session] ⚠️ 探测期间会话被打断 → 已在第 1 次候选处收手，采用兜底格式（不写缓存）
[00:27:03.793] INF [session] 搬运：EV 已重放（+0.0）
[00:27:03.793] INF [session] 搬运：对焦显式降级 → 连续自动（预检 ⑤）
[00:27:03.793] INF [session] 换设备后新设备档位复查：曝光=自动 / 白平衡=自动 / 对焦=自动（显式降级） / EV=+0.0
[00:27:03.794] INF [session] 换设备完成（静默·无转场）→ 物理单摄（24 mm）；当前档位 24 mm；Live Photo 能力=false；耗时 0.85s
[00:27:03.794] INF [session] 静默换形态耗时 0.85s（命中格式缓存 ≈0.3~0.8s；每设备首次冷探测 4~5s）
[00:27:03.800] DBG [ui] 静默换形态完成 → 由 form 边沿执行入口动作
[00:27:03.800] DBG [ui] 对焦圆盘展开（入口：图标行「对焦」）
[00:27:03.800] DBG [ui] toast: 手动对焦：拖动圆盘调焦（0.0 近 → ∞ 远） · 再点收起
[00:27:03.800] DBG [ui] 全手动档退出但参数界面开着 → 暂不回切（保预切换成果）
[00:27:07.716] INF [resource] 模式 照片 · input 活 1（累计增/删 2/1） · output 活 1（累计增/删 1/0） · 内存 26.6MB
[00:27:12.688] INF [resource] 模式 照片 · input 活 1（累计增/删 2/1） · output 活 1（累计增/删 1/0） · 内存 26.3MB
[00:27:17.716] INF [resource] 模式 照片 · input 活 1（累计增/删 2/1） · output 活 1（累计增/删 1/0） · 内存 26.3MB
[00:27:22.688] INF [resource] 模式 照片 · input 活 1（累计增/删 2/1） · output 活 1（累计增/删 1/0） · 内存 26.3MB
[00:27:27.716] INF [resource] 模式 照片 · input 活 1（累计增/删 2/1） · output 活 1（累计增/删 1/0） · 内存 26.3MB
[00:27:32.688] INF [resource] 模式 照片 · input 活 1（累计增/删 2/1） · output 活 1（累计增/删 1/0） · 内存 26.3MB

============================================================
LumenEdit 日志启动 2026-09-22 00:27:37
device=iPhone17,1  system=26.6.0
============================================================
[00:27:37.107] INF [render] CIContext 初始化完成，后端=Apple A18 Pro GPU
[00:27:37.139] INF [app] AppEnvironment 初始化完成，hud=true grid=true tone=true
[00:27:37.160] INF [ui] 相机页已装配
[00:27:37.175] DBG [perm] 刷新权限 camera=已授权 mic=已授权 albumAdd=已授权 albumRead=未决定
[00:27:37.175] DBG [thumb] 无相册读取权限，跳过最新照片缩略图
[00:27:37.175] DBG [perm] 刷新权限 camera=已授权 mic=已授权 albumAdd=已授权 albumRead=未决定
[00:27:37.180] INF [device] 格式已应用 Back Triple Camera 4032x3024 1-30fps 4:3 photoMax=4032x3024/5712x4284 fps=30
[00:27:37.180] INF [session] 采集格式命中**缓存**（跳过探测循环）：4032x3024 1-30fps 4:3 photoMax=4032x3024/5712x4284
[00:27:37.180] INF [photo] 照片编码格式：hvc1
[00:27:37.180] INF [session] 变焦拓扑：deviceType=AVCaptureDeviceTypeBuiltInTripleCamera · constituents=3 · 角色=[超广角,广角,长焦] · switchOver=[2.000, 10.000] · 原生阶梯=[1.000, 2.000, 10.000] · 档位=13→1.000 / 24→2.000 / 35→2.917 / 48→4.000 / 120→10.000 · 不可用=无 · zoomRange=[1.00, 189.00]
[00:27:37.180] INF [session] 手动参数能力：曝光(custom)=false / 白平衡(锁定增益)=false / 对焦(锁定位置)=false
[00:27:37.180] INF [session] 会话配置完成，Live Photo 支持=true
[00:27:37.180] INF [session] startRunning()
[00:27:37.184] INF [hardware] 相机控制按钮交互已挂载（无该按钮的设备上不会触发）
[00:27:37.191] DBG [session] 白平衡增益尚未就绪（冷启动）→ 色温先给兜底值，就绪后补发
[00:27:38.377] DBG [preview] 预览层已绑定会话
[00:27:38.465] INF [resource] 模式 照片 · input 活 1（累计增/删 1/0） · output 活 1（累计增/删 1/0） · 内存 26.0MB
[00:27:38.475] DBG [ui] 会话就绪 · 焦段 24mm 已对齐（变焦 2.00×）
[00:27:41.471] INF [resource] 模式 照片 · input 活 1（累计增/删 1/0） · output 活 1（累计增/删 1/0） · 内存 26.8MB
[00:27:46.499] INF [resource] 模式 照片 · input 活 1（累计增/删 1/0） · output 活 1（累计增/删 1/0） · 内存 25.2MB
[00:27:51.471] INF [resource] 模式 照片 · input 活 1（累计增/删 1/0） · output 活 1（累计增/删 1/0） · 内存 25.2MB
[00:27:56.499] INF [resource] 模式 照片 · input 活 1（累计增/删 1/0） · output 活 1（累计增/删 1/0） · 内存 25.2MB
[00:27:59.134] INF [ui] 点「对焦」→ 虚拟会话 → 预切换物理（无转场；1.2s 未完成退转场）
[00:27:59.135] DBG [ui] toast: 正在切换到 24 mm 物理镜头 · 完成后打开对焦圆盘
[00:27:59.135] INF [ui] 入口动作已排队：先静默挂物理设备，挂好后自动执行
[00:27:59.135] INF [session] 静默换形态（后台挂设备 · 无转场）→ 物理单摄（24 mm）
[00:28:00.043] INF [device] 格式已应用 Back Camera 4032x3024 1-30fps 4:3 photoMax=4032x3024/8064x6048 fps=30
[00:28:00.043] INF [session] 冷探测：候选 41 个，applyFormat 1 次，耗时 0.39s（Live 优先序）
[00:28:00.044] INF [session] 选用采集格式 4032x3024 1-30fps 4:3 photoMax=4032x3024/8064x6048，Live Photo 能力=true（候选共 41 个 · applyFormat 1 次，已缓存并落盘）
[00:28:00.044] INF [session] 搬运：EV 已重放（+0.0）
[00:28:00.044] INF [session] 搬运：对焦显式降级 → 连续自动（预检 ⑤）
[00:28:00.045] INF [session] 换设备后新设备档位复查：曝光=自动 / 白平衡=自动 / 对焦=自动（显式降级） / EV=+0.0
[00:28:00.045] INF [session] 换设备完成（静默·无转场）→ 物理单摄（24 mm）；当前档位 24 mm；Live Photo 能力=true；耗时 0.91s
[00:28:00.045] INF [session] 静默换形态耗时 0.91s（命中格式缓存 ≈0.3~0.8s；每设备首次冷探测 4~5s）
[00:28:00.061] DBG [ui] 静默换形态完成 → 由 form 边沿执行入口动作
[00:28:00.061] DBG [ui] 对焦圆盘展开（入口：图标行「对焦」）
[00:28:00.061] DBG [ui] toast: 手动对焦：拖动圆盘调焦（0.0 近 → ∞ 远） · 再点收起
[00:28:00.061] DBG [ui] 全手动档退出但参数界面开着 → 暂不回切（保预切换成果）
[00:28:01.471] INF [resource] 模式 照片 · input 活 1（累计增/删 2/1） · output 活 1（累计增/删 1/0） · 内存 26.7MB
[00:28:06.499] INF [resource] 模式 照片 · input 活 1（累计增/删 2/1） · output 活 1（累计增/删 1/0） · 内存 26.3MB
[00:28:11.471] INF [resource] 模式 照片 · input 活 1（累计增/删 2/1） · output 活 1（累计增/删 1/0） · 内存 26.3MB
[00:28:16.501] INF [resource] 模式 照片 · input 活 1（累计增/删 2/1） · output 活 1（累计增/删 1/0） · 内存 26.3MB

============================================================
LumenEdit 日志启动 2026-09-22 00:28:17
device=iPhone17,1  system=26.6.0
============================================================
[00:28:17.539] INF [render] CIContext 初始化完成，后端=Apple A18 Pro GPU
[00:28:17.571] INF [app] AppEnvironment 初始化完成，hud=true grid=true tone=true
[00:28:17.594] INF [ui] 相机页已装配
[00:28:17.611] DBG [perm] 刷新权限 camera=已授权 mic=已授权 albumAdd=已授权 albumRead=未决定
[00:28:17.611] DBG [thumb] 无相册读取权限，跳过最新照片缩略图
[00:28:17.611] DBG [perm] 刷新权限 camera=已授权 mic=已授权 albumAdd=已授权 albumRead=未决定
[00:28:17.619] INF [device] 格式已应用 Back Triple Camera 4032x3024 1-30fps 4:3 photoMax=4032x3024/5712x4284 fps=30
[00:28:17.619] INF [session] 采集格式命中**缓存**（跳过探测循环）：4032x3024 1-30fps 4:3 photoMax=4032x3024/5712x4284
[00:28:17.619] INF [photo] 照片编码格式：hvc1
[00:28:17.620] INF [session] 变焦拓扑：deviceType=AVCaptureDeviceTypeBuiltInTripleCamera · constituents=3 · 角色=[超广角,广角,长焦] · switchOver=[2.000, 10.000] · 原生阶梯=[1.000, 2.000, 10.000] · 档位=13→1.000 / 24→2.000 / 35→2.917 / 48→4.000 / 120→10.000 · 不可用=无 · zoomRange=[1.00, 189.00]
[00:28:17.620] INF [session] 手动参数能力：曝光(custom)=false / 白平衡(锁定增益)=false / 对焦(锁定位置)=false
[00:28:17.620] INF [session] 会话配置完成，Live Photo 支持=true
[00:28:17.620] INF [session] startRunning()
[00:28:17.624] INF [hardware] 相机控制按钮交互已挂载（无该按钮的设备上不会触发）
[00:28:17.629] DBG [session] 白平衡增益尚未就绪（冷启动）→ 色温先给兜底值，就绪后补发
[00:28:18.849] DBG [preview] 预览层已绑定会话
[00:28:18.934] INF [resource] 模式 照片 · input 活 1（累计增/删 1/0） · output 活 1（累计增/删 1/0） · 内存 26.2MB
[00:28:18.945] DBG [ui] 会话就绪 · 焦段 24mm 已对齐（变焦 2.00×）
[00:28:21.940] INF [resource] 模式 照片 · input 活 1（累计增/删 1/0） · output 活 1（累计增/删 1/0） · 内存 27.5MB
[00:28:26.970] INF [resource] 模式 照片 · input 活 1（累计增/删 1/0） · output 活 1（累计增/删 1/0） · 内存 25.1MB
[00:28:31.940] INF [resource] 模式 照片 · input 活 1（累计增/删 1/0） · output 活 1（累计增/删 1/0） · 内存 25.1MB
[00:28:36.971] INF [resource] 模式 照片 · input 活 1（累计增/删 1/0） · output 活 1（累计增/删 1/0） · 内存 25.1MB
[00:28:41.940] INF [resource] 模式 照片 · input 活 1（累计增/删 1/0） · output 活 1（累计增/删 1/0） · 内存 25.1MB
[00:28:42.485] DBG [ui] toast: 焦段 13 mm · 变焦 1.00×
[00:28:45.969] INF [resource] 模式 照片 · input 活 1（累计增/删 1/0） · output 活 1（累计增/删 1/0） · 内存 25.5MB
[00:28:50.940] INF [resource] 模式 照片 · input 活 1（累计增/删 1/0） · output 活 1（累计增/删 1/0） · 内存 25.5MB
[00:28:55.969] INF [resource] 模式 照片 · input 活 1（累计增/删 1/0） · output 活 1（累计增/删 1/0） · 内存 25.5MB
[00:29:00.940] INF [resource] 模式 照片 · input 活 1（累计增/删 1/0） · output 活 1（累计增/删 1/0） · 内存 25.5MB
[00:29:05.969] INF [resource] 模式 照片 · input 活 1（累计增/删 1/0） · output 活 1（累计增/删 1/0） · 内存 25.5MB
[00:29:10.940] INF [resource] 模式 照片 · input 活 1（累计增/删 1/0） · output 活 1（累计增/删 1/0） · 内存 25.5MB

============================================================
LumenEdit 日志启动 2026-09-22 00:29:15
device=iPhone17,1  system=26.6.0
============================================================
[00:29:15.549] INF [render] CIContext 初始化完成，后端=Apple A18 Pro GPU
[00:29:15.590] INF [app] AppEnvironment 初始化完成，hud=true grid=true tone=true
[00:29:15.616] INF [ui] 相机页已装配
[00:29:15.634] DBG [perm] 刷新权限 camera=已授权 mic=已授权 albumAdd=已授权 albumRead=未决定
[00:29:15.634] DBG [thumb] 无相册读取权限，跳过最新照片缩略图
[00:29:15.634] DBG [perm] 刷新权限 camera=已授权 mic=已授权 albumAdd=已授权 albumRead=未决定
[00:29:15.643] INF [device] 格式已应用 Back Triple Camera 4032x3024 1-30fps 4:3 photoMax=4032x3024/5712x4284 fps=30
[00:29:15.643] INF [session] 冷探测：候选 31 个，applyFormat 1 次，耗时 0.00s（Live 优先序）
[00:29:15.644] INF [session] 选用采集格式 4032x3024 1-30fps 4:3 photoMax=4032x3024/5712x4284，Live Photo 能力=true（候选共 31 个 · applyFormat 1 次，已缓存并落盘）
[00:29:15.644] INF [photo] 照片编码格式：hvc1
[00:29:15.645] INF [session] 变焦拓扑：deviceType=AVCaptureDeviceTypeBuiltInTripleCamera · constituents=3 · 角色=[超广角,广角,长焦] · switchOver=[2.000, 10.000] · 原生阶梯=[1.000, 2.000, 10.000] · 档位=13→1.000 / 24→2.000 / 35→2.917 / 48→4.000 / 120→10.000 · 不可用=无 · zoomRange=[1.00, 189.00]
[00:29:15.645] INF [session] 手动参数能力：曝光(custom)=false / 白平衡(锁定增益)=false / 对焦(锁定位置)=false
[00:29:15.645] INF [session] 会话配置完成，Live Photo 支持=true
[00:29:15.645] INF [session] startRunning()
[00:29:15.649] INF [hardware] 相机控制按钮交互已挂载（无该按钮的设备上不会触发）
[00:29:15.656] DBG [session] 白平衡增益尚未就绪（冷启动）→ 色温先给兜底值，就绪后补发
[00:29:16.811] DBG [preview] 预览层已绑定会话
[00:29:16.900] INF [resource] 模式 照片 · input 活 1（累计增/删 1/0） · output 活 1（累计增/删 1/0） · 内存 26.4MB
[00:29:16.909] DBG [ui] 会话就绪 · 焦段 24mm 已对齐（变焦 2.00×）
[00:29:19.906] INF [resource] 模式 照片 · input 活 1（累计增/删 1/0） · output 活 1（累计增/删 1/0） · 内存 27.3MB
[00:29:24.935] INF [resource] 模式 照片 · input 活 1（累计增/删 1/0） · output 活 1（累计增/删 1/0） · 内存 25.0MB

============================================================
LumenEdit 日志启动 2026-09-22 00:29:27
device=iPhone17,1  system=26.6.0
============================================================
[00:29:27.466] INF [render] CIContext 初始化完成，后端=Apple A18 Pro GPU
[00:29:27.499] INF [app] AppEnvironment 初始化完成，hud=true grid=true tone=true
[00:29:27.520] INF [ui] 相机页已装配
[00:29:27.537] DBG [perm] 刷新权限 camera=已授权 mic=已授权 albumAdd=已授权 albumRead=未决定
[00:29:27.537] DBG [thumb] 无相册读取权限，跳过最新照片缩略图
[00:29:27.537] DBG [perm] 刷新权限 camera=已授权 mic=已授权 albumAdd=已授权 albumRead=未决定
[00:29:27.542] INF [device] 格式已应用 Back Triple Camera 4032x3024 1-30fps 4:3 photoMax=4032x3024/5712x4284 fps=30
[00:29:27.542] INF [session] 采集格式命中**缓存**（跳过探测循环）：4032x3024 1-30fps 4:3 photoMax=4032x3024/5712x4284
[00:29:27.542] INF [photo] 照片编码格式：hvc1
[00:29:27.543] INF [session] 变焦拓扑：deviceType=AVCaptureDeviceTypeBuiltInTripleCamera · constituents=3 · 角色=[超广角,广角,长焦] · switchOver=[2.000, 10.000] · 原生阶梯=[1.000, 2.000, 10.000] · 档位=13→1.000 / 24→2.000 / 35→2.917 / 48→4.000 / 120→10.000 · 不可用=无 · zoomRange=[1.00, 189.00]
[00:29:27.543] INF [session] 手动参数能力：曝光(custom)=false / 白平衡(锁定增益)=false / 对焦(锁定位置)=false
[00:29:27.543] INF [session] 会话配置完成，Live Photo 支持=true
[00:29:27.543] INF [session] startRunning()
[00:29:27.546] INF [hardware] 相机控制按钮交互已挂载（无该按钮的设备上不会触发）
[00:29:27.556] DBG [session] 白平衡增益尚未就绪（冷启动）→ 色温先给兜底值，就绪后补发
[00:29:28.709] DBG [preview] 预览层已绑定会话
[00:29:28.792] INF [resource] 模式 照片 · input 活 1（累计增/删 1/0） · output 活 1（累计增/删 1/0） · 内存 26.0MB
[00:29:28.803] DBG [ui] 会话就绪 · 焦段 24mm 已对齐（变焦 2.00×）
[00:29:31.797] INF [resource] 模式 照片 · input 活 1（累计增/删 1/0） · output 活 1（累计增/删 1/0） · 内存 25.4MB
[00:29:36.827] INF [resource] 模式 照片 · input 活 1（累计增/删 1/0） · output 活 1（累计增/删 1/0） · 内存 25.1MB
[00:29:41.797] INF [resource] 模式 照片 · input 活 1（累计增/删 1/0） · output 活 1（累计增/删 1/0） · 内存 25.2MB
[00:29:46.826] INF [resource] 模式 照片 · input 活 1（累计增/删 1/0） · output 活 1（累计增/删 1/0） · 内存 25.2MB
[00:29:51.797] INF [resource] 模式 照片 · input 活 1（累计增/删 1/0） · output 活 1（累计增/删 1/0） · 内存 25.2MB
[00:29:56.827] INF [resource] 模式 照片 · input 活 1（累计增/删 1/0） · output 活 1（累计增/删 1/0） · 内存 25.2MB
[00:29:59.021] INF [ui] 点「对焦」→ 虚拟会话 → 预切换物理（无转场；1.2s 未完成退转场）
[00:29:59.021] DBG [ui] toast: 正在切换到 24 mm 物理镜头 · 完成后打开对焦圆盘
[00:29:59.021] INF [ui] 入口动作已排队：先静默挂物理设备，挂好后自动执行
[00:29:59.022] INF [session] 静默换形态（后台挂设备 · 无转场）→ 物理单摄（24 mm）
[00:30:00.051] INF [device] 格式已应用 Back Camera 4032x3024 1-30fps 4:3 photoMax=4032x3024/8064x6048 fps=30
[00:30:00.051] WRN [session] 【debug】注入打断通知：raw 1（第 1 次候选后 · 同步）
[00:30:00.051] WRN [session] ⚠️ 直播会话被打断：后台不可用（良性 · 与设备抢占无关）（raw 1）
[00:30:00.051] INF [session] 打断原因属良性（进后台）→ 不触发探测闸门
[00:30:00.051] INF [session] 冷探测：候选 41 个，applyFormat 1 次，耗时 0.45s（Live 优先序）
[00:30:00.052] INF [session] 选用采集格式 4032x3024 1-30fps 4:3 photoMax=4032x3024/8064x6048，Live Photo 能力=true（候选共 41 个 · applyFormat 1 次，已缓存并落盘）
[00:30:00.052] INF [session] 搬运：EV 已重放（+0.0）
[00:30:00.053] INF [session] 搬运：对焦显式降级 → 连续自动（预检 ⑤）
[00:30:00.053] INF [session] 换设备后新设备档位复查：曝光=自动 / 白平衡=自动 / 对焦=自动（显式降级） / EV=+0.0
[00:30:00.054] INF [session] 换设备完成（静默·无转场）→ 物理单摄（24 mm）；当前档位 24 mm；Live Photo 能力=true；耗时 1.03s
[00:30:00.054] INF [session] 静默换形态耗时 1.03s（命中格式缓存 ≈0.3~0.8s；每设备首次冷探测 4~5s）
[00:30:00.066] DBG [ui] 静默换形态完成 → 由 form 边沿执行入口动作
[00:30:00.067] DBG [ui] 对焦圆盘展开（入口：图标行「对焦」）
[00:30:00.067] DBG [ui] toast: 手动对焦：拖动圆盘调焦（0.0 近 → ∞ 远） · 再点收起
[00:30:00.067] DBG [ui] 全手动档退出但参数界面开着 → 暂不回切（保预切换成果）
[00:30:01.798] INF [resource] 模式 照片 · input 活 1（累计增/删 2/1） · output 活 1（累计增/删 1/0） · 内存 26.8MB
[00:30:06.826] INF [resource] 模式 照片 · input 活 1（累计增/删 2/1） · output 活 1（累计增/删 1/0） · 内存 26.2MB
[00:30:11.798] INF [resource] 模式 照片 · input 活 1（累计增/删 2/1） · output 活 1（累计增/删 1/0） · 内存 26.2MB
[00:30:16.826] INF [resource] 模式 照片 · input 活 1（累计增/删 2/1） · output 活 1（累计增/删 1/0） · 内存 26.2MB

============================================================
LumenEdit 日志启动 2026-09-22 00:30:18
device=iPhone17,1  system=26.6.0
============================================================
[00:30:18.291] INF [render] CIContext 初始化完成，后端=Apple A18 Pro GPU
[00:30:18.323] INF [app] AppEnvironment 初始化完成，hud=true grid=true tone=true
[00:30:18.344] INF [ui] 相机页已装配
[00:30:18.367] DBG [perm] 刷新权限 camera=已授权 mic=已授权 albumAdd=已授权 albumRead=未决定
[00:30:18.368] DBG [thumb] 无相册读取权限，跳过最新照片缩略图
[00:30:18.368] DBG [perm] 刷新权限 camera=已授权 mic=已授权 albumAdd=已授权 albumRead=未决定
[00:30:18.375] INF [device] 格式已应用 Back Triple Camera 4032x3024 1-30fps 4:3 photoMax=4032x3024/5712x4284 fps=30
[00:30:18.375] INF [session] 冷探测：候选 31 个，applyFormat 1 次，耗时 0.00s（Live 优先序）
[00:30:18.376] INF [session] 选用采集格式 4032x3024 1-30fps 4:3 photoMax=4032x3024/5712x4284，Live Photo 能力=true（候选共 31 个 · applyFormat 1 次，已缓存并落盘）
[00:30:18.376] INF [photo] 照片编码格式：hvc1
[00:30:18.376] INF [session] 变焦拓扑：deviceType=AVCaptureDeviceTypeBuiltInTripleCamera · constituents=3 · 角色=[超广角,广角,长焦] · switchOver=[2.000, 10.000] · 原生阶梯=[1.000, 2.000, 10.000] · 档位=13→1.000 / 24→2.000 / 35→2.917 / 48→4.000 / 120→10.000 · 不可用=无 · zoomRange=[1.00, 189.00]
[00:30:18.376] INF [session] 手动参数能力：曝光(custom)=false / 白平衡(锁定增益)=false / 对焦(锁定位置)=false
[00:30:18.376] INF [session] 会话配置完成，Live Photo 支持=true
[00:30:18.376] INF [session] startRunning()
[00:30:18.380] INF [hardware] 相机控制按钮交互已挂载（无该按钮的设备上不会触发）
[00:30:18.386] DBG [session] 白平衡增益尚未就绪（冷启动）→ 色温先给兜底值，就绪后补发
[00:30:19.540] DBG [preview] 预览层已绑定会话
[00:30:19.577] DBG [session] 白平衡增益已就绪（冷启动）→ 补发手动档状态
[00:30:19.597] INF [resource] 模式 照片 · input 活 1（累计增/删 1/0） · output 活 1（累计增/删 1/0） · 内存 24.1MB
[00:30:19.614] DBG [ui] 会话就绪 · 焦段 24mm 已对齐（变焦 2.00×）
[00:30:22.623] INF [resource] 模式 照片 · input 活 1（累计增/删 1/0） · output 活 1（累计增/删 1/0） · 内存 25.5MB
[00:30:27.651] INF [resource] 模式 照片 · input 活 1（累计增/删 1/0） · output 活 1（累计增/删 1/0） · 内存 25.2MB

============================================================
LumenEdit 日志启动 2026-09-22 00:30:29
device=iPhone17,1  system=26.6.0
============================================================
[00:30:30.076] INF [render] CIContext 初始化完成，后端=Apple A18 Pro GPU
[00:30:30.108] INF [app] AppEnvironment 初始化完成，hud=true grid=true tone=true
[00:30:30.129] INF [ui] 相机页已装配
[00:30:30.153] DBG [perm] 刷新权限 camera=已授权 mic=已授权 albumAdd=已授权 albumRead=未决定
[00:30:30.153] DBG [thumb] 无相册读取权限，跳过最新照片缩略图
[00:30:30.153] DBG [perm] 刷新权限 camera=已授权 mic=已授权 albumAdd=已授权 albumRead=未决定
[00:30:30.160] INF [device] 格式已应用 Back Triple Camera 4032x3024 1-30fps 4:3 photoMax=4032x3024/5712x4284 fps=30
[00:30:30.160] INF [session] 采集格式命中**缓存**（跳过探测循环）：4032x3024 1-30fps 4:3 photoMax=4032x3024/5712x4284
[00:30:30.160] INF [photo] 照片编码格式：hvc1
[00:30:30.160] INF [session] 变焦拓扑：deviceType=AVCaptureDeviceTypeBuiltInTripleCamera · constituents=3 · 角色=[超广角,广角,长焦] · switchOver=[2.000, 10.000] · 原生阶梯=[1.000, 2.000, 10.000] · 档位=13→1.000 / 24→2.000 / 35→2.917 / 48→4.000 / 120→10.000 · 不可用=无 · zoomRange=[1.00, 189.00]
[00:30:30.160] INF [session] 手动参数能力：曝光(custom)=false / 白平衡(锁定增益)=false / 对焦(锁定位置)=false
[00:30:30.160] INF [session] 会话配置完成，Live Photo 支持=true
[00:30:30.160] INF [session] startRunning()
[00:30:30.164] INF [hardware] 相机控制按钮交互已挂载（无该按钮的设备上不会触发）
[00:30:30.170] DBG [session] 白平衡增益尚未就绪（冷启动）→ 色温先给兜底值，就绪后补发
[00:30:31.324] DBG [preview] 预览层已绑定会话
[00:30:31.393] INF [resource] 模式 照片 · input 活 1（累计增/删 1/0） · output 活 1（累计增/删 1/0） · 内存 26.2MB
[00:30:31.401] DBG [ui] 会话就绪 · 焦段 24mm 已对齐（变焦 2.00×）
[00:30:34.399] INF [resource] 模式 照片 · input 活 1（累计增/删 1/0） · output 活 1（累计增/删 1/0） · 内存 27.1MB
[00:30:39.428] INF [resource] 模式 照片 · input 活 1（累计增/删 1/0） · output 活 1（累计增/删 1/0） · 内存 25.1MB
[00:30:44.399] INF [resource] 模式 照片 · input 活 1（累计增/删 1/0） · output 活 1（累计增/删 1/0） · 内存 25.1MB
[00:30:49.428] INF [resource] 模式 照片 · input 活 1（累计增/删 1/0） · output 活 1（累计增/删 1/0） · 内存 25.1MB
[00:30:54.399] INF [resource] 模式 照片 · input 活 1（累计增/删 1/0） · output 活 1（累计增/删 1/0） · 内存 25.1MB
[00:30:55.115] INF [ui] 点「对焦」→ 虚拟会话 → 预切换物理（无转场；1.2s 未完成退转场）
[00:30:55.116] DBG [ui] toast: 正在切换到 24 mm 物理镜头 · 完成后打开对焦圆盘
[00:30:55.116] INF [ui] 入口动作已排队：先静默挂物理设备，挂好后自动执行
[00:30:55.116] INF [session] 静默换形态（后台挂设备 · 无转场）→ 物理单摄（24 mm）
[00:30:55.896] INF [device] 格式已应用 Back Camera 1920x1440 1-30fps 4:3 photoMax=1920x1440/4032x3024 fps=30
[00:30:55.896] WRN [session] 【debug】注入打断通知：raw 3（第 1 次候选后 · 后台线程延迟 50ms）
[00:30:55.948] WRN [session] ⚠️ 直播会话被打断：视频设备被另一个客户端占用（raw 3）
[00:30:56.373] INF [device] 格式已应用 Back Camera 1920x1440 1-60fps 4:3 photoMax=1920x1440/4032x3024 fps=30
[00:30:56.651] INF [device] 格式已应用 Back Camera 1920x1440 1-30fps 4:3 photoMax=1920x1440/4032x3024 fps=30
[00:30:56.651] INF [session] 冷探测：候选 41 个，applyFormat 2 次，耗时 1.02s（A/B：优先序已关）
[00:30:56.651] WRN [session] ⚠️ 探测期间会话被打断 → 已在第 2 次候选处收手，采用兜底格式（不写缓存）
[00:30:56.652] INF [session] 搬运：EV 已重放（+0.0）
[00:30:56.652] INF [session] 搬运：对焦显式降级 → 连续自动（预检 ⑤）
[00:30:56.652] INF [session] 换设备后新设备档位复查：曝光=自动 / 白平衡=自动 / 对焦=自动（显式降级） / EV=+0.0
[00:30:56.654] INF [session] 换设备完成（静默·无转场）→ 物理单摄（24 mm）；当前档位 24 mm；Live Photo 能力=false；耗时 1.54s
[00:30:56.654] INF [session] 静默换形态耗时 1.54s（命中格式缓存 ≈0.3~0.8s；每设备首次冷探测 4~5s）
[00:30:56.654] DBG [ui] 静默换形态完成 → 由 form 边沿执行入口动作
[00:30:56.655] DBG [ui] 对焦圆盘展开（入口：图标行「对焦」）
[00:30:56.655] DBG [ui] toast: 手动对焦：拖动圆盘调焦（0.0 近 → ∞ 远） · 再点收起
[00:30:56.655] DBG [ui] 全手动档退出但参数界面开着 → 暂不回切（保预切换成果）
[00:30:59.429] INF [resource] 模式 照片 · input 活 1（累计增/删 2/1） · output 活 1（累计增/删 1/0） · 内存 26.6MB
[00:31:04.399] INF [resource] 模式 照片 · input 活 1（累计增/删 2/1） · output 活 1（累计增/删 1/0） · 内存 26.2MB
[00:31:09.427] INF [resource] 模式 照片 · input 活 1（累计增/删 2/1） · output 活 1（累计增/删 1/0） · 内存 26.2MB
[00:31:14.399] INF [resource] 模式 照片 · input 活 1（累计增/删 2/1） · output 活 1（累计增/删 1/0） · 内存 26.2MB

============================================================
LumenEdit 日志启动 2026-09-22 00:31:17
device=iPhone17,1  system=26.6.0
============================================================
[00:31:18.088] INF [render] CIContext 初始化完成，后端=Apple A18 Pro GPU
[00:31:18.121] INF [app] AppEnvironment 初始化完成，hud=true grid=true tone=true
[00:31:18.144] INF [ui] 相机页已装配
[00:31:18.163] DBG [perm] 刷新权限 camera=已授权 mic=已授权 albumAdd=已授权 albumRead=未决定
[00:31:18.163] DBG [thumb] 无相册读取权限，跳过最新照片缩略图
[00:31:18.163] DBG [perm] 刷新权限 camera=已授权 mic=已授权 albumAdd=已授权 albumRead=未决定
[00:31:18.171] INF [device] 格式已应用 Back Triple Camera 4032x3024 1-30fps 4:3 photoMax=4032x3024/5712x4284 fps=30
[00:31:18.171] INF [session] 冷探测：候选 31 个，applyFormat 1 次，耗时 0.00s（Live 优先序）
[00:31:18.171] INF [session] 选用采集格式 4032x3024 1-30fps 4:3 photoMax=4032x3024/5712x4284，Live Photo 能力=true（候选共 31 个 · applyFormat 1 次，已缓存并落盘）
[00:31:18.171] INF [photo] 照片编码格式：hvc1
[00:31:18.172] INF [session] 变焦拓扑：deviceType=AVCaptureDeviceTypeBuiltInTripleCamera · constituents=3 · 角色=[超广角,广角,长焦] · switchOver=[2.000, 10.000] · 原生阶梯=[1.000, 2.000, 10.000] · 档位=13→1.000 / 24→2.000 / 35→2.917 / 48→4.000 / 120→10.000 · 不可用=无 · zoomRange=[1.00, 189.00]
[00:31:18.172] INF [session] 手动参数能力：曝光(custom)=false / 白平衡(锁定增益)=false / 对焦(锁定位置)=false
[00:31:18.172] INF [session] 会话配置完成，Live Photo 支持=true
[00:31:18.172] INF [session] startRunning()
[00:31:18.174] INF [hardware] 相机控制按钮交互已挂载（无该按钮的设备上不会触发）
[00:31:18.181] DBG [session] 白平衡增益尚未就绪（冷启动）→ 色温先给兜底值，就绪后补发
[00:31:19.349] DBG [preview] 预览层已绑定会话
[00:31:19.388] DBG [session] 白平衡增益已就绪（冷启动）→ 补发手动档状态
[00:31:19.408] INF [resource] 模式 照片 · input 活 1（累计增/删 1/0） · output 活 1（累计增/删 1/0） · 内存 24.5MB
[00:31:19.425] DBG [ui] 会话就绪 · 焦段 24mm 已对齐（变焦 2.00×）
[00:31:22.434] INF [resource] 模式 照片 · input 活 1（累计增/删 1/0） · output 活 1（累计增/删 1/0） · 内存 27.5MB
[00:31:27.463] INF [resource] 模式 照片 · input 活 1（累计增/删 1/0） · output 活 1（累计增/删 1/0） · 内存 25.2MB

============================================================
LumenEdit 日志启动 2026-09-22 00:31:30
device=iPhone17,1  system=26.6.0
============================================================
[00:31:30.277] INF [render] CIContext 初始化完成，后端=Apple A18 Pro GPU
[00:31:30.311] INF [app] AppEnvironment 初始化完成，hud=true grid=true tone=true
[00:31:30.335] INF [ui] 相机页已装配
[00:31:30.360] DBG [perm] 刷新权限 camera=已授权 mic=已授权 albumAdd=已授权 albumRead=未决定
[00:31:30.360] DBG [thumb] 无相册读取权限，跳过最新照片缩略图
[00:31:30.360] DBG [perm] 刷新权限 camera=已授权 mic=已授权 albumAdd=已授权 albumRead=未决定
[00:31:30.366] INF [device] 格式已应用 Back Triple Camera 4032x3024 1-30fps 4:3 photoMax=4032x3024/5712x4284 fps=30
[00:31:30.366] INF [session] 采集格式命中**缓存**（跳过探测循环）：4032x3024 1-30fps 4:3 photoMax=4032x3024/5712x4284
[00:31:30.367] INF [photo] 照片编码格式：hvc1
[00:31:30.367] INF [session] 变焦拓扑：deviceType=AVCaptureDeviceTypeBuiltInTripleCamera · constituents=3 · 角色=[超广角,广角,长焦] · switchOver=[2.000, 10.000] · 原生阶梯=[1.000, 2.000, 10.000] · 档位=13→1.000 / 24→2.000 / 35→2.917 / 48→4.000 / 120→10.000 · 不可用=无 · zoomRange=[1.00, 189.00]
[00:31:30.367] INF [session] 手动参数能力：曝光(custom)=false / 白平衡(锁定增益)=false / 对焦(锁定位置)=false
[00:31:30.367] INF [session] 会话配置完成，Live Photo 支持=true
[00:31:30.367] INF [session] startRunning()
[00:31:30.371] INF [hardware] 相机控制按钮交互已挂载（无该按钮的设备上不会触发）
[00:31:30.378] DBG [session] 白平衡增益尚未就绪（冷启动）→ 色温先给兜底值，就绪后补发
[00:31:31.464] DBG [preview] 预览层已绑定会话
[00:31:31.531] INF [resource] 模式 照片 · input 活 1（累计增/删 1/0） · output 活 1（累计增/删 1/0） · 内存 26.5MB
[00:31:31.543] DBG [ui] 会话就绪 · 焦段 24mm 已对齐（变焦 2.00×）
[00:31:34.537] INF [resource] 模式 照片 · input 活 1（累计增/删 1/0） · output 活 1（累计增/删 1/0） · 内存 27.3MB
[00:31:39.566] INF [resource] 模式 照片 · input 活 1（累计增/删 1/0） · output 活 1（累计增/删 1/0） · 内存 25.2MB
[00:31:44.537] INF [resource] 模式 照片 · input 活 1（累计增/删 1/0） · output 活 1（累计增/删 1/0） · 内存 25.2MB
[00:31:49.566] INF [resource] 模式 照片 · input 活 1（累计增/删 1/0） · output 活 1（累计增/删 1/0） · 内存 25.2MB
[00:31:54.537] INF [resource] 模式 照片 · input 活 1（累计增/删 1/0） · output 活 1（累计增/删 1/0） · 内存 25.2MB
[00:31:59.566] INF [resource] 模式 照片 · input 活 1（累计增/删 1/0） · output 活 1（累计增/删 1/0） · 内存 25.2MB
[00:32:04.537] INF [resource] 模式 照片 · input 活 1（累计增/删 1/0） · output 活 1（累计增/删 1/0） · 内存 25.2MB
[00:32:09.571] INF [resource] 模式 照片 · input 活 1（累计增/删 1/0） · output 活 1（累计增/删 1/0） · 内存 25.2MB
[00:32:14.537] INF [resource] 模式 照片 · input 活 1（累计增/删 1/0） · output 活 1（累计增/删 1/0） · 内存 25.2MB
[00:32:18.569] INF [ui] 点「对焦」→ 虚拟会话 → 预切换物理（无转场；1.2s 未完成退转场）
[00:32:18.569] DBG [ui] toast: 正在切换到 24 mm 物理镜头 · 完成后打开对焦圆盘
[00:32:18.569] INF [ui] 入口动作已排队：先静默挂物理设备，挂好后自动执行
[00:32:18.570] INF [session] 静默换形态（后台挂设备 · 无转场）→ 物理单摄（24 mm）
[00:32:19.316] INF [device] 格式已应用 Back Camera 1920x1440 1-30fps 4:3 photoMax=1920x1440/4032x3024 fps=30
[00:32:19.857] WRN [session] ⚠️ 直播会话被打断：后台不可用（良性 · 与设备抢占无关）（raw 1）
[00:32:19.857] INF [session] 打断原因属良性（进后台）→ 不触发探测闸门
[00:32:19.857] INF [device] 格式已应用 Back Camera 1920x1440 1-60fps 4:3 photoMax=1920x1440/4032x3024 fps=30
[00:32:19.859] INF [device] 格式已应用 Back Camera 1920x1440 1-60fps 4:3 photoMax=1920x1440/4032x3024 fps=30
[00:32:19.861] INF [device] 格式已应用 Back Camera 1920x1440 1-60fps 4:3 photoMax=1920x1440/4032x3024 fps=30
[00:32:19.863] INF [device] 格式已应用 Back Camera 1920x1440 1-60fps 4:3 photoMax=1920x1440/4032x3024 fps=30
[00:32:19.865] INF [device] 格式已应用 Back Camera 1920x1440 1-60fps binned 4:3 photoMax=1920x1440/2016x1512 fps=30
[00:32:19.867] INF [device] 格式已应用 Back Camera 1920x1440 1-60fps binned 4:3 photoMax=1920x1440/2016x1512 fps=30
[00:32:19.868] INF [device] 格式已应用 Back Camera 2592x1944 1-30fps 4:3 photoMax=2592x1944/4032x3024 fps=30
[00:32:19.869] INF [device] 格式已应用 Back Camera 2592x1944 1-30fps 4:3 photoMax=2592x1944/4032x3024 fps=30
[00:32:19.870] INF [device] 格式已应用 Back Camera 3264x2448 1-30fps 4:3 photoMax=3264x2448/4032x3024 fps=30
[00:32:19.871] INF [device] 格式已应用 Back Camera 3264x2448 1-30fps 4:3 photoMax=3264x2448/4032x3024 fps=30
[00:32:19.872] INF [device] 格式已应用 Back Camera 4032x3024 1-30fps 4:3 photoMax=4032x3024/8064x6048 fps=30
[00:32:19.872] INF [session] 冷探测：候选 41 个，applyFormat 12 次，耗时 0.80s（A/B：优先序已关）
[00:32:19.872] INF [session] 选用采集格式 4032x3024 1-30fps 4:3 photoMax=4032x3024/8064x6048，Live Photo 能力=true（候选共 41 个 · applyFormat 12 次，已缓存并落盘）
[00:32:19.872] INF [session] 搬运：EV 已重放（+0.0）
[00:32:19.873] INF [session] 搬运：对焦显式降级 → 连续自动（预检 ⑤）
[00:32:19.873] INF [session] 换设备后新设备档位复查：曝光=自动 / 白平衡=自动 / 对焦=自动（显式降级） / EV=+0.0
[00:32:19.873] DBG [session] 白平衡增益尚未就绪（冷启动）→ 色温先给兜底值，就绪后补发
[00:32:19.873] INF [session] 换设备完成（静默·无转场）→ 物理单摄（24 mm）；当前档位 24 mm；Live Photo 能力=true；耗时 1.30s
[00:32:19.873] INF [session] 静默换形态耗时 1.30s（命中格式缓存 ≈0.3~0.8s；每设备首次冷探测 4~5s）
[00:32:19.873] INF [resource] 模式 照片 · input 活 1（累计增/删 2/1） · output 活 1（累计增/删 1/0） · 内存 26.0MB
[00:32:19.884] DBG [ui] 静默换形态完成 → 由 form 边沿执行入口动作
[00:32:19.889] DBG [ui] 对焦圆盘展开（入口：图标行「对焦」）
[00:32:19.889] DBG [ui] toast: 手动对焦：拖动圆盘调焦（0.0 近 → ∞ 远） · 再点收起
[00:32:19.889] DBG [ui] 全手动档退出但参数界面开着 → 暂不回切（保预切换成果）
[00:32:25.339] INF [session] startRunning()
[00:32:25.644] DBG [ui] 会话就绪 · 焦段 24mm 已对齐（变焦 1.00×）
[00:32:27.634] INF [resource] 模式 照片 · input 活 1（累计增/删 2/1） · output 活 1（累计增/删 1/0） · 内存 27.0MB
[00:32:32.663] INF [resource] 模式 照片 · input 活 1（累计增/删 2/1） · output 活 1（累计增/删 1/0） · 内存 26.5MB
[00:32:37.635] INF [resource] 模式 照片 · input 活 1（累计增/删 2/1） · output 活 1（累计增/删 1/0） · 内存 26.5MB
[00:32:42.664] INF [resource] 模式 照片 · input 活 1（累计增/删 2/1） · output 活 1（累计增/删 1/0） · 内存 26.5MB
[00:32:47.634] INF [resource] 模式 照片 · input 活 1（累计增/删 2/1） · output 活 1（累计增/删 1/0） · 内存 26.5MB
[00:32:52.664] INF [resource] 模式 照片 · input 活 1（累计增/删 2/1） · output 活 1（累计增/删 1/0） · 内存 26.5MB
[00:32:57.635] INF [resource] 模式 照片 · input 活 1（累计增/删 2/1） · output 活 1（累计增/删 1/0） · 内存 26.5MB
[00:33:02.664] INF [resource] 模式 照片 · input 活 1（累计增/删 2/1） · output 活 1（累计增/删 1/0） · 内存 26.5MB
[00:33:07.635] INF [resource] 模式 照片 · input 活 1（累计增/删 2/1） · output 活 1（累计增/删 1/0） · 内存 26.5MB
[00:33:12.665] INF [resource] 模式 照片 · input 活 1（累计增/删 2/1） · output 活 1（累计增/删 1/0） · 内存 26.5MB
[00:33:17.634] INF [resource] 模式 照片 · input 活 1（累计增/删 2/1） · output 活 1（累计增/删 1/0） · 内存 26.5MB
[00:33:22.666] INF [resource] 模式 照片 · input 活 1（累计增/删 2/1） · output 活 1（累计增/删 1/0） · 内存 26.5MB
[00:33:27.635] INF [resource] 模式 照片 · input 活 1（累计增/删 2/1） · output 活 1（累计增/删 1/0） · 内存 26.5MB
[00:33:32.665] INF [resource] 模式 照片 · input 活 1（累计增/删 2/1） · output 活 1（累计增/删 1/0） · 内存 26.5MB
[00:33:37.634] INF [resource] 模式 照片 · input 活 1（累计增/删 2/1） · output 活 1（累计增/删 1/0） · 内存 26.5MB
[00:33:42.664] INF [resource] 模式 照片 · input 活 1（累计增/删 2/1） · output 活 1（累计增/删 1/0） · 内存 26.5MB
[00:33:47.635] INF [resource] 模式 照片 · input 活 1（累计增/删 2/1） · output 活 1（累计增/删 1/0） · 内存 26.5MB
[00:33:52.663] INF [resource] 模式 照片 · input 活 1（累计增/删 2/1） · output 活 1（累计增/删 1/0） · 内存 26.5MB
[00:33:57.635] INF [resource] 模式 照片 · input 活 1（累计增/删 2/1） · output 活 1（累计增/删 1/0） · 内存 26.5MB
[00:34:02.664] INF [resource] 模式 照片 · input 活 1（累计增/删 2/1） · output 活 1（累计增/删 1/0） · 内存 26.5MB
[00:34:07.634] INF [resource] 模式 照片 · input 活 1（累计增/删 2/1） · output 活 1（累计增/删 1/0） · 内存 26.5MB
[00:34:08.777] WRN [session] ⚠️ 直播会话被打断：后台不可用（良性 · 与设备抢占无关）（raw 1）
[00:34:08.777] INF [session] 打断原因属良性（进后台）→ 不触发探测闸门

============================================================
LumenEdit 日志启动 2026-09-22 10:53:03
device=iPhone17,1  system=26.6.0
============================================================
[10:53:04.452] INF [render] CIContext 初始化完成，后端=Apple A18 Pro GPU
[10:53:04.525] INF [app] AppEnvironment 初始化完成，hud=true grid=true tone=true
[10:53:04.630] INF [ui] 相机页已装配
[10:53:04.715] DBG [perm] 刷新权限 camera=已授权 mic=已授权 albumAdd=已授权 albumRead=未决定
[10:53:04.716] DBG [thumb] 无相册读取权限，跳过最新照片缩略图
[10:53:04.716] DBG [perm] 刷新权限 camera=已授权 mic=已授权 albumAdd=已授权 albumRead=未决定
[10:53:04.740] INF [device] 格式已应用 Back Triple Camera 4032x3024 1-30fps 4:3 photoMax=4032x3024/5712x4284 fps=30
[10:53:04.740] WRN [session] 【debug】注入打断通知：raw 3（第 1 次候选后 · 同步）
[10:53:04.740] WRN [session] ⚠️ 直播会话被打断：视频设备被另一个客户端占用（raw 3）
[10:53:04.741] INF [session] 冷探测：候选 31 个，applyFormat 1 次，耗时 0.00s（Live 优先序）
[10:53:04.741] INF [session] 选用采集格式 4032x3024 1-30fps 4:3 photoMax=4032x3024/5712x4284，Live Photo 能力=true（候选共 31 个 · applyFormat 1 次，已缓存并落盘）
[10:53:04.742] INF [photo] 照片编码格式：hvc1
[10:53:04.742] INF [session] 变焦拓扑：deviceType=AVCaptureDeviceTypeBuiltInTripleCamera · constituents=3 · 角色=[超广角,广角,长焦] · switchOver=[2.000, 10.000] · 原生阶梯=[1.000, 2.000, 10.000] · 档位=13→1.000 / 24→2.000 / 35→2.917 / 48→4.000 / 120→10.000 · 不可用=无 · zoomRange=[1.00, 189.00]
[10:53:04.742] INF [session] 手动参数能力：曝光(custom)=false / 白平衡(锁定增益)=false / 对焦(锁定位置)=false
[10:53:04.742] INF [session] 会话配置完成，Live Photo 支持=true
[10:53:04.742] INF [session] startRunning()
[10:53:04.753] INF [hardware] 相机控制按钮交互已挂载（无该按钮的设备上不会触发）
[10:53:04.757] DBG [session] 白平衡增益尚未就绪（冷启动）→ 色温先给兜底值，就绪后补发
[10:53:04.757] DBG [session] 白平衡增益尚未就绪（冷启动）→ 色温先给兜底值，就绪后补发
[10:53:06.439] DBG [preview] 预览层已绑定会话
[10:53:06.565] DBG [session] 白平衡增益已就绪（冷启动）→ 补发手动档状态
[10:53:06.589] INF [resource] 模式 照片 · input 活 1（累计增/删 1/0） · output 活 1（累计增/删 1/0） · 内存 25.9MB
[10:53:06.597] DBG [ui] 会话就绪 · 焦段 24mm 已对齐（变焦 2.00×）
[10:53:09.592] INF [resource] 模式 照片 · input 活 1（累计增/删 1/0） · output 活 1（累计增/删 1/0） · 内存 25.4MB
[10:53:14.619] INF [resource] 模式 照片 · input 活 1（累计增/删 1/0） · output 活 1（累计增/删 1/0） · 内存 25.1MB
[10:53:19.593] INF [resource] 模式 照片 · input 活 1（累计增/删 1/0） · output 活 1（累计增/删 1/0） · 内存 25.1MB
[10:53:24.618] INF [resource] 模式 照片 · input 活 1（累计增/删 1/0） · output 活 1（累计增/删 1/0） · 内存 25.1MB
[10:53:29.592] INF [resource] 模式 照片 · input 活 1（累计增/删 1/0） · output 活 1（累计增/删 1/0） · 内存 25.1MB

============================================================
LumenEdit 日志启动 2026-09-22 10:53:32
device=iPhone17,1  system=26.6.0
============================================================
[10:53:32.550] INF [render] CIContext 初始化完成，后端=Apple A18 Pro GPU
[10:53:32.587] INF [app] AppEnvironment 初始化完成，hud=true grid=true tone=true
[10:53:32.613] INF [ui] 相机页已装配
[10:53:32.630] DBG [perm] 刷新权限 camera=已授权 mic=已授权 albumAdd=已授权 albumRead=未决定
[10:53:32.630] DBG [thumb] 无相册读取权限，跳过最新照片缩略图
[10:53:32.630] DBG [perm] 刷新权限 camera=已授权 mic=已授权 albumAdd=已授权 albumRead=未决定
[10:53:32.635] INF [device] 格式已应用 Back Triple Camera 1920x1440 1-30fps 4:3 photoMax=1920x1440/4032x3024 fps=30
[10:53:32.636] WRN [session] 【debug】注入打断通知：raw 3（第 1 次候选后 · 同步）
[10:53:32.636] WRN [session] ⚠️ 直播会话被打断：视频设备被另一个客户端占用（raw 3）
[10:53:32.636] INF [session] 冷探测：候选 31 个，applyFormat 1 次，耗时 0.00s（A/B：优先序已关）
[10:53:32.636] WRN [session] ⚠️ 探测期间会话被打断 → 已在第 1 次候选处收手，采用兜底格式（不写缓存）
[10:53:32.636] INF [photo] 照片编码格式：hvc1
[10:53:32.636] INF [session] 变焦拓扑：deviceType=AVCaptureDeviceTypeBuiltInTripleCamera · constituents=3 · 角色=[超广角,广角,长焦] · switchOver=[2.000, 10.000] · 原生阶梯=[1.000, 2.000, 10.000] · 档位=13→1.000 / 24→2.000 / 35→2.917 / 48→4.000 / 120→10.000 · 不可用=无 · zoomRange=[1.00, 157.50]
[10:53:32.636] INF [session] 手动参数能力：曝光(custom)=false / 白平衡(锁定增益)=false / 对焦(锁定位置)=false
[10:53:32.636] INF [session] 会话配置完成，Live Photo 支持=false
[10:53:32.636] INF [session] startRunning()
[10:53:32.642] INF [hardware] 相机控制按钮交互已挂载（无该按钮的设备上不会触发）
[10:53:32.647] DBG [session] 白平衡增益尚未就绪（冷启动）→ 色温先给兜底值，就绪后补发
[10:53:33.173] DBG [preview] 预览层已绑定会话
[10:53:33.281] INF [resource] 模式 照片 · input 活 1（累计增/删 1/0） · output 活 1（累计增/删 1/0） · 内存 26.3MB
[10:53:33.289] DBG [ui] 会话就绪 · 焦段 24mm 已对齐（变焦 2.00×）
[10:53:36.287] INF [resource] 模式 照片 · input 活 1（累计增/删 1/0） · output 活 1（累计增/删 1/0） · 内存 27.3MB
[10:53:41.317] INF [resource] 模式 照片 · input 活 1（累计增/删 1/0） · output 活 1（累计增/删 1/0） · 内存 25.0MB
[10:53:46.286] INF [resource] 模式 照片 · input 活 1（累计增/删 1/0） · output 活 1（累计增/删 1/0） · 内存 25.0MB
[10:53:51.317] INF [resource] 模式 照片 · input 活 1（累计增/删 1/0） · output 活 1（累计增/删 1/0） · 内存 25.0MB
[10:53:56.286] INF [resource] 模式 照片 · input 活 1（累计增/删 1/0） · output 活 1（累计增/删 1/0） · 内存 25.0MB
[10:54:01.316] INF [resource] 模式 照片 · input 活 1（累计增/删 1/0） · output 活 1（累计增/删 1/0） · 内存 25.0MB
[10:54:06.286] INF [resource] 模式 照片 · input 活 1（累计增/删 1/0） · output 活 1（累计增/删 1/0） · 内存 25.0MB
[10:54:08.286] INF [session] stopRunning()
[10:54:08.437] WRN [session] ⚠️ 直播会话被打断：后台不可用（良性 · 与设备抢占无关）（raw 1）
[10:54:08.437] INF [session] 打断原因属良性（进后台）→ 不触发探测闸门
[10:54:19.776] INF [session] startRunning()
[10:54:20.138] DBG [ui] 会话就绪 · 焦段 24mm 已对齐（变焦 2.00×）
[10:54:20.138] INF [resource] 模式 照片 · input 活 1（累计增/删 1/0） · output 活 1（累计增/删 1/0） · 内存 25.5MB
[10:54:25.116] INF [resource] 模式 照片 · input 活 1（累计增/删 1/0） · output 活 1（累计增/删 1/0） · 内存 25.5MB
[10:54:30.171] INF [resource] 模式 照片 · input 活 1（累计增/删 1/0） · output 活 1（累计增/删 1/0） · 内存 25.5MB
[10:54:35.117] INF [resource] 模式 照片 · input 活 1（累计增/删 1/0） · output 活 1（累计增/删 1/0） · 内存 25.5MB
[10:54:40.143] INF [resource] 模式 照片 · input 活 1（累计增/删 1/0） · output 活 1（累计增/删 1/0） · 内存 25.5MB
[10:54:45.117] INF [resource] 模式 照片 · input 活 1（累计增/删 1/0） · output 活 1（累计增/删 1/0） · 内存 25.3MB
[10:54:50.146] INF [resource] 模式 照片 · input 活 1（累计增/删 1/0） · output 活 1（累计增/删 1/0） · 内存 25.3MB
[10:54:55.117] INF [resource] 模式 照片 · input 活 1（累计增/删 1/0） · output 活 1（累计增/删 1/0） · 内存 25.3MB
[10:55:00.146] INF [resource] 模式 照片 · input 活 1（累计增/删 1/0） · output 活 1（累计增/删 1/0） · 内存 25.3MB
[10:55:05.117] INF [resource] 模式 照片 · input 活 1（累计增/删 1/0） · output 活 1（累计增/删 1/0） · 内存 25.3MB
[10:55:10.145] INF [resource] 模式 照片 · input 活 1（累计增/删 1/0） · output 活 1（累计增/删 1/0） · 内存 25.3MB
[10:55:15.117] INF [resource] 模式 照片 · input 活 1（累计增/删 1/0） · output 活 1（累计增/删 1/0） · 内存 25.3MB
[10:55:15.835] INF [session] stopRunning()

============================================================
LumenEdit 日志启动 2026-09-22 12:33:48
device=iPhone17,1  system=26.6.0
============================================================
[12:33:49.133] INF [render] CIContext 初始化完成，后端=Apple A18 Pro GPU
[12:33:49.186] INF [app] AppEnvironment 初始化完成，hud=true grid=true tone=true
[12:33:49.269] INF [ui] 相机页已装配
[12:33:49.331] DBG [perm] 刷新权限 camera=已授权 mic=已授权 albumAdd=已授权 albumRead=未决定
[12:33:49.331] DBG [thumb] 无相册读取权限，跳过最新照片缩略图
[12:33:49.331] DBG [perm] 刷新权限 camera=已授权 mic=已授权 albumAdd=已授权 albumRead=未决定
[12:33:49.353] INF [device] 格式已应用 Back Triple Camera 4032x3024 1-30fps 4:3 photoMax=4032x3024/5712x4284 fps=30
[12:33:49.353] INF [session] 采集格式命中**缓存**（跳过探测循环）：4032x3024 1-30fps 4:3 photoMax=4032x3024/5712x4284
[12:33:49.354] INF [photo] 照片编码格式：hvc1
[12:33:49.354] INF [session] 变焦拓扑：deviceType=AVCaptureDeviceTypeBuiltInTripleCamera · constituents=3 · 角色=[超广角,广角,长焦] · switchOver=[2.000, 10.000] · 原生阶梯=[1.000, 2.000, 10.000] · 档位=13→1.000 / 24→2.000 / 35→2.917 / 48→4.000 / 120→10.000 · 不可用=无 · zoomRange=[1.00, 189.00]
[12:33:49.354] INF [session] 手动参数能力：曝光(custom)=false / 白平衡(锁定增益)=false / 对焦(锁定位置)=false
[12:33:49.354] INF [session] 会话配置完成，Live Photo 支持=true
[12:33:49.354] INF [session] startRunning()
[12:33:49.368] INF [hardware] 相机控制按钮交互已挂载（无该按钮的设备上不会触发）
[12:33:49.370] DBG [session] 白平衡增益尚未就绪（冷启动）→ 色温先给兜底值，就绪后补发
[12:33:49.370] DBG [session] 白平衡增益尚未就绪（冷启动）→ 色温先给兜底值，就绪后补发
[12:33:51.000] DBG [preview] 预览层已绑定会话
[12:33:51.149] DBG [session] 白平衡增益已就绪（冷启动）→ 补发手动档状态
[12:33:51.172] INF [resource] 模式 照片 · input 活 1（累计增/删 1/0） · output 活 1（累计增/删 1/0） · 内存 25.5MB
[12:33:51.181] DBG [ui] 会话就绪 · 焦段 24mm 已对齐（变焦 2.00×）
[12:33:53.850] DBG [preview] 点按对焦 view=(55,750) device=(0.96,0.75)
[12:33:53.852] DBG [device] 对焦点 → (0.96, 0.75)
[12:33:53.853] INF [session] 点按对焦后档位：曝光=自动 / 白平衡=自动 / 意图=曝光自动·白平衡自动
[12:33:53.862] INF [resource] 模式 照片 · input 活 1（累计增/删 1/0） · output 活 1（累计增/删 1/0） · 内存 25.6MB
[12:33:58.204] INF [resource] 模式 照片 · input 活 1（累计增/删 1/0） · output 活 1（累计增/删 1/0） · 内存 25.4MB
[12:33:58.207] INF [ui] 点「对焦」→ 虚拟会话 → 预切换物理（无转场；1.2s 未完成退转场）
[12:33:58.207] DBG [ui] toast: 正在切换到 24 mm 物理镜头 · 完成后打开对焦圆盘
[12:33:58.214] INF [ui] 入口动作已排队：先静默挂物理设备，挂好后自动执行
[12:33:58.214] INF [session] 静默换形态（后台挂设备 · 无转场）→ 物理单摄（24 mm）
[12:33:59.157] INF [device] 格式已应用 Back Camera 4032x3024 1-30fps 4:3 photoMax=4032x3024/8064x6048 fps=30
[12:33:59.157] INF [session] 冷探测：候选 41 个，applyFormat 1 次，耗时 0.39s（Live 优先序）
[12:33:59.158] INF [session] 选用采集格式 4032x3024 1-30fps 4:3 photoMax=4032x3024/8064x6048，Live Photo 能力=true（候选共 41 个 · applyFormat 1 次，已缓存并落盘）
[12:33:59.158] INF [session] 搬运：EV 已重放（+0.0）
[12:33:59.158] INF [session] 搬运：对焦显式降级 → 连续自动（预检 ⑤）
[12:33:59.159] INF [session] 换设备后新设备档位复查：曝光=自动 / 白平衡=自动 / 对焦=自动（显式降级） / EV=+0.0
[12:33:59.159] INF [session] 换设备完成（静默·无转场）→ 物理单摄（24 mm）；当前档位 24 mm；Live Photo 能力=true；耗时 0.95s
[12:33:59.159] INF [session] 静默换形态耗时 0.95s（命中格式缓存 ≈0.3~0.8s；每设备首次冷探测 4~5s）
[12:33:59.175] DBG [ui] 静默换形态完成 → 由 form 边沿执行入口动作
[12:33:59.175] DBG [ui] 对焦圆盘展开（入口：图标行「对焦」）
[12:33:59.175] DBG [ui] toast: 手动对焦：拖动圆盘调焦（0.0 近 → ∞ 远） · 再点收起
[12:33:59.175] DBG [ui] 全手动档退出但参数界面开着 → 暂不回切（保预切换成果）
[12:34:00.403] DBG [preview] 点按对焦 view=(81,391) device=(0.50,0.70)
[12:34:00.403] DBG [ui] 对焦圆盘收起（点别处）
[12:34:00.406] DBG [device] 对焦点 → (0.50, 0.70)
[12:34:00.407] INF [session] 点按对焦后档位：曝光=自动 / 白平衡=自动 / 意图=曝光自动·白平衡自动
[12:34:01.374] DBG [ui] 全手动档退出但参数界面开着 → 暂不回切（保预切换成果）
[12:34:01.374] DBG [ui] 刻度条展开（白平衡）
[12:34:01.374] DBG [ui] toast: 白平衡：自动（点右侧开关切手动）
[12:34:02.079] DBG [ui] 刻度条收起（白平衡）
[12:34:02.079] DBG [ui] toast: 白平衡 刻度条已收起
[12:34:02.174] INF [resource] 模式 照片 · input 活 1（累计增/删 2/1） · output 活 1（累计增/删 1/0） · 内存 34.0MB
[12:34:03.489] INF [session] 换设备开始（模糊淡入中）→ 物理单摄（120 mm）
[12:34:04.118] INF [ui] 全手动档退出 2s → 切回虚拟多摄（B1 平滑变焦恢复 · **静默无转场**）
[12:34:04.558] INF [device] 格式已应用 Back Telephoto Camera 4032x3024 1-30fps 4:3 photoMax=4032x3024 fps=30
[12:34:04.558] INF [session] 冷探测：候选 35 个，applyFormat 1 次，耗时 0.51s（Live 优先序）
[12:34:04.559] INF [session] 选用采集格式 4032x3024 1-30fps 4:3 photoMax=4032x3024，Live Photo 能力=true（候选共 35 个 · applyFormat 1 次，已缓存并落盘）
[12:34:04.559] INF [session] 搬运：EV 已重放（+0.0）
[12:34:04.559] INF [session] 搬运：对焦显式降级 → 连续自动（预检 ⑤）
[12:34:04.559] INF [session] 换设备后新设备档位复查：曝光=自动 / 白平衡=自动 / 对焦=自动（显式降级） / EV=+0.0
[12:34:04.560] INF [session] 换设备完成（转场）→ 物理单摄（120 mm）；当前档位 120 mm；Live Photo 能力=true；耗时 0.92s
[12:34:04.560] INF [session] 静默换形态跳过：真转场进行中（让路）
[12:34:05.638] INF [session] 换设备开始（模糊淡入中）→ 物理单摄（24 mm）
[12:34:06.190] INF [device] 格式已应用 Back Camera 4032x3024 1-30fps 4:3 photoMax=4032x3024/8064x6048 fps=30
[12:34:06.190] INF [session] 采集格式命中**缓存**（跳过探测循环）：4032x3024 1-30fps 4:3 photoMax=4032x3024/8064x6048
[12:34:06.190] INF [session] 搬运：EV 已重放（+0.0）
[12:34:06.190] INF [session] 搬运：对焦显式降级 → 连续自动（预检 ⑤）
[12:34:06.190] INF [session] 换设备后新设备档位复查：曝光=自动 / 白平衡=自动 / 对焦=自动（显式降级） / EV=+0.0
[12:34:06.191] INF [session] 换设备完成（转场）→ 物理单摄（24 mm）；当前档位 24 mm；Live Photo 能力=true；耗时 0.40s
[12:34:07.204] INF [resource] 模式 照片 · input 活 1（累计增/删 4/3） · output 活 1（累计增/删 1/0） · 内存 28.9MB
[12:34:12.175] INF [resource] 模式 照片 · input 活 1（累计增/删 4/3） · output 活 1（累计增/删 1/0） · 内存 28.7MB
[12:34:17.205] INF [resource] 模式 照片 · input 活 1（累计增/删 4/3） · output 活 1（累计增/删 1/0） · 内存 28.6MB
[12:34:22.175] INF [resource] 模式 照片 · input 活 1（累计增/删 4/3） · output 活 1（累计增/删 1/0） · 内存 28.6MB
[12:34:27.206] INF [resource] 模式 照片 · input 活 1（累计增/删 4/3） · output 活 1（累计增/删 1/0） · 内存 28.6MB
[12:34:32.176] INF [resource] 模式 照片 · input 活 1（累计增/删 4/3） · output 活 1（累计增/删 1/0） · 内存 28.6MB
[12:34:37.205] INF [resource] 模式 照片 · input 活 1（累计增/删 4/3） · output 活 1（累计增/删 1/0） · 内存 28.6MB
[12:34:39.793] DBG [ui] 全手动档退出但参数界面开着 → 暂不回切（保预切换成果）
[12:34:39.793] DBG [ui] 刻度条展开（ISO）
[12:34:39.793] DBG [ui] toast: ISO：自动（点右侧开关切手动）
[12:34:42.175] INF [resource] 模式 照片 · input 活 1（累计增/删 4/3） · output 活 1（累计增/删 1/0） · 内存 29.2MB
[12:34:46.302] DBG [ui] 切手动曝光档：初值 ISO 238 / 1/60s（设备当前值）
[12:34:46.302] DBG [ui] toast: ISO 已切手动（初值取当前画面值）· 左右滑动刻度调节
[12:34:46.303] INF [device] 手动曝光档：ISO 238 快门 1/60s
[12:34:46.342] INF [resource] 模式 照片 · input 活 1（累计增/删 4/3） · output 活 1（累计增/删 1/0） · 内存 29.2MB
[12:34:50.922] INF [device] 手动曝光档：ISO 640 快门 1/60s
[12:34:50.933] INF [resource] 模式 照片 · input 活 1（累计增/删 4/3） · output 活 1（累计增/删 1/0） · 内存 29.2MB
[12:34:51.137] INF [device] 手动曝光档：ISO 500 快门 1/60s
[12:34:51.855] INF [device] 手动曝光档：ISO 640 快门 1/60s
[12:34:52.421] INF [device] 手动曝光档：ISO 800 快门 1/60s
[12:34:52.450] INF [resource] 模式 照片 · input 活 1（累计增/删 4/3） · output 活 1（累计增/删 1/0） · 内存 29.2MB
[12:34:53.922] INF [device] 手动曝光档：ISO 1000 快门 1/60s
[12:34:54.387] DBG [ui] 刻度条 ISO 松手吸附到 1000
[12:34:54.389] INF [device] 手动曝光档：ISO 1000 快门 1/60s
[12:34:55.176] INF [resource] 模式 照片 · input 活 1（累计增/删 4/3） · output 活 1（累计增/删 1/0） · 内存 29.2MB
[12:34:57.955] DBG [ui] 刻度条展开（快门）
[12:34:57.955] DBG [ui] toast: 快门：手动 1/60s（左右滑动刻度）
[12:34:59.956] INF [device] 手动曝光档：ISO 1000 快门 1/80s
[12:34:59.982] INF [resource] 模式 照片 · input 活 1（累计增/删 4/3） · output 活 1（累计增/删 1/0） · 内存 30.6MB
[12:35:00.472] INF [device] 手动曝光档：ISO 1000 快门 1/96s
[12:35:00.805] DBG [ui] 刻度条 快门 松手吸附到 1/96
[12:35:00.806] INF [device] 手动曝光档：ISO 1000 快门 1/96s
[12:35:01.821] DBG [ui] toast: ISO 与快门已切回自动（两者共用一个开关）
[12:35:01.825] INF [device] 曝光已回到自动档
[12:35:01.842] DBG [ui] 全手动档退出但参数界面开着 → 暂不回切（保预切换成果）
[12:35:01.842] INF [resource] 模式 照片 · input 活 1（累计增/删 4/3） · output 活 1（累计增/删 1/0） · 内存 29.9MB
[12:35:02.456] DBG [ui] 全手动档退出但参数界面开着 → 暂不回切（保预切换成果）
[12:35:02.456] DBG [ui] 刻度条展开（ISO）
[12:35:02.456] DBG [ui] toast: ISO：自动（点右侧开关切手动）
[12:35:06.206] INF [resource] 模式 照片 · input 活 1（累计增/删 4/3） · output 活 1（累计增/删 1/0） · 内存 29.7MB
[12:35:09.269] DBG [ui] 全手动档退出但参数界面开着 → 暂不回切（保预切换成果）
[12:35:09.269] DBG [ui] 刻度条展开（快门）
[12:35:09.269] DBG [ui] toast: 快门：自动（点右侧开关切手动）
[12:35:11.175] INF [resource] 模式 照片 · input 活 1（累计增/删 4/3） · output 活 1（累计增/删 1/0） · 内存 30.0MB
[12:35:15.410] INF [session] stopRunning()
[12:35:15.561] INF [resource] 模式 照片 · input 活 1（累计增/删 4/3） · output 活 1（累计增/删 1/0） · 内存 29.8MB
[12:35:35.928] INF [session] startRunning()
[12:35:36.301] DBG [ui] 会话就绪 · 焦段 24mm 已对齐（变焦 1.00×）
[12:35:39.303] INF [resource] 模式 照片 · input 活 1（累计增/删 4/3） · output 活 1（累计增/删 1/0） · 内存 31.6MB
[12:35:44.333] INF [resource] 模式 照片 · input 活 1（累计增/删 4/3） · output 活 1（累计增/删 1/0） · 内存 31.3MB
[12:35:45.877] DBG [ui] 全手动档退出但参数界面开着 → 暂不回切（保预切换成果）
[12:35:45.877] DBG [ui] 刻度条展开（ISO）
[12:35:45.877] DBG [ui] toast: ISO：自动（点右侧开关切手动）
[12:35:46.721] DBG [ui] 切手动曝光档：初值 ISO 378 / 1/50s（设备当前值）
[12:35:46.721] DBG [ui] toast: ISO 已切手动（初值取当前画面值）· 左右滑动刻度调节
[12:35:46.722] INF [device] 手动曝光档：ISO 378 快门 1/50s
[12:35:47.241] DBG [ui] 刻度条展开（快门）
[12:35:47.241] DBG [ui] toast: 快门：手动 1/50s（左右滑动刻度）
[12:35:47.936] INF [device] 手动曝光档：ISO 523 快门 1/60s
[12:35:47.945] INF [resource] 模式 照片 · input 活 1（累计增/删 4/3） · output 活 1（累计增/删 1/0） · 内存 33.5MB
[12:35:47.983] INF [device] 手动曝光档：ISO 523 快门 1/80s
[12:35:48.033] INF [device] 手动曝光档：ISO 523 快门 1/96s
[12:35:48.350] INF [device] 手动曝光档：ISO 523 快门 1/100s
[12:35:48.467] INF [device] 手动曝光档：ISO 523 快门 1/120s
[12:35:48.495] INF [resource] 模式 照片 · input 活 1（累计增/删 4/3） · output 活 1（累计增/删 1/0） · 内存 33.2MB
[12:35:48.717] DBG [ui] 刻度条 快门 松手吸附到 1/120
[12:35:48.718] INF [device] 手动曝光档：ISO 523 快门 1/120s
[12:35:52.303] INF [resource] 模式 照片 · input 活 1（累计增/删 4/3） · output 活 1（累计增/删 1/0） · 内存 31.7MB
[12:35:52.801] INF [session] stopRunning()
[12:35:52.828] INF [session] stopRunning()

============================================================
LumenEdit 日志启动 2026-09-22 12:35:54
device=iPhone17,1  system=26.6.0
============================================================
[12:35:54.391] INF [render] CIContext 初始化完成，后端=Apple A18 Pro GPU
[12:35:54.426] INF [app] AppEnvironment 初始化完成，hud=true grid=true tone=true
[12:35:54.456] INF [ui] 相机页已装配
[12:35:54.481] DBG [perm] 刷新权限 camera=已授权 mic=已授权 albumAdd=已授权 albumRead=未决定
[12:35:54.481] DBG [thumb] 无相册读取权限，跳过最新照片缩略图
[12:35:54.481] DBG [perm] 刷新权限 camera=已授权 mic=已授权 albumAdd=已授权 albumRead=未决定
[12:35:54.488] INF [device] 格式已应用 Back Triple Camera 4032x3024 1-30fps 4:3 photoMax=4032x3024/5712x4284 fps=30
[12:35:54.488] INF [session] 采集格式命中**缓存**（跳过探测循环）：4032x3024 1-30fps 4:3 photoMax=4032x3024/5712x4284
[12:35:54.489] INF [photo] 照片编码格式：hvc1
[12:35:54.489] INF [session] 变焦拓扑：deviceType=AVCaptureDeviceTypeBuiltInTripleCamera · constituents=3 · 角色=[超广角,广角,长焦] · switchOver=[2.000, 10.000] · 原生阶梯=[1.000, 2.000, 10.000] · 档位=13→1.000 / 24→2.000 / 35→2.917 / 48→4.000 / 120→10.000 · 不可用=无 · zoomRange=[1.00, 189.00]
[12:35:54.489] INF [session] 手动参数能力：曝光(custom)=false / 白平衡(锁定增益)=false / 对焦(锁定位置)=false
[12:35:54.489] INF [session] 会话配置完成，Live Photo 支持=true
[12:35:54.489] INF [session] startRunning()
[12:35:54.493] INF [hardware] 相机控制按钮交互已挂载（无该按钮的设备上不会触发）
[12:35:54.501] DBG [session] 白平衡增益尚未就绪（冷启动）→ 色温先给兜底值，就绪后补发
[12:35:55.661] DBG [preview] 预览层已绑定会话
[12:35:55.731] INF [resource] 模式 照片 · input 活 1（累计增/删 1/0） · output 活 1（累计增/删 1/0） · 内存 26.1MB
[12:35:55.743] DBG [ui] 会话就绪 · 焦段 24mm 已对齐（变焦 2.00×）
[12:35:58.738] INF [resource] 模式 照片 · input 活 1（累计增/删 1/0） · output 活 1（累计增/删 1/0） · 内存 27.0MB
[12:35:59.926] DBG [ui] 刻度条展开 → 后台预切换物理设备（为手动档铺路 · 无转场）
[12:35:59.926] DBG [ui] 刻度条展开（ISO）
[12:35:59.926] DBG [ui] toast: ISO：自动（点右侧开关切手动）
[12:35:59.927] INF [session] 静默换形态（后台挂设备 · 无转场）→ 物理单摄（24 mm）
[12:36:00.891] INF [device] 格式已应用 Back Camera 4032x3024 1-30fps 4:3 photoMax=4032x3024/8064x6048 fps=30
[12:36:00.891] INF [session] 采集格式命中**缓存**（跳过探测循环）：4032x3024 1-30fps 4:3 photoMax=4032x3024/8064x6048
[12:36:00.891] INF [session] 搬运：EV 已重放（+0.0）
[12:36:00.892] INF [session] 搬运：对焦显式降级 → 连续自动（预检 ⑤）
[12:36:00.892] INF [session] 换设备后新设备档位复查：曝光=自动 / 白平衡=自动 / 对焦=自动（显式降级） / EV=+0.0
[12:36:00.893] INF [session] 换设备完成（静默·无转场）→ 物理单摄（24 mm）；当前档位 24 mm；Live Photo 能力=true；耗时 0.97s
[12:36:00.893] INF [session] 静默换形态耗时 0.97s（命中格式缓存 ≈0.3~0.8s；每设备首次冷探测 4~5s）
[12:36:03.767] INF [resource] 模式 照片 · input 活 1（累计增/删 2/1） · output 活 1（累计增/删 1/0） · 内存 28.1MB
[12:36:06.833] DBG [ui] 切手动曝光档：初值 ISO 391 / 1/50s（设备当前值）
[12:36:06.833] DBG [ui] toast: ISO 已切手动（初值取当前画面值）· 左右滑动刻度调节
[12:36:06.834] INF [device] 手动曝光档：ISO 391 快门 1/50s
[12:36:07.168] INF [device] 手动曝光档：ISO 1000 快门 1/50s
[12:36:07.174] INF [resource] 模式 照片 · input 活 1（累计增/删 2/1） · output 活 1（累计增/删 1/0） · 内存 28.5MB
[12:36:07.218] INF [device] 手动曝光档：ISO 1200 快门 1/50s
[12:36:07.252] INF [device] 手动曝光档：ISO 1600 快门 1/50s
[12:36:07.318] DBG [ui] 刻度条 ISO 松手吸附到 1600
[12:36:07.319] INF [device] 手动曝光档：ISO 1600 快门 1/50s
[12:36:08.179] DBG [ui] 刻度条草稿 0.8s 未与硬件回读对齐 → 强制交回硬件真值（写值可能被 clamp 过）
[12:36:08.768] INF [resource] 模式 照片 · input 活 1（累计增/删 2/1） · output 活 1（累计增/删 1/0） · 内存 28.1MB
[12:36:09.553] DBG [ui] 刻度条展开（快门）
[12:36:09.553] DBG [ui] toast: 快门：手动 1/50s（左右滑动刻度）
[12:36:10.235] INF [device] 手动曝光档：ISO 1000 快门 1/60s
[12:36:10.334] INF [device] 手动曝光档：ISO 1000 快门 1/80s
[12:36:10.434] DBG [ui] 刻度条 快门 松手吸附到 1/80
[12:36:10.435] INF [device] 手动曝光档：ISO 1000 快门 1/80s
[12:36:10.739] INF [resource] 模式 照片 · input 活 1（累计增/删 2/1） · output 活 1（累计增/删 1/0） · 内存 30.1MB
[12:36:11.247] DBG [ui] 刻度条草稿 0.8s 未与硬件回读对齐 → 强制交回硬件真值（写值可能被 clamp 过）
[12:36:12.167] DBG [preview] 点按对焦 view=(236,254) device=(0.33,0.44)
[12:36:12.168] DBG [ui] 刻度条收起（点别处）
[12:36:12.172] DBG [device] 对焦点 → (0.33, 0.44)
[12:36:12.172] INF [device] 手动曝光档：ISO 1000 快门 1/80s
[12:36:12.172] INF [session] 点按对焦后按意图重放手动曝光（ISO 1000 / 1/80s）
[12:36:12.173] INF [session] 点按对焦后档位：曝光=手动 / 白平衡=自动 / 意图=曝光手动·白平衡自动
[12:36:14.767] INF [resource] 模式 照片 · input 活 1（累计增/删 2/1） · output 活 1（累计增/删 1/0） · 内存 28.2MB
[12:36:19.739] INF [resource] 模式 照片 · input 活 1（累计增/删 2/1） · output 活 1（累计增/删 1/0） · 内存 28.1MB
[12:36:23.463] DBG [ui] 物理会话同镜头变焦 → 48 mm（zoom 2.00×）
[12:36:23.463] DBG [ui] toast: 焦段 48 mm · 变焦 2.00×
[12:36:24.446] DBG [ui] 物理会话同镜头变焦 → 24 mm（zoom 1.00×）
[12:36:24.446] DBG [ui] toast: 焦段 24 mm · 变焦 1.00×
[12:36:24.766] INF [resource] 模式 照片 · input 活 1（累计增/删 2/1） · output 活 1（累计增/删 1/0） · 内存 28.6MB
[12:36:26.395] INF [session] 切换模式 照片 → 实况
[12:36:26.459] INF [session] 已加入麦克风输入
[12:36:26.513] INF [audio] 音频会话已激活（active=true category=AVAudioSessionCategoryPlayAndRecord mode=AVAudioSessionModeVideoRecording 48000Hz ch=1）
[12:36:26.515] INF [photo] Live Photo 采集 已开启
[12:36:26.940] INF [session] 切模式 commit 后瞬间档位：曝光=手动 / 白平衡=自动 / 快照=曝光手动·白平衡自动
[12:36:26.941] INF [photo] 照片编码格式：hvc1
[12:36:26.941] INF [device] 手动曝光档：ISO 1000 快门 1/80s
[12:36:26.941] INF [session] 切模式：手动曝光已按快照重放（ISO 1000）
[12:36:26.941] INF [session] 切模式后档位复查（实况）：曝光=手动 / 白平衡=自动 / 对焦意图=自动 / EV=+0.0
[12:36:26.941] INF [session] 切模式耗时 0.55s（实况；含 outputs 重配与参数重放）
[12:36:27.996] DBG [ui] 刻度条展开（ISO）
[12:36:27.996] DBG [ui] toast: ISO：手动 210（左右滑动刻度）
[12:36:28.740] INF [resource] 模式 实况 · input 活 2（累计增/删 3/1） · output 活 1（累计增/删 2/1） · 内存 29.4MB
[12:36:29.422] DBG [ui] 刻度条展开（快门）
[12:36:29.422] DBG [ui] toast: 快门：手动 1/50s（左右滑动刻度）
[12:36:30.305] DBG [preview] 点按对焦 view=(304,372) device=(0.48,0.32)
[12:36:30.305] DBG [ui] 刻度条收起（点别处）
[12:36:30.309] DBG [device] 对焦点 → (0.48, 0.32)
[12:36:30.309] INF [device] 手动曝光档：ISO 1000 快门 1/80s
[12:36:30.309] INF [session] 点按对焦后按意图重放手动曝光（ISO 1000 / 1/80s）
[12:36:30.311] INF [session] 点按对焦后档位：曝光=手动 / 白平衡=自动 / 意图=曝光手动·白平衡自动
[12:36:32.098] INF [session] 换设备开始（模糊淡入中）→ 物理单摄（120 mm）
[12:36:33.178] INF [device] 格式已应用 Back Telephoto Camera 4032x3024 1-30fps 4:3 photoMax=4032x3024 fps=30
[12:36:33.178] INF [session] 冷探测：候选 35 个，applyFormat 1 次，耗时 0.52s（Live 优先序）
[12:36:33.179] INF [session] 选用采集格式 4032x3024 1-30fps 4:3 photoMax=4032x3024，Live Photo 能力=true（候选共 35 个 · applyFormat 1 次，已缓存并落盘）
[12:36:33.179] INF [device] 手动曝光档：ISO 1000 快门 1/80s
[12:36:33.179] INF [session] 搬运：手动曝光已重放（ISO 1000）
[12:36:33.179] INF [session] 搬运：手动曝光档激活 → 跳过 EV 重放（值保留 +0.0，回自动档生效）
[12:36:33.179] INF [session] 搬运：对焦显式降级 → 连续自动（预检 ⑤）
[12:36:33.179] INF [session] 换设备后新设备档位复查：曝光=手动 / 白平衡=自动 / 对焦=自动（显式降级） / EV=+0.0
[12:36:33.180] INF [session] 换设备完成（转场）→ 物理单摄（120 mm）；当前档位 120 mm；Live Photo 能力=true；耗时 0.93s
[12:36:33.180] INF [resource] 模式 实况 · input 活 2（累计增/删 4/2） · output 活 1（累计增/删 2/1） · 内存 29.0MB
[12:36:33.798] DBG [ui] 刻度条展开（ISO）
[12:36:33.798] DBG [ui] toast: ISO：手动 298（左右滑动刻度）
[12:36:34.824] DBG [ui] 刻度条展开（白平衡）
[12:36:34.824] DBG [ui] toast: 白平衡：自动（点右侧开关切手动）
[12:36:35.955] DBG [ui] 刻度条展开（快门）
[12:36:35.955] DBG [ui] toast: 快门：手动 1/33s（左右滑动刻度）
[12:36:36.761] DBG [ui] 刻度条展开（ISO）
[12:36:36.761] DBG [ui] toast: ISO：手动 298（左右滑动刻度）
[12:36:37.740] INF [resource] 模式 实况 · input 活 2（累计增/删 4/2） · output 活 1（累计增/删 2/1） · 内存 31.3MB
[12:36:37.771] DBG [preview] 点按对焦 view=(343,408) device=(0.53,0.26)
[12:36:37.771] DBG [ui] 刻度条收起（点别处）
[12:36:37.774] DBG [device] 对焦点 → (0.53, 0.26)
[12:36:37.775] INF [device] 手动曝光档：ISO 999 快门 1/80s
[12:36:37.775] INF [session] 点按对焦后按意图重放手动曝光（ISO 999 / 1/80s）
[12:36:37.775] INF [session] 点按对焦后档位：曝光=手动 / 白平衡=自动 / 意图=曝光手动·白平衡自动
[12:36:40.116] INF [session] 换设备开始（模糊淡入中）→ 物理单摄（24 mm）
[12:36:40.659] INF [session] 冷探测：设备已停在首试目标 → **0 次 applyFormat**（耗时 0.00s）｜4032x3024 1-30fps 4:3 photoMax=4032x3024/8064x6048
[12:36:40.760] INF [device] 曝光已回到自动档
[12:36:40.760] WRN [session] 新设备带上一轮手动档残留（曝光=手动 / 白平衡=自动）→ 已归一到自动档，再按快照重放
[12:36:40.760] INF [device] 手动曝光档：ISO 998 快门 1/80s
[12:36:40.760] INF [session] 搬运：手动曝光已重放（ISO 998）
[12:36:40.760] INF [session] 搬运：手动曝光档激活 → 跳过 EV 重放（值保留 +0.0，回自动档生效）
[12:36:40.761] INF [session] 搬运：对焦显式降级 → 连续自动（预检 ⑤）
[12:36:40.761] INF [session] 换设备后新设备档位复查：曝光=手动 / 白平衡=自动 / 对焦=自动（显式降级） / EV=+0.0
[12:36:40.763] INF [session] 换设备完成（转场）→ 物理单摄（24 mm）；当前档位 24 mm；Live Photo 能力=true；耗时 0.50s
[12:36:41.767] INF [resource] 模式 实况 · input 活 2（累计增/删 5/3） · output 活 1（累计增/删 2/1） · 内存 29.6MB
[12:36:46.739] INF [resource] 模式 实况 · input 活 2（累计增/删 5/3） · output 活 1（累计增/删 2/1） · 内存 29.1MB
[12:36:50.867] DBG [ui] 对焦圆盘展开（入口：图标行「对焦」）
[12:36:50.867] DBG [ui] toast: 手动对焦：拖动圆盘调焦（0.0 近 → ∞ 远） · 再点收起
[12:36:51.767] INF [resource] 模式 实况 · input 活 2（累计增/删 5/3） · output 活 1（累计增/删 2/1） · 内存 29.5MB
[12:36:51.767] DBG [ui] 自动对焦已关 → 手动（当前值 0.13 锁定）
[12:36:51.767] DBG [ui] toast: 自动对焦已关：现在可以拖动圆盘手动调焦
[12:36:52.457] DBG [preview] 点按对焦 view=(284,499) device=(0.64,0.36)
[12:36:52.457] DBG [ui] 对焦圆盘收起（点别处）
[12:36:52.457] DBG [ui] 手动对焦锁定中 + 对焦盘开着 → 点按仅测光（不解除手动档，防误触）
[12:36:52.458] DBG [device] 点按测光（对焦已锁定，不动焦）→ (0.64, 0.36)
[12:36:53.826] DBG [ui] 手动曝光档下点「曝光补偿」→ 已拦下并说明 EV 不生效
[12:36:53.826] DBG [ui] toast: 手动 ISO / 快门 档下 EV 不生效 —— 先点刻度条右端开关切回自动
[12:36:54.739] INF [resource] 模式 实况 · input 活 2（累计增/删 5/3） · output 活 1（累计增/删 2/1） · 内存 30.3MB
[12:36:56.171] DBG [ui] 手动曝光档下点「曝光补偿」→ 已拦下并说明 EV 不生效
[12:36:56.171] DBG [ui] toast: 手动 ISO / 快门 档下 EV 不生效 —— 先点刻度条右端开关切回自动
[12:36:59.764] INF [resource] 模式 实况 · input 活 2（累计增/删 5/3） · output 活 1（累计增/删 2/1） · 内存 29.6MB
[12:36:59.774] INF [session] 切换模式 实况 → 视频
[12:37:00.062] INF [session] 切模式 commit 后瞬间档位：曝光=手动 / 白平衡=自动 / 快照=曝光手动·白平衡自动
[12:37:00.062] DBG [photo] 视频：录制链路不挂照片输出，跳过照片模板准备
[12:37:00.063] INF [device] 手动曝光档：ISO 997 快门 1/80s
[12:37:00.063] INF [session] 切模式：手动曝光已按快照重放（ISO 997）
[12:37:00.063] INF [session] 切模式后档位复查（视频）：曝光=手动 / 白平衡=自动 / 对焦意图=手动 / EV=+0.0
[12:37:00.063] INF [session] 切模式耗时 0.29s（视频；含 outputs 重配与参数重放）
[12:37:00.880] DBG [ui] 对焦圆盘展开（入口：图标行「对焦」）
[12:37:00.880] DBG [ui] toast: 手动对焦：拖动圆盘调焦（0.0 近 → ∞ 远） · 再点收起
[12:37:02.031] DBG [preview] 点按对焦 view=(291,507) device=(0.65,0.35)
[12:37:02.032] DBG [ui] 对焦圆盘收起（点别处）
[12:37:02.032] DBG [ui] 手动对焦锁定中 + 对焦盘开着 → 点按仅测光（不解除手动档，防误触）
[12:37:02.033] DBG [device] 点按测光（对焦已锁定，不动焦）→ (0.65, 0.35)
[12:37:02.739] INF [resource] 模式 视频 · input 活 2（累计增/删 5/3） · output 活 1（累计增/删 3/2） · 内存 29.9MB
[12:37:02.980] DBG [ui] 刻度条展开（ISO）
[12:37:02.980] DBG [ui] toast: ISO：手动 997（左右滑动刻度）
[12:37:03.797] DBG [ui] 刻度条展开（快门）
[12:37:03.797] DBG [ui] toast: 快门：手动 1/80s（左右滑动刻度）
[12:37:04.466] DBG [preview] 点按对焦 view=(323,403) device=(0.52,0.29)
[12:37:04.466] DBG [ui] 刻度条收起（点别处）
[12:37:04.466] INF [ui] 手动对焦锁定中 → 点按取景器：解除手动档并重新对焦（方案 A）
[12:37:04.466] DBG [ui] toast: 已解除手动对焦 · 正在重新对焦
[12:37:04.470] DBG [device] 对焦点 → (0.52, 0.29)
[12:37:04.471] INF [device] 手动曝光档：ISO 997 快门 1/80s
[12:37:04.471] INF [session] 点按对焦后按意图重放手动曝光（ISO 997 / 1/80s）
[12:37:04.472] INF [session] 点按对焦后档位：曝光=手动 / 白平衡=自动 / 意图=曝光手动·白平衡自动
[12:37:05.768] INF [resource] 模式 视频 · input 活 2（累计增/删 5/3） · output 活 1（累计增/删 3/2） · 内存 30.0MB
[12:37:10.738] INF [resource] 模式 视频 · input 活 2（累计增/删 5/3） · output 活 1（累计增/删 3/2） · 内存 29.8MB
[12:37:15.769] INF [resource] 模式 视频 · input 活 2（累计增/删 5/3） · output 活 1（累计增/删 3/2） · 内存 29.8MB
[12:37:20.739] INF [resource] 模式 视频 · input 活 2（累计增/删 5/3） · output 活 1（累计增/删 3/2） · 内存 29.8MB
[12:37:25.768] INF [resource] 模式 视频 · input 活 2（累计增/删 5/3） · output 活 1（累计增/删 3/2） · 内存 29.8MB
[12:37:30.740] INF [resource] 模式 视频 · input 活 2（累计增/删 5/3） · output 活 1（累计增/删 3/2） · 内存 29.8MB
[12:37:35.768] INF [resource] 模式 视频 · input 活 2（累计增/删 5/3） · output 活 1（累计增/删 3/2） · 内存 29.8MB
[12:37:40.739] INF [resource] 模式 视频 · input 活 2（累计增/删 5/3） · output 活 1（累计增/删 3/2） · 内存 29.8MB
[12:37:45.768] INF [resource] 模式 视频 · input 活 2（累计增/删 5/3） · output 活 1（累计增/删 3/2） · 内存 29.8MB
[12:37:50.739] INF [resource] 模式 视频 · input 活 2（累计增/删 5/3） · output 活 1（累计增/删 3/2） · 内存 29.8MB
[12:37:55.769] INF [resource] 模式 视频 · input 活 2（累计增/删 5/3） · output 活 1（累计增/删 3/2） · 内存 29.8MB
[12:38:00.739] INF [resource] 模式 视频 · input 活 2（累计增/删 5/3） · output 活 1（累计增/删 3/2） · 内存 29.8MB
[12:38:05.769] INF [resource] 模式 视频 · input 活 2（累计增/删 5/3） · output 活 1（累计增/删 3/2） · 内存 29.8MB
[12:38:10.740] INF [resource] 模式 视频 · input 活 2（累计增/删 5/3） · output 活 1（累计增/删 3/2） · 内存 29.8MB
[12:38:15.768] INF [resource] 模式 视频 · input 活 2（累计增/删 5/3） · output 活 1（累计增/删 3/2） · 内存 29.8MB
[12:38:20.738] INF [resource] 模式 视频 · input 活 2（累计增/删 5/3） · output 活 1（累计增/删 3/2） · 内存 29.8MB
[12:38:25.768] INF [resource] 模式 视频 · input 活 2（累计增/删 5/3） · output 活 1（累计增/删 3/2） · 内存 29.8MB
[12:38:30.739] INF [resource] 模式 视频 · input 活 2（累计增/删 5/3） · output 活 1（累计增/删 3/2） · 内存 29.8MB
[12:38:35.770] INF [resource] 模式 视频 · input 活 2（累计增/删 5/3） · output 活 1（累计增/删 3/2） · 内存 29.8MB
[12:38:39.422] INF [session] stopRunning()
[12:38:39.555] INF [audio] 音频会话已释放
[12:38:39.555] INF [session] stopRunning()

============================================================
LumenEdit 日志启动 2026-09-22 12:38:40
device=iPhone17,1  system=26.6.0
============================================================
[12:38:40.826] INF [render] CIContext 初始化完成，后端=Apple A18 Pro GPU
[12:38:40.859] INF [app] AppEnvironment 初始化完成，hud=true grid=true tone=true
[12:38:40.880] INF [ui] 相机页已装配
[12:38:40.903] DBG [perm] 刷新权限 camera=已授权 mic=已授权 albumAdd=已授权 albumRead=未决定
[12:38:40.903] DBG [thumb] 无相册读取权限，跳过最新照片缩略图
[12:38:40.904] DBG [perm] 刷新权限 camera=已授权 mic=已授权 albumAdd=已授权 albumRead=未决定
[12:38:40.907] INF [device] 格式已应用 Back Triple Camera 4032x3024 1-30fps 4:3 photoMax=4032x3024/5712x4284 fps=30
[12:38:40.907] INF [session] 采集格式命中**缓存**（跳过探测循环）：4032x3024 1-30fps 4:3 photoMax=4032x3024/5712x4284
[12:38:40.908] INF [photo] 照片编码格式：hvc1
[12:38:40.908] INF [session] 变焦拓扑：deviceType=AVCaptureDeviceTypeBuiltInTripleCamera · constituents=3 · 角色=[超广角,广角,长焦] · switchOver=[2.000, 10.000] · 原生阶梯=[1.000, 2.000, 10.000] · 档位=13→1.000 / 24→2.000 / 35→2.917 / 48→4.000 / 120→10.000 · 不可用=无 · zoomRange=[1.00, 189.00]
[12:38:40.908] INF [session] 手动参数能力：曝光(custom)=false / 白平衡(锁定增益)=false / 对焦(锁定位置)=false
[12:38:40.908] INF [session] 会话配置完成，Live Photo 支持=true
[12:38:40.908] INF [session] startRunning()
[12:38:40.911] INF [hardware] 相机控制按钮交互已挂载（无该按钮的设备上不会触发）
[12:38:40.919] DBG [session] 白平衡增益尚未就绪（冷启动）→ 色温先给兜底值，就绪后补发
[12:38:42.159] DBG [preview] 预览层已绑定会话
[12:38:42.244] INF [resource] 模式 照片 · input 活 1（累计增/删 1/0） · output 活 1（累计增/删 1/0） · 内存 24.3MB
[12:38:42.262] DBG [ui] 会话就绪 · 焦段 24mm 已对齐（变焦 2.00×）
[12:38:43.346] DBG [ui] 刻度条展开 → 后台预切换物理设备（为手动档铺路 · 无转场）
[12:38:43.346] DBG [ui] 刻度条展开（白平衡）
[12:38:43.346] INF [session] 静默换形态（后台挂设备 · 无转场）→ 物理单摄（24 mm）
[12:38:43.346] DBG [ui] toast: 白平衡：自动（点右侧开关切手动）
[12:38:44.197] INF [device] 格式已应用 Back Camera 4032x3024 1-30fps 4:3 photoMax=4032x3024/8064x6048 fps=30
[12:38:44.197] INF [session] 采集格式命中**缓存**（跳过探测循环）：4032x3024 1-30fps 4:3 photoMax=4032x3024/8064x6048
[12:38:44.197] INF [session] 搬运：EV 已重放（+0.0）
[12:38:44.198] INF [session] 搬运：对焦显式降级 → 连续自动（预检 ⑤）
[12:38:44.198] INF [session] 换设备后新设备档位复查：曝光=自动 / 白平衡=自动 / 对焦=自动（显式降级） / EV=+0.0
[12:38:44.199] INF [session] 换设备完成（静默·无转场）→ 物理单摄（24 mm）；当前档位 24 mm；Live Photo 能力=true；耗时 0.85s
[12:38:44.199] INF [session] 静默换形态耗时 0.85s（命中格式缓存 ≈0.3~0.8s；每设备首次冷探测 4~5s）
[12:38:45.250] INF [resource] 模式 照片 · input 活 1（累计增/删 2/1） · output 活 1（累计增/删 1/0） · 内存 32.1MB
[12:38:46.897] DBG [ui] 切手动白平衡档：初值取设备当前值 5548K
[12:38:46.897] DBG [ui] toast: 白平衡 已切手动（初值取当前画面值）· 左右滑动刻度调节
[12:38:46.898] INF [device] 手动白平衡档：5548K（色调跟随当前值 -10）
[12:38:48.132] INF [device] 手动白平衡档：6900K（色调跟随当前值 -10）
[12:38:48.156] INF [device] 手动白平衡档：7000K（色调跟随当前值 -10）
[12:38:48.181] INF [resource] 模式 照片 · input 活 1（累计增/删 2/1） · output 活 1（累计增/删 1/0） · 内存 31.2MB
[12:38:48.182] INF [device] 手动白平衡档：7200K（色调跟随当前值 -10）
[12:38:48.197] DBG [ui] 刻度条 白平衡 松手吸附到 7300K
[12:38:48.197] INF [device] 手动白平衡档：7300K（色调跟随当前值 -10）
[12:38:48.197] INF [device] 手动白平衡档：7300K（色调跟随当前值 -10）
[12:38:48.879] INF [device] 手动白平衡档：7400K（色调跟随当前值 -10）
[12:38:48.891] INF [resource] 模式 照片 · input 活 1（累计增/删 2/1） · output 活 1（累计增/删 1/0） · 内存 31.2MB
[12:38:48.911] INF [device] 手动白平衡档：7500K（色调跟随当前值 -10）
[12:38:48.929] INF [device] 手动白平衡档：7600K（色调跟随当前值 -10）
[12:38:49.027] DBG [ui] 刻度条 白平衡 松手吸附到 7600K
[12:38:49.027] INF [device] 手动白平衡档：7600K（色调跟随当前值 -10）
[12:38:49.814] INF [device] 手动白平衡档：7700K（色调跟随当前值 -10）
[12:38:49.852] INF [resource] 模式 照片 · input 活 1（累计增/删 2/1） · output 活 1（累计增/删 1/0） · 内存 31.0MB
[12:38:49.879] INF [device] 手动白平衡档：7800K（色调跟随当前值 -10）
[12:38:49.895] INF [device] 手动白平衡档：7900K（色调跟随当前值 -10）
[12:38:49.928] INF [device] 手动白平衡档：8000K（色调跟随当前值 -10）
[12:38:49.978] INF [device] 手动白平衡档：8100K（色调跟随当前值 -10）
[12:38:50.028] INF [device] 手动白平衡档：8200K（色调跟随当前值 -10）
[12:38:50.032] INF [resource] 模式 照片 · input 活 1（累计增/删 2/1） · output 活 1（累计增/删 1/0） · 内存 31.0MB
[12:38:50.077] DBG [ui] 刻度条 白平衡 松手吸附到 8200K
[12:38:50.078] INF [device] 手动白平衡档：8200K（色调跟随当前值 -10）
[12:38:50.579] INF [device] 手动白平衡档：8300K（色调跟随当前值 -10）
[12:38:50.628] INF [device] 手动白平衡档：8400K（色调跟随当前值 -10）
[12:38:50.661] INF [device] 手动白平衡档：8500K（色调跟随当前值 -10）
[12:38:50.676] INF [resource] 模式 照片 · input 活 1（累计增/删 2/1） · output 活 1（累计增/删 1/0） · 内存 31.0MB
[12:38:50.711] INF [device] 手动白平衡档：8600K（色调跟随当前值 -10）
[12:38:50.794] INF [device] 手动白平衡档：8700K（色调跟随当前值 -10）
[12:38:50.878] DBG [ui] 刻度条 白平衡 松手吸附到 8700K
[12:38:50.878] INF [device] 手动白平衡档：8700K（色调跟随当前值 -10）
[12:38:51.332] INF [device] 手动白平衡档：8800K（色调跟随当前值 -10）
[12:38:51.349] INF [resource] 模式 照片 · input 活 1（累计增/删 2/1） · output 活 1（累计增/删 1/0） · 内存 31.0MB
[12:38:51.379] INF [device] 手动白平衡档：8900K（色调跟随当前值 -10）
[12:38:51.396] INF [device] 手动白平衡档：9000K（色调跟随当前值 -10）
[12:38:51.428] INF [device] 手动白平衡档：9100K（色调跟随当前值 -10）
[12:38:51.461] INF [device] 手动白平衡档：9200K（色调跟随当前值 -10）
[12:38:51.495] INF [device] 手动白平衡档：9300K（色调跟随当前值 -10）
[12:38:51.508] INF [resource] 模式 照片 · input 活 1（累计增/删 2/1） · output 活 1（累计增/删 1/0） · 内存 31.0MB
[12:38:51.561] INF [device] 手动白平衡档：9400K（色调跟随当前值 -10）
[12:38:51.578] DBG [ui] 刻度条 白平衡 松手吸附到 9400K
[12:38:51.579] INF [device] 手动白平衡档：9400K（色调跟随当前值 -10）
[12:38:51.932] INF [device] 手动白平衡档：9500K（色调跟随当前值 -10）
[12:38:51.961] INF [device] 手动白平衡档：9600K（色调跟随当前值 -10）
[12:38:51.979] INF [device] 手动白平衡档：9700K（色调跟随当前值 -10）
[12:38:51.985] INF [resource] 模式 照片 · input 活 1（累计增/删 2/1） · output 活 1（累计增/删 1/0） · 内存 31.0MB
[12:38:52.011] INF [device] 手动白平衡档：9800K（色调跟随当前值 -10）
[12:38:52.029] INF [device] 手动白平衡档：9900K（色调跟随当前值 -10）
[12:38:52.045] INF [device] 手动白平衡档：10000K（色调跟随当前值 -10）
[12:38:52.245] DBG [ui] 刻度条 白平衡 松手吸附到 10000K
[12:38:52.247] INF [device] 手动白平衡档：10000K（色调跟随当前值 -10）
[12:38:52.291] INF [resource] 模式 照片 · input 活 1（累计增/删 2/1） · output 活 1（累计增/删 1/0） · 内存 31.0MB
[12:38:57.251] INF [resource] 模式 照片 · input 活 1（累计增/删 2/1） · output 活 1（累计增/删 1/0） · 内存 31.0MB
[12:39:02.281] INF [resource] 模式 照片 · input 活 1（累计增/删 2/1） · output 活 1（累计增/删 1/0） · 内存 30.9MB
[12:39:07.251] INF [resource] 模式 照片 · input 活 1（累计增/删 2/1） · output 活 1（累计增/删 1/0） · 内存 30.9MB
[12:39:12.278] INF [resource] 模式 照片 · input 活 1（累计增/删 2/1） · output 活 1（累计增/删 1/0） · 内存 30.9MB
[12:39:17.251] INF [resource] 模式 照片 · input 活 1（累计增/删 2/1） · output 活 1（累计增/删 1/0） · 内存 30.9MB
[12:39:22.280] INF [resource] 模式 照片 · input 活 1（累计增/删 2/1） · output 活 1（累计增/删 1/0） · 内存 30.9MB
[12:39:27.252] INF [resource] 模式 照片 · input 活 1（累计增/删 2/1） · output 活 1（累计增/删 1/0） · 内存 30.9MB
[12:39:32.280] INF [resource] 模式 照片 · input 活 1（累计增/删 2/1） · output 活 1（累计增/删 1/0） · 内存 30.9MB
[12:39:37.252] INF [resource] 模式 照片 · input 活 1（累计增/删 2/1） · output 活 1（累计增/删 1/0） · 内存 30.9MB
[12:39:42.280] INF [resource] 模式 照片 · input 活 1（累计增/删 2/1） · output 活 1（累计增/删 1/0） · 内存 30.9MB
[12:39:47.252] INF [resource] 模式 照片 · input 活 1（累计增/删 2/1） · output 活 1（累计增/删 1/0） · 内存 30.9MB
[12:39:52.280] INF [resource] 模式 照片 · input 活 1（累计增/删 2/1） · output 活 1（累计增/删 1/0） · 内存 30.9MB
[12:39:53.093] INF [device] 手动白平衡档：9900K（色调跟随当前值 -10）
[12:39:53.839] INF [device] 手动白平衡档：9800K（色调跟随当前值 -10）
[12:39:55.124] INF [device] 手动白平衡档：9700K（色调跟随当前值 -10）
[12:39:55.133] INF [resource] 模式 照片 · input 活 1（累计增/删 2/1） · output 活 1（累计增/删 1/0） · 内存 30.8MB
[12:39:56.089] INF [device] 手动白平衡档：9600K（色调跟随当前值 -10）
[12:39:56.906] INF [device] 手动白平衡档：9500K（色调跟随当前值 -10）
[12:39:57.276] INF [resource] 模式 照片 · input 活 1（累计增/删 2/1） · output 活 1（累计增/删 1/0） · 内存 30.8MB
[12:39:58.606] INF [device] 手动白平衡档：9400K（色调跟随当前值 -10）
[12:40:00.540] INF [device] 手动白平衡档：9300K（色调跟随当前值 -10）
[12:40:00.547] INF [resource] 模式 照片 · input 活 1（累计增/删 2/1） · output 活 1（累计增/删 1/0） · 内存 30.8MB
[12:40:02.691] INF [device] 手动白平衡档：9200K（色调跟随当前值 -10）
[12:40:03.607] DBG [ui] 白平衡 9300K 与当前硬件值一致 → 跳过重复写入
[12:40:03.826] INF [device] 手动白平衡档：9400K（色调跟随当前值 -10）
[12:40:03.853] INF [resource] 模式 照片 · input 活 1（累计增/删 2/1） · output 活 1（累计增/删 1/0） · 内存 30.8MB
[12:40:03.941] INF [device] 手动白平衡档：9500K（色调跟随当前值 -10）
[12:40:03.974] INF [device] 手动白平衡档：9600K（色调跟随当前值 -10）
[12:40:04.024] INF [device] 手动白平衡档：9700K（色调跟随当前值 -10）
[12:40:04.091] INF [device] 手动白平衡档：9800K（色调跟随当前值 -10）
[12:40:04.207] INF [device] 手动白平衡档：9900K（色调跟随当前值 -10）
[12:40:04.212] INF [resource] 模式 照片 · input 活 1（累计增/删 2/1） · output 活 1（累计增/删 1/0） · 内存 30.8MB
[12:40:04.424] INF [device] 手动白平衡档：10000K（色调跟随当前值 -10）
[12:40:04.774] DBG [ui] 刻度条 白平衡 松手吸附到 10000K
[12:40:04.775] INF [device] 手动白平衡档：10000K（色调跟随当前值 -10）
[12:40:06.280] INF [resource] 模式 照片 · input 活 1（累计增/删 2/1） · output 活 1（累计增/删 1/0） · 内存 30.8MB
[12:40:11.252] INF [resource] 模式 照片 · input 活 1（累计增/删 2/1） · output 活 1（累计增/删 1/0） · 内存 30.8MB
[12:40:16.280] INF [resource] 模式 照片 · input 活 1（累计增/删 2/1） · output 活 1（累计增/删 1/0） · 内存 30.8MB
[12:40:21.079] INF [device] 手动白平衡档：9900K（色调跟随当前值 -10）
[12:40:21.088] INF [resource] 模式 照片 · input 活 1（累计增/删 2/1） · output 活 1（累计增/删 1/0） · 内存 30.8MB
[12:40:23.363] INF [device] 手动白平衡档：9800K（色调跟随当前值 -10）
[12:40:24.285] INF [resource] 模式 照片 · input 活 1（累计增/删 2/1） · output 活 1（累计增/删 1/0） · 内存 30.8MB
[12:40:25.345] DBG [ui] 白平衡 9900K 与当前硬件值一致 → 跳过重复写入
[12:40:28.412] INF [device] 手动白平衡档：10000K（色调跟随当前值 -10）
[12:40:28.419] INF [resource] 模式 照片 · input 活 1（累计增/删 2/1） · output 活 1（累计增/删 1/0） · 内存 30.8MB
[12:40:29.729] DBG [ui] 刻度条 白平衡 松手吸附到 10000K
[12:40:29.730] INF [device] 手动白平衡档：10000K（色调跟随当前值 -10）
[12:40:32.281] INF [resource] 模式 照片 · input 活 1（累计增/删 2/1） · output 活 1（累计增/删 1/0） · 内存 30.8MB
[12:40:37.252] INF [resource] 模式 照片 · input 活 1（累计增/删 2/1） · output 活 1（累计增/删 1/0） · 内存 30.8MB
[12:40:42.280] INF [resource] 模式 照片 · input 活 1（累计增/删 2/1） · output 活 1（累计增/删 1/0） · 内存 30.8MB
[12:40:47.251] INF [resource] 模式 照片 · input 活 1（累计增/删 2/1） · output 活 1（累计增/删 1/0） · 内存 30.8MB
[12:40:52.281] INF [resource] 模式 照片 · input 活 1（累计增/删 2/1） · output 活 1（累计增/删 1/0） · 内存 30.8MB
[12:40:57.252] INF [resource] 模式 照片 · input 活 1（累计增/删 2/1） · output 活 1（累计增/删 1/0） · 内存 30.8MB
[12:41:02.281] INF [resource] 模式 照片 · input 活 1（累计增/删 2/1） · output 活 1（累计增/删 1/0） · 内存 30.8MB
[12:41:07.252] INF [resource] 模式 照片 · input 活 1（累计增/删 2/1） · output 活 1（累计增/删 1/0） · 内存 30.8MB
[12:41:12.282] INF [resource] 模式 照片 · input 活 1（累计增/删 2/1） · output 活 1（累计增/删 1/0） · 内存 30.8MB
[12:41:17.253] INF [resource] 模式 照片 · input 活 1（累计增/删 2/1） · output 活 1（累计增/删 1/0） · 内存 30.8MB
[12:41:22.281] INF [resource] 模式 照片 · input 活 1（累计增/删 2/1） · output 活 1（累计增/删 1/0） · 内存 30.8MB
[12:41:27.253] INF [resource] 模式 照片 · input 活 1（累计增/删 2/1） · output 活 1（累计增/删 1/0） · 内存 30.8MB
[12:41:32.282] INF [resource] 模式 照片 · input 活 1（累计增/删 2/1） · output 活 1（累计增/删 1/0） · 内存 30.8MB
[12:41:37.253] INF [resource] 模式 照片 · input 活 1（累计增/删 2/1） · output 活 1（累计增/删 1/0） · 内存 30.8MB
[12:41:42.281] INF [resource] 模式 照片 · input 活 1（累计增/删 2/1） · output 活 1（累计增/删 1/0） · 内存 30.8MB
[12:41:47.252] INF [resource] 模式 照片 · input 活 1（累计增/删 2/1） · output 活 1（累计增/删 1/0） · 内存 30.8MB
[12:41:52.282] INF [resource] 模式 照片 · input 活 1（累计增/删 2/1） · output 活 1（累计增/删 1/0） · 内存 30.9MB
[12:41:57.253] INF [resource] 模式 照片 · input 活 1（累计增/删 2/1） · output 活 1（累计增/删 1/0） · 内存 30.9MB
[12:42:02.282] INF [resource] 模式 照片 · input 活 1（累计增/删 2/1） · output 活 1（累计增/删 1/0） · 内存 30.9MB
[12:42:07.253] INF [resource] 模式 照片 · input 活 1（累计增/删 2/1） · output 活 1（累计增/删 1/0） · 内存 30.9MB
[12:42:12.281] INF [resource] 模式 照片 · input 活 1（累计增/删 2/1） · output 活 1（累计增/删 1/0） · 内存 30.9MB
[12:42:17.253] INF [resource] 模式 照片 · input 活 1（累计增/删 2/1） · output 活 1（累计增/删 1/0） · 内存 30.9MB
[12:42:22.282] INF [resource] 模式 照片 · input 活 1（累计增/删 2/1） · output 活 1（累计增/删 1/0） · 内存 30.9MB
[12:42:27.253] INF [resource] 模式 照片 · input 活 1（累计增/删 2/1） · output 活 1（累计增/删 1/0） · 内存 30.9MB
[12:42:32.282] INF [resource] 模式 照片 · input 活 1（累计增/删 2/1） · output 活 1（累计增/删 1/0） · 内存 30.9MB
[12:42:37.253] INF [resource] 模式 照片 · input 活 1（累计增/删 2/1） · output 活 1（累计增/删 1/0） · 内存 30.9MB
[12:42:42.281] INF [resource] 模式 照片 · input 活 1（累计增/删 2/1） · output 活 1（累计增/删 1/0） · 内存 30.9MB
[12:42:47.253] INF [resource] 模式 照片 · input 活 1（累计增/删 2/1） · output 活 1（累计增/删 1/0） · 内存 30.9MB
[12:42:52.281] INF [resource] 模式 照片 · input 活 1（累计增/删 2/1） · output 活 1（累计增/删 1/0） · 内存 30.9MB
[12:42:57.253] INF [resource] 模式 照片 · input 活 1（累计增/删 2/1） · output 活 1（累计增/删 1/0） · 内存 30.9MB
[12:43:02.281] INF [resource] 模式 照片 · input 活 1（累计增/删 2/1） · output 活 1（累计增/删 1/0） · 内存 30.9MB
[12:43:04.640] DBG [preview] 点按对焦 view=(319,404) device=(0.52,0.30)
[12:43:04.640] DBG [ui] 刻度条收起（点别处）
[12:43:04.642] DBG [device] 对焦点 → (0.52, 0.30)
[12:43:04.642] INF [device] 手动白平衡档：10002K（色调跟随当前值 -10）
[12:43:04.642] INF [session] 点按对焦后按意图重放手动白平衡（10002K）
[12:43:04.645] INF [session] 点按对焦后档位：曝光=自动 / 白平衡=手动 / 意图=曝光自动·白平衡手动
[12:43:06.253] INF [resource] 模式 照片 · input 活 1（累计增/删 2/1） · output 活 1（累计增/删 1/0） · 内存 29.7MB
[12:43:06.932] INF [session] 切换模式 照片 → 实况
[12:43:07.004] INF [session] 已加入麦克风输入
[12:43:07.057] INF [audio] 音频会话已激活（active=true category=AVAudioSessionCategoryPlayAndRecord mode=AVAudioSessionModeVideoRecording 48000Hz ch=1）
[12:43:07.063] INF [photo] Live Photo 采集 已开启
[12:43:07.248] DBG [ui] toast: Log 实况：当前录制 Log 视频，套用 LUT 导出实况照片在 P5 交付
[12:43:07.248] INF [session] 切换模式 照片 → Log 实况
[12:43:07.520] INF [session] 切模式 commit 后瞬间档位：曝光=自动 / 白平衡=手动 / 快照=曝光自动·白平衡手动
[12:43:07.520] INF [photo] 照片编码格式：hvc1
[12:43:07.520] INF [device] 手动白平衡档：10005K（色调跟随当前值 -10）
[12:43:07.520] INF [session] 切模式：手动白平衡已按快照重放（10005K）
[12:43:07.520] INF [session] 切模式后档位复查（实况）：曝光=自动 / 白平衡=手动 / 对焦意图=自动 / EV=+0.0
[12:43:07.520] INF [session] 切模式耗时 0.59s（实况；含 outputs 重配与参数重放）
[12:43:07.535] INF [session] 切换模式 实况 → 视频
[12:43:07.781] DBG [ui] toast: Log 实况：当前录制 Log 视频，套用 LUT 导出实况照片在 P5 交付
[12:43:07.781] INF [session] 切换模式 实况 → Log 实况
[12:43:07.816] INF [session] 切模式 commit 后瞬间档位：曝光=自动 / 白平衡=手动 / 快照=曝光自动·白平衡手动
[12:43:07.816] DBG [photo] Log 实况：录制链路不挂照片输出，跳过照片模板准备
[12:43:07.817] INF [device] 手动白平衡档：10005K（色调跟随当前值 -10）
[12:43:07.817] INF [session] 切模式：手动白平衡已按快照重放（10005K）
[12:43:07.817] INF [session] 切模式后档位复查（Log 实况）：曝光=自动 / 白平衡=手动 / 对焦意图=自动 / EV=+0.0
[12:43:07.817] INF [session] 切模式耗时 0.30s（Log 实况；含 outputs 重配与参数重放）
[12:43:07.969] INF [session] 切换模式 Log 实况 → 实况
[12:43:08.053] INF [session] 切模式 commit 后瞬间档位：曝光=自动 / 白平衡=手动 / 快照=曝光自动·白平衡手动
[12:43:08.053] DBG [photo] 视频：录制链路不挂照片输出，跳过照片模板准备
[12:43:08.053] INF [device] 手动白平衡档：6650K（色调跟随当前值 -10）
[12:43:08.053] INF [session] 切模式：手动白平衡已按快照重放（6650K）
[12:43:08.054] INF [session] 切模式后档位复查（视频）：曝光=自动 / 白平衡=手动 / 对焦意图=自动 / EV=+0.0
[12:43:08.054] INF [session] 切模式耗时 0.24s（视频；含 outputs 重配与参数重放）
[12:43:08.161] INF [session] 切换模式 视频 → 照片
[12:43:08.325] INF [session] 切模式 commit 后瞬间档位：曝光=自动 / 白平衡=手动 / 快照=曝光自动·白平衡手动
[12:43:08.325] DBG [photo] Log 实况：录制链路不挂照片输出，跳过照片模板准备
[12:43:08.326] INF [device] 手动白平衡档：6650K（色调跟随当前值 -10）
[12:43:08.326] INF [session] 切模式：手动白平衡已按快照重放（6650K）
[12:43:08.326] INF [session] 切模式后档位复查（Log 实况）：曝光=自动 / 白平衡=手动 / 对焦意图=自动 / EV=+0.0
[12:43:08.326] INF [session] 切模式耗时 0.27s（Log 实况；含 outputs 重配与参数重放）
[12:43:08.327] INF [photo] Live Photo 采集 已开启
[12:43:08.623] INF [session] 切换模式 Log 实况 → 视频
[12:43:08.730] INF [session] 切模式 commit 后瞬间档位：曝光=自动 / 白平衡=手动 / 快照=曝光自动·白平衡手动
[12:43:08.730] INF [photo] 照片编码格式：hvc1
[12:43:08.730] INF [device] 手动白平衡档：6650K（色调跟随当前值 -10）
[12:43:08.730] INF [session] 切模式：手动白平衡已按快照重放（6650K）
[12:43:08.731] INF [session] 切模式后档位复查（实况）：曝光=自动 / 白平衡=手动 / 对焦意图=自动 / EV=+0.0
[12:43:08.731] INF [session] 切模式耗时 0.41s（实况；含 outputs 重配与参数重放）
[12:43:08.732] INF [session] 已移除麦克风输入
[12:43:08.807] INF [audio] 音频会话已释放
[12:43:08.886] INF [session] 切换模式 实况 → 视频
[12:43:09.239] INF [session] 切模式 commit 后瞬间档位：曝光=自动 / 白平衡=手动 / 快照=曝光自动·白平衡手动
[12:43:09.240] INF [photo] 照片编码格式：hvc1
[12:43:09.240] INF [device] 手动白平衡档：6648K（色调跟随当前值 -9）
[12:43:09.240] INF [session] 切模式：手动白平衡已按快照重放（6648K）
[12:43:09.241] INF [session] 切模式后档位复查（照片）：曝光=自动 / 白平衡=手动 / 对焦意图=自动 / EV=+0.0
[12:43:09.241] INF [session] 切模式耗时 0.51s（照片；含 outputs 重配与参数重放）
[12:43:09.241] INF [resource] 模式 照片 · input 活 1（累计增/删 3/2） · output 活 1（累计增/删 7/6） · 内存 30.2MB
[12:43:09.242] INF [session] 已加入麦克风输入
[12:43:09.279] INF [audio] 音频会话已激活（active=true category=AVAudioSessionCategoryPlayAndRecord mode=AVAudioSessionModeVideoRecording 48000Hz ch=1）
[12:43:09.545] INF [session] 切模式 commit 后瞬间档位：曝光=自动 / 白平衡=手动 / 快照=曝光自动·白平衡手动
[12:43:09.546] DBG [photo] 视频：录制链路不挂照片输出，跳过照片模板准备
[12:43:09.546] INF [device] 手动白平衡档：6651K（色调跟随当前值 -10）
[12:43:09.546] INF [session] 切模式：手动白平衡已按快照重放（6651K）
[12:43:09.547] INF [session] 切模式后档位复查（视频）：曝光=自动 / 白平衡=手动 / 对焦意图=自动 / EV=+0.0
[12:43:09.547] INF [session] 切模式耗时 0.31s（视频；含 outputs 重配与参数重放）
[12:43:09.694] INF [session] 切换模式 视频 → 照片
[12:43:09.781] INF [session] 切模式 commit 后瞬间档位：曝光=自动 / 白平衡=手动 / 快照=曝光自动·白平衡手动
[12:43:09.781] DBG [photo] 视频：录制链路不挂照片输出，跳过照片模板准备
[12:43:09.781] INF [device] 手动白平衡档：6649K（色调跟随当前值 -9）
[12:43:09.781] INF [session] 切模式：手动白平衡已按快照重放（6649K）
[12:43:09.782] INF [session] 切模式后档位复查（视频）：曝光=自动 / 白平衡=手动 / 对焦意图=自动 / EV=+0.0
[12:43:09.782] INF [session] 切模式耗时 0.24s（视频；含 outputs 重配与参数重放）
[12:43:09.783] INF [resource] 模式 视频 · input 活 2（累计增/删 4/2） · output 活 1（累计增/删 9/8） · 内存 30.5MB
[12:43:09.783] INF [session] 已移除麦克风输入
[12:43:09.857] INF [audio] 音频会话已释放
[12:43:09.915] DBG [ui] toast: Log 实况：当前录制 Log 视频，套用 LUT 导出实况照片在 P5 交付
[12:43:09.915] INF [session] 切换模式 视频 → Log 实况
[12:43:10.165] DBG [ui] toast: Log 实况：当前录制 Log 视频，套用 LUT 导出实况照片在 P5 交付
[12:43:10.165] INF [session] 切换模式 视频 → Log 实况
[12:43:10.274] INF [session] 切模式 commit 后瞬间档位：曝光=自动 / 白平衡=手动 / 快照=曝光自动·白平衡手动
[12:43:10.274] INF [photo] 照片编码格式：hvc1
[12:43:10.274] INF [device] 手动白平衡档：6547K（色调跟随当前值 -9）
[12:43:10.274] INF [session] 切模式：手动白平衡已按快照重放（6547K）
[12:43:10.274] INF [session] 切模式后档位复查（照片）：曝光=自动 / 白平衡=手动 / 对焦意图=自动 / EV=+0.0
[12:43:10.274] INF [session] 切模式耗时 0.49s（照片；含 outputs 重配与参数重放）
[12:43:10.275] INF [session] 已加入麦克风输入
[12:43:10.292] INF [audio] 音频会话已激活（active=true category=AVAudioSessionCategoryPlayAndRecord mode=AVAudioSessionModeVideoRecording 48000Hz ch=1）
[12:43:10.486] INF [session] 切换模式 照片 → 实况
[12:43:10.561] INF [session] 切模式 commit 后瞬间档位：曝光=自动 / 白平衡=手动 / 快照=曝光自动·白平衡手动
[12:43:10.561] DBG [photo] Log 实况：录制链路不挂照片输出，跳过照片模板准备
[12:43:10.561] INF [device] 手动白平衡档：6650K（色调跟随当前值 -9）
[12:43:10.561] INF [session] 切模式：手动白平衡已按快照重放（6650K）
[12:43:10.562] INF [session] 切模式后档位复查（Log 实况）：曝光=自动 / 白平衡=手动 / 对焦意图=自动 / EV=+0.0
[12:43:10.562] INF [session] 切模式耗时 0.29s（Log 实况；含 outputs 重配与参数重放）
[12:43:10.715] INF [session] 切换模式 Log 实况 → 实况
[12:43:10.800] INF [session] 切模式 commit 后瞬间档位：曝光=自动 / 白平衡=手动 / 快照=曝光自动·白平衡手动
[12:43:10.801] DBG [photo] Log 实况：录制链路不挂照片输出，跳过照片模板准备
[12:43:10.801] INF [device] 手动白平衡档：6650K（色调跟随当前值 -9）
[12:43:10.801] INF [session] 切模式：手动白平衡已按快照重放（6650K）
[12:43:10.801] INF [session] 切模式后档位复查（Log 实况）：曝光=自动 / 白平衡=手动 / 对焦意图=自动 / EV=+0.0
[12:43:10.801] INF [session] 切模式耗时 0.24s（Log 实况；含 outputs 重配与参数重放）
[12:43:10.803] INF [photo] Live Photo 采集 已开启
[12:43:10.911] INF [session] 切换模式 Log 实况 → 照片
[12:43:11.228] INF [session] 切模式 commit 后瞬间档位：曝光=自动 / 白平衡=手动 / 快照=曝光自动·白平衡手动
[12:43:11.229] INF [photo] 照片编码格式：hvc1
[12:43:11.229] INF [device] 手动白平衡档：6547K（色调跟随当前值 -9）
[12:43:11.229] INF [session] 切模式：手动白平衡已按快照重放（6547K）
[12:43:11.230] INF [session] 切模式后档位复查（实况）：曝光=自动 / 白平衡=手动 / 对焦意图=自动 / EV=+0.0
[12:43:11.230] INF [session] 切模式耗时 0.43s（实况；含 outputs 重配与参数重放）
[12:43:11.231] INF [photo] Live Photo 采集 已开启
[12:43:11.319] DBG [ui] toast: Log 实况：当前录制 Log 视频，套用 LUT 导出实况照片在 P5 交付
[12:43:11.320] INF [session] 切换模式 实况 → Log 实况
[12:43:11.530] INF [session] 切模式 commit 后瞬间档位：曝光=自动 / 白平衡=手动 / 快照=曝光自动·白平衡手动
[12:43:11.530] INF [photo] 照片编码格式：hvc1
[12:43:11.530] INF [device] 手动白平衡档：6547K（色调跟随当前值 -9）
[12:43:11.530] INF [session] 切模式：手动白平衡已按快照重放（6547K）
[12:43:11.531] INF [session] 切模式后档位复查（实况）：曝光=自动 / 白平衡=手动 / 对焦意图=自动 / EV=+0.0
[12:43:11.531] INF [session] 切模式耗时 0.30s（实况；含 outputs 重配与参数重放）
[12:43:11.531] INF [resource] 模式 实况 · input 活 2（累计增/删 5/3） · output 活 1（累计增/删 14/13） · 内存 30.4MB
[12:43:11.531] INF [session] 已移除麦克风输入
[12:43:11.604] INF [audio] 音频会话已释放
[12:43:11.616] DBG [ui] toast: Log 实况：当前录制 Log 视频，套用 LUT 导出实况照片在 P5 交付
[12:43:11.616] INF [session] 切换模式 实况 → Log 实况
[12:43:11.761] INF [session] 切换模式 实况 → 视频
[12:43:12.015] INF [session] 切模式 commit 后瞬间档位：曝光=自动 / 白平衡=手动 / 快照=曝光自动·白平衡手动
[12:43:12.016] INF [photo] 照片编码格式：hvc1
[12:43:12.016] INF [device] 手动白平衡档：6214K（色调跟随当前值 -7）
[12:43:12.016] INF [session] 切模式：手动白平衡已按快照重放（6214K）
[12:43:12.017] INF [session] 切模式后档位复查（照片）：曝光=自动 / 白平衡=手动 / 对焦意图=自动 / EV=+0.0
[12:43:12.017] INF [session] 切模式耗时 0.49s（照片；含 outputs 重配与参数重放）
[12:43:12.018] INF [session] 已加入麦克风输入
[12:43:12.053] INF [audio] 音频会话已激活（active=true category=AVAudioSessionCategoryPlayAndRecord mode=AVAudioSessionModeVideoRecording 48000Hz ch=1）
[12:43:12.078] DBG [ui] toast: Log 实况：当前录制 Log 视频，套用 LUT 导出实况照片在 P5 交付
[12:43:12.078] INF [session] 切换模式 照片 → Log 实况
[12:43:12.312] INF [session] 切换模式 照片 → 实况
[12:43:12.320] INF [session] 切模式 commit 后瞬间档位：曝光=自动 / 白平衡=手动 / 快照=曝光自动·白平衡手动
[12:43:12.321] DBG [photo] Log 实况：录制链路不挂照片输出，跳过照片模板准备
[12:43:12.321] INF [device] 手动白平衡档：6548K（色调跟随当前值 -9）
[12:43:12.321] INF [session] 切模式：手动白平衡已按快照重放（6548K）
[12:43:12.321] INF [session] 切模式后档位复查（Log 实况）：曝光=自动 / 白平衡=手动 / 对焦意图=自动 / EV=+0.0
[12:43:12.321] INF [session] 切模式耗时 0.30s（Log 实况；含 outputs 重配与参数重放）
[12:43:12.567] INF [session] 切模式 commit 后瞬间档位：曝光=自动 / 白平衡=手动 / 快照=曝光自动·白平衡手动
[12:43:12.567] DBG [photo] Log 实况：录制链路不挂照片输出，跳过照片模板准备
[12:43:12.567] INF [device] 手动白平衡档：6215K（色调跟随当前值 -7）
[12:43:12.567] INF [session] 切模式：手动白平衡已按快照重放（6215K）
[12:43:12.567] INF [session] 切模式后档位复查（Log 实况）：曝光=自动 / 白平衡=手动 / 对焦意图=自动 / EV=+0.0
[12:43:12.568] INF [session] 切模式耗时 0.25s（Log 实况；含 outputs 重配与参数重放）
[12:43:12.621] INF [session] 切换模式 Log 实况 → 照片
[12:43:12.809] INF [session] 切模式 commit 后瞬间档位：曝光=自动 / 白平衡=手动 / 快照=曝光自动·白平衡手动
[12:43:12.809] DBG [photo] 视频：录制链路不挂照片输出，跳过照片模板准备
[12:43:12.810] INF [device] 手动白平衡档：6107K（色调跟随当前值 -5）
[12:43:12.810] INF [session] 切模式：手动白平衡已按快照重放（6107K）
[12:43:12.810] INF [session] 切模式后档位复查（视频）：曝光=自动 / 白平衡=手动 / 对焦意图=自动 / EV=+0.0
[12:43:12.811] INF [session] 切模式耗时 0.24s（视频；含 outputs 重配与参数重放）
[12:43:12.995] DBG [ui] toast: Log 实况：当前录制 Log 视频，套用 LUT 导出实况照片在 P5 交付
[12:43:12.995] INF [session] 切换模式 视频 → Log 实况
[12:43:13.045] INF [session] 切模式 commit 后瞬间档位：曝光=自动 / 白平衡=手动 / 快照=曝光自动·白平衡手动
[12:43:13.045] DBG [photo] Log 实况：录制链路不挂照片输出，跳过照片模板准备
[12:43:13.045] INF [device] 手动白平衡档：6006K（色调跟随当前值 -5）
[12:43:13.045] INF [session] 切模式：手动白平衡已按快照重放（6006K）
[12:43:13.045] INF [session] 切模式后档位复查（Log 实况）：曝光=自动 / 白平衡=手动 / 对焦意图=自动 / EV=+0.0
[12:43:13.045] INF [session] 切模式耗时 0.23s（Log 实况；含 outputs 重配与参数重放）
[12:43:13.045] INF [resource] 模式 Log 实况 · input 活 2（累计增/删 6/4） · output 活 1（累计增/删 19/18） · 内存 30.2MB
[12:43:13.046] INF [photo] Live Photo 采集 已开启
[12:43:13.444] INF [session] 切模式 commit 后瞬间档位：曝光=自动 / 白平衡=手动 / 快照=曝光自动·白平衡手动
[12:43:13.444] INF [photo] 照片编码格式：hvc1
[12:43:13.445] INF [device] 手动白平衡档：6006K（色调跟随当前值 -5）
[12:43:13.445] INF [session] 切模式：手动白平衡已按快照重放（6006K）
[12:43:13.445] INF [session] 切模式后档位复查（实况）：曝光=自动 / 白平衡=手动 / 对焦意图=自动 / EV=+0.0
[12:43:13.445] INF [session] 切模式耗时 0.40s（实况；含 outputs 重配与参数重放）
[12:43:13.446] INF [session] 已移除麦克风输入
[12:43:13.524] INF [audio] 音频会话已释放
[12:43:13.645] INF [session] 切换模式 实况 → 视频
[12:43:13.947] INF [session] 切模式 commit 后瞬间档位：曝光=自动 / 白平衡=手动 / 快照=曝光自动·白平衡手动
[12:43:13.947] INF [photo] 照片编码格式：hvc1
[12:43:13.947] INF [device] 手动白平衡档：6006K（色调跟随当前值 -5）
[12:43:13.947] INF [session] 切模式：手动白平衡已按快照重放（6006K）
[12:43:13.949] INF [session] 切模式后档位复查（照片）：曝光=自动 / 白平衡=手动 / 对焦意图=自动 / EV=+0.0
[12:43:13.949] INF [session] 切模式耗时 0.50s（照片；含 outputs 重配与参数重放）
[12:43:13.950] INF [session] 已加入麦克风输入
[12:43:13.987] INF [audio] 音频会话已激活（active=true category=AVAudioSessionCategoryPlayAndRecord mode=AVAudioSessionModeVideoRecording 48000Hz ch=1）
[12:43:14.054] DBG [ui] toast: Log 实况：当前录制 Log 视频，套用 LUT 导出实况照片在 P5 交付
[12:43:14.054] INF [session] 切换模式 照片 → Log 实况
[12:43:14.257] INF [session] 切模式 commit 后瞬间档位：曝光=自动 / 白平衡=手动 / 快照=曝光自动·白平衡手动
[12:43:14.257] DBG [photo] Log 实况：录制链路不挂照片输出，跳过照片模板准备
[12:43:14.257] INF [device] 手动白平衡档：6007K（色调跟随当前值 -5）
[12:43:14.257] INF [session] 切模式：手动白平衡已按快照重放（6007K）
[12:43:14.258] INF [session] 切模式后档位复查（Log 实况）：曝光=自动 / 白平衡=手动 / 对焦意图=自动 / EV=+0.0
[12:43:14.258] INF [session] 切模式耗时 0.31s（Log 实况；含 outputs 重配与参数重放）
[12:43:14.258] INF [resource] 模式 Log 实况 · input 活 2（累计增/删 7/5） · output 活 1（累计增/删 22/21） · 内存 29.9MB
[12:43:14.466] INF [session] 切换模式 Log 实况 → 照片
[12:43:14.507] INF [session] 切模式 commit 后瞬间档位：曝光=自动 / 白平衡=手动 / 快照=曝光自动·白平衡手动
[12:43:14.507] DBG [photo] 视频：录制链路不挂照片输出，跳过照片模板准备
[12:43:14.508] INF [device] 手动白平衡档：6007K（色调跟随当前值 -5）
[12:43:14.508] INF [session] 切模式：手动白平衡已按快照重放（6007K）
[12:43:14.508] INF [session] 切模式后档位复查（视频）：曝光=自动 / 白平衡=手动 / 对焦意图=自动 / EV=+0.0
[12:43:14.508] INF [session] 切模式耗时 0.25s（视频；含 outputs 重配与参数重放）
[12:43:14.744] INF [session] 切模式 commit 后瞬间档位：曝光=自动 / 白平衡=手动 / 快照=曝光自动·白平衡手动
[12:43:14.744] DBG [photo] Log 实况：录制链路不挂照片输出，跳过照片模板准备
[12:43:14.745] INF [device] 手动白平衡档：6006K（色调跟随当前值 -5）
[12:43:14.745] INF [session] 切模式：手动白平衡已按快照重放（6006K）
[12:43:14.745] INF [session] 切模式后档位复查（Log 实况）：曝光=自动 / 白平衡=手动 / 对焦意图=自动 / EV=+0.0
[12:43:14.746] INF [session] 切模式耗时 0.24s（Log 实况；含 outputs 重配与参数重放）
[12:43:14.746] INF [session] 已移除麦克风输入
[12:43:14.821] INF [audio] 音频会话已释放
[12:43:15.241] INF [session] 切模式 commit 后瞬间档位：曝光=自动 / 白平衡=手动 / 快照=曝光自动·白平衡手动
[12:43:15.241] INF [photo] 照片编码格式：hvc1
[12:43:15.241] INF [device] 手动白平衡档：5910K（色调跟随当前值 -4）
[12:43:15.241] INF [session] 切模式：手动白平衡已按快照重放（5910K）
[12:43:15.242] INF [session] 切模式后档位复查（照片）：曝光=自动 / 白平衡=手动 / 对焦意图=自动 / EV=+0.0
[12:43:15.242] INF [session] 切模式耗时 0.50s（照片；含 outputs 重配与参数重放）
[12:43:15.243] INF [resource] 模式 照片 · input 活 1（累计增/删 7/6） · output 活 1（累计增/删 25/24） · 内存 30.2MB
[12:43:15.321] INF [session] 切换模式 照片 → 视频
[12:43:15.321] INF [session] 已加入麦克风输入
[12:43:15.414] INF [audio] 音频会话已激活（active=true category=AVAudioSessionCategoryPlayAndRecord mode=AVAudioSessionModeVideoRecording 48000Hz ch=1）
[12:43:15.679] INF [session] 切模式 commit 后瞬间档位：曝光=自动 / 白平衡=手动 / 快照=曝光自动·白平衡手动
[12:43:15.680] DBG [photo] 视频：录制链路不挂照片输出，跳过照片模板准备
[12:43:15.680] INF [device] 手动白平衡档：5910K（色调跟随当前值 -4）
[12:43:15.680] INF [session] 切模式：手动白平衡已按快照重放（5910K）
[12:43:15.681] INF [session] 切模式后档位复查（视频）：曝光=自动 / 白平衡=手动 / 对焦意图=自动 / EV=+0.0
[12:43:15.681] INF [session] 切模式耗时 0.36s（视频；含 outputs 重配与参数重放）
[12:43:15.912] INF [session] 切换模式 视频 → 实况
[12:43:15.916] INF [photo] Live Photo 采集 已开启
[12:43:16.354] INF [session] 切模式 commit 后瞬间档位：曝光=自动 / 白平衡=手动 / 快照=曝光自动·白平衡手动
[12:43:16.354] INF [photo] 照片编码格式：hvc1
[12:43:16.354] INF [device] 手动白平衡档：5911K（色调跟随当前值 -4）
[12:43:16.354] INF [session] 切模式：手动白平衡已按快照重放（5911K）
[12:43:16.354] INF [session] 切模式后档位复查（实况）：曝光=自动 / 白平衡=手动 / 对焦意图=自动 / EV=+0.0
[12:43:16.354] INF [session] 切模式耗时 0.44s（实况；含 outputs 重配与参数重放）
[12:43:16.354] INF [resource] 模式 实况 · input 活 2（累计增/删 8/6） · output 活 1（累计增/删 27/26） · 内存 30.0MB
[12:43:16.520] INF [session] 切换模式 实况 → 照片
[12:43:16.521] INF [session] 已移除麦克风输入
[12:43:16.653] INF [audio] 音频会话已释放
[12:43:17.045] DBG [ui] toast: Log 实况：当前录制 Log 视频，套用 LUT 导出实况照片在 P5 交付
[12:43:17.046] INF [session] 切换模式 实况 → Log 实况
[12:43:17.082] INF [session] 切模式 commit 后瞬间档位：曝光=自动 / 白平衡=手动 / 快照=曝光自动·白平衡手动
[12:43:17.082] INF [photo] 照片编码格式：hvc1
[12:43:17.083] INF [device] 手动白平衡档：5912K（色调跟随当前值 -4）
[12:43:17.083] INF [session] 切模式：手动白平衡已按快照重放（5912K）
[12:43:17.083] INF [session] 切模式后档位复查（照片）：曝光=自动 / 白平衡=手动 / 对焦意图=自动 / EV=+0.0
[12:43:17.084] INF [session] 切模式耗时 0.56s（照片；含 outputs 重配与参数重放）
[12:43:17.084] INF [session] 已加入麦克风输入
[12:43:17.115] INF [audio] 音频会话已激活（active=true category=AVAudioSessionCategoryPlayAndRecord mode=AVAudioSessionModeVideoRecording 48000Hz ch=0）
[12:43:17.263] DBG [ui] toast: Log 实况：当前录制 Log 视频，套用 LUT 导出实况照片在 P5 交付
[12:43:17.263] INF [session] 切换模式 照片 → Log 实况
[12:43:17.385] INF [session] 切模式 commit 后瞬间档位：曝光=自动 / 白平衡=手动 / 快照=曝光自动·白平衡手动
[12:43:17.386] DBG [photo] Log 实况：录制链路不挂照片输出，跳过照片模板准备
[12:43:17.386] INF [device] 手动白平衡档：5912K（色调跟随当前值 -4）
[12:43:17.386] INF [session] 切模式：手动白平衡已按快照重放（5912K）
[12:43:17.386] INF [session] 切模式后档位复查（Log 实况）：曝光=自动 / 白平衡=手动 / 对焦意图=自动 / EV=+0.0
[12:43:17.386] INF [session] 切模式耗时 0.30s（Log 实况；含 outputs 重配与参数重放）
[12:43:17.462] INF [session] 切换模式 Log 实况 → 视频
[12:43:17.628] INF [session] 切模式 commit 后瞬间档位：曝光=自动 / 白平衡=手动 / 快照=曝光自动·白平衡手动
[12:43:17.628] DBG [photo] Log 实况：录制链路不挂照片输出，跳过照片模板准备
[12:43:17.628] INF [device] 手动白平衡档：5912K（色调跟随当前值 -4）
[12:43:17.628] INF [session] 切模式：手动白平衡已按快照重放（5912K）
[12:43:17.629] INF [session] 切模式后档位复查（Log 实况）：曝光=自动 / 白平衡=手动 / 对焦意图=自动 / EV=+0.0
[12:43:17.629] INF [session] 切模式耗时 0.24s（Log 实况；含 outputs 重配与参数重放）
[12:43:17.674] INF [session] 切换模式 Log 实况 → 视频
[12:43:17.866] INF [session] 切模式 commit 后瞬间档位：曝光=自动 / 白平衡=手动 / 快照=曝光自动·白平衡手动
[12:43:17.866] DBG [photo] 视频：录制链路不挂照片输出，跳过照片模板准备
[12:43:17.866] INF [device] 手动白平衡档：5732K（色调跟随当前值 -2）
[12:43:17.866] INF [session] 切模式：手动白平衡已按快照重放（5732K）
[12:43:17.867] INF [session] 切模式后档位复查（视频）：曝光=自动 / 白平衡=手动 / 对焦意图=自动 / EV=+0.0
[12:43:17.867] INF [session] 切模式耗时 0.24s（视频；含 outputs 重配与参数重放）
[12:43:17.867] INF [resource] 模式 视频 · input 活 2（累计增/删 9/7） · output 活 1（累计增/删 31/30） · 内存 30.1MB
[12:43:18.058] DBG [ui] toast: Log 实况：当前录制 Log 视频，套用 LUT 导出实况照片在 P5 交付
[12:43:18.058] INF [session] 切换模式 视频 → Log 实况
[12:43:18.100] INF [session] 切模式 commit 后瞬间档位：曝光=自动 / 白平衡=手动 / 快照=曝光自动·白平衡手动
[12:43:18.100] DBG [photo] 视频：录制链路不挂照片输出，跳过照片模板准备
[12:43:18.100] INF [device] 手动白平衡档：5732K（色调跟随当前值 -2）
[12:43:18.100] INF [session] 切模式：手动白平衡已按快照重放（5732K）
[12:43:18.100] INF [session] 切模式后档位复查（视频）：曝光=自动 / 白平衡=手动 / 对焦意图=自动 / EV=+0.0
[12:43:18.100] INF [session] 切模式耗时 0.23s（视频；含 outputs 重配与参数重放）
[12:43:18.237] INF [session] 切换模式 视频 → 实况
[12:43:18.334] INF [session] 切模式 commit 后瞬间档位：曝光=自动 / 白平衡=手动 / 快照=曝光自动·白平衡手动
[12:43:18.334] DBG [photo] Log 实况：录制链路不挂照片输出，跳过照片模板准备
[12:43:18.334] INF [device] 手动白平衡档：5733K（色调跟随当前值 -2）
[12:43:18.334] INF [session] 切模式：手动白平衡已按快照重放（5733K）
[12:43:18.334] INF [session] 切模式后档位复查（Log 实况）：曝光=自动 / 白平衡=手动 / 对焦意图=自动 / EV=+0.0
[12:43:18.334] INF [session] 切模式耗时 0.23s（Log 实况；含 outputs 重配与参数重放）
[12:43:18.335] INF [photo] Live Photo 采集 已开启
[12:43:18.450] INF [session] 切换模式 Log 实况 → 实况
[12:43:18.604] INF [session] 切换模式 Log 实况 → 实况
[12:43:18.757] INF [session] 切模式 commit 后瞬间档位：曝光=自动 / 白平衡=手动 / 快照=曝光自动·白平衡手动
[12:43:18.757] INF [photo] 照片编码格式：hvc1
[12:43:18.758] INF [device] 手动白平衡档：5733K（色调跟随当前值 -2）
[12:43:18.758] INF [session] 切模式：手动白平衡已按快照重放（5733K）
[12:43:18.758] INF [session] 切模式后档位复查（实况）：曝光=自动 / 白平衡=手动 / 对焦意图=自动 / EV=+0.0
[12:43:18.758] INF [session] 切模式耗时 0.42s（实况；含 outputs 重配与参数重放）
[12:43:18.760] INF [photo] Live Photo 采集 已开启
[12:43:18.892] DBG [ui] toast: Log 实况：当前录制 Log 视频，套用 LUT 导出实况照片在 P5 交付
[12:43:18.892] INF [session] 切换模式 实况 → Log 实况
[12:43:19.059] INF [session] 切模式 commit 后瞬间档位：曝光=自动 / 白平衡=手动 / 快照=曝光自动·白平衡手动
[12:43:19.059] INF [photo] 照片编码格式：hvc1
[12:43:19.059] INF [device] 手动白平衡档：5733K（色调跟随当前值 -2）
[12:43:19.059] INF [session] 切模式：手动白平衡已按快照重放（5733K）
[12:43:19.059] INF [session] 切模式后档位复查（实况）：曝光=自动 / 白平衡=手动 / 对焦意图=自动 / EV=+0.0
[12:43:19.059] INF [session] 切模式耗时 0.30s（实况；含 outputs 重配与参数重放）
[12:43:19.060] INF [photo] Live Photo 采集 已开启
[12:43:19.084] DBG [ui] toast: Log 实况：当前录制 Log 视频，套用 LUT 导出实况照片在 P5 交付
[12:43:19.084] INF [session] 切换模式 实况 → Log 实况
[12:43:19.317] DBG [ui] toast: Log 实况：当前录制 Log 视频，套用 LUT 导出实况照片在 P5 交付
[12:43:19.317] INF [session] 切换模式 实况 → Log 实况
[12:43:19.359] INF [session] 切模式 commit 后瞬间档位：曝光=自动 / 白平衡=手动 / 快照=曝光自动·白平衡手动
[12:43:19.359] INF [photo] 照片编码格式：hvc1
[12:43:19.359] INF [device] 手动白平衡档：5611K（色调跟随当前值 1）
[12:43:19.359] INF [session] 切模式：手动白平衡已按快照重放（5611K）
[12:43:19.359] INF [session] 切模式后档位复查（实况）：曝光=自动 / 白平衡=手动 / 对焦意图=自动 / EV=+0.0
[12:43:19.359] INF [session] 切模式耗时 0.30s（实况；含 outputs 重配与参数重放）
[12:43:19.359] INF [resource] 模式 实况 · input 活 2（累计增/删 9/7） · output 活 1（累计增/删 36/35） · 内存 30.1MB
[12:43:19.533] INF [session] 切换模式 实况 → 视频
[12:43:19.614] INF [session] 切模式 commit 后瞬间档位：曝光=自动 / 白平衡=手动 / 快照=曝光自动·白平衡手动
[12:43:19.614] DBG [photo] Log 实况：录制链路不挂照片输出，跳过照片模板准备
[12:43:19.614] INF [device] 手动白平衡档：5539K（色调跟随当前值 4）
[12:43:19.614] INF [session] 切模式：手动白平衡已按快照重放（5539K）
[12:43:19.615] INF [session] 切模式后档位复查（Log 实况）：曝光=自动 / 白平衡=手动 / 对焦意图=自动 / EV=+0.0
[12:43:19.615] INF [session] 切模式耗时 0.26s（Log 实况；含 outputs 重配与参数重放）
[12:43:19.704] INF [session] 切换模式 Log 实况 → 视频
[12:43:19.893] INF [session] 切模式 commit 后瞬间档位：曝光=自动 / 白平衡=手动 / 快照=曝光自动·白平衡手动
[12:43:19.893] DBG [photo] Log 实况：录制链路不挂照片输出，跳过照片模板准备
[12:43:19.893] INF [device] 手动白平衡档：5540K（色调跟随当前值 5）
[12:43:19.893] INF [session] 切模式：手动白平衡已按快照重放（5540K）
[12:43:19.893] INF [session] 切模式后档位复查（Log 实况）：曝光=自动 / 白平衡=手动 / 对焦意图=自动 / EV=+0.0
[12:43:19.893] INF [session] 切模式耗时 0.28s（Log 实况；含 outputs 重配与参数重放）
[12:43:20.130] INF [session] 切模式 commit 后瞬间档位：曝光=自动 / 白平衡=手动 / 快照=曝光自动·白平衡手动
[12:43:20.130] DBG [photo] Log 实况：录制链路不挂照片输出，跳过照片模板准备
[12:43:20.130] INF [device] 手动白平衡档：5540K（色调跟随当前值 5）
[12:43:20.130] INF [session] 切模式：手动白平衡已按快照重放（5540K）
[12:43:20.131] INF [session] 切模式后档位复查（Log 实况）：曝光=自动 / 白平衡=手动 / 对焦意图=自动 / EV=+0.0
[12:43:20.131] INF [session] 切模式耗时 0.24s（Log 实况；含 outputs 重配与参数重放）
[12:43:20.338] INF [session] 切换模式 Log 实况 → 实况
[12:43:20.369] INF [session] 切模式 commit 后瞬间档位：曝光=自动 / 白平衡=手动 / 快照=曝光自动·白平衡手动
[12:43:20.369] DBG [photo] 视频：录制链路不挂照片输出，跳过照片模板准备
[12:43:20.370] INF [device] 手动白平衡档：5540K（色调跟随当前值 5）
[12:43:20.370] INF [session] 切模式：手动白平衡已按快照重放（5540K）
[12:43:20.371] INF [session] 切模式后档位复查（视频）：曝光=自动 / 白平衡=手动 / 对焦意图=自动 / EV=+0.0
[12:43:20.371] INF [session] 切模式耗时 0.24s（视频；含 outputs 重配与参数重放）
[12:43:20.550] INF [session] 切换模式 视频 → 实况
[12:43:20.613] INF [session] 切模式 commit 后瞬间档位：曝光=自动 / 白平衡=手动 / 快照=曝光自动·白平衡手动
[12:43:20.613] DBG [photo] 视频：录制链路不挂照片输出，跳过照片模板准备
[12:43:20.614] INF [device] 手动白平衡档：5540K（色调跟随当前值 5）
[12:43:20.614] INF [session] 切模式：手动白平衡已按快照重放（5540K）
[12:43:20.614] INF [session] 切模式后档位复查（视频）：曝光=自动 / 白平衡=手动 / 对焦意图=自动 / EV=+0.0
[12:43:20.614] INF [session] 切模式耗时 0.24s（视频；含 outputs 重配与参数重放）
[12:43:20.614] INF [resource] 模式 视频 · input 活 2（累计增/删 9/7） · output 活 1（累计增/删 41/40） · 内存 30.2MB
[12:43:20.616] INF [photo] Live Photo 采集 已开启
[12:43:20.742] INF [session] 切换模式 视频 → 实况
[12:43:20.942] INF [session] 切换模式 视频 → 实况
[12:43:21.015] INF [session] 切模式 commit 后瞬间档位：曝光=自动 / 白平衡=手动 / 快照=曝光自动·白平衡手动
[12:43:21.015] INF [photo] 照片编码格式：hvc1
[12:43:21.015] INF [device] 手动白平衡档：5540K（色调跟随当前值 5）
[12:43:21.015] INF [session] 切模式：手动白平衡已按快照重放（5540K）
[12:43:21.016] INF [session] 切模式后档位复查（实况）：曝光=自动 / 白平衡=手动 / 对焦意图=自动 / EV=+0.0
[12:43:21.016] INF [session] 切模式耗时 0.40s（实况；含 outputs 重配与参数重放）
[12:43:21.017] INF [photo] Live Photo 采集 已开启
[12:43:21.163] DBG [ui] toast: Log 实况：当前录制 Log 视频，套用 LUT 导出实况照片在 P5 交付
[12:43:21.163] INF [session] 切换模式 实况 → Log 实况
[12:43:21.317] INF [session] 切模式 commit 后瞬间档位：曝光=自动 / 白平衡=手动 / 快照=曝光自动·白平衡手动
[12:43:21.317] INF [photo] 照片编码格式：hvc1
[12:43:21.318] INF [device] 手动白平衡档：5540K（色调跟随当前值 5）
[12:43:21.318] INF [session] 切模式：手动白平衡已按快照重放（5540K）
[12:43:21.318] INF [session] 切模式后档位复查（实况）：曝光=自动 / 白平衡=手动 / 对焦意图=自动 / EV=+0.0
[12:43:21.318] INF [session] 切模式耗时 0.30s（实况；含 outputs 重配与参数重放）
[12:43:21.319] INF [photo] Live Photo 采集 已开启
[12:43:21.355] DBG [ui] toast: Log 实况：当前录制 Log 视频，套用 LUT 导出实况照片在 P5 交付
[12:43:21.355] INF [session] 切换模式 实况 → Log 实况
[12:43:21.571] DBG [ui] toast: Log 实况：当前录制 Log 视频，套用 LUT 导出实况照片在 P5 交付
[12:43:21.571] INF [session] 切换模式 实况 → Log 实况
[12:43:21.616] INF [session] 切模式 commit 后瞬间档位：曝光=自动 / 白平衡=手动 / 快照=曝光自动·白平衡手动
[12:43:21.617] INF [photo] 照片编码格式：hvc1
[12:43:21.617] INF [device] 手动白平衡档：5526K（色调跟随当前值 4）
[12:43:21.617] INF [session] 切模式：手动白平衡已按快照重放（5526K）
[12:43:21.617] INF [session] 切模式后档位复查（实况）：曝光=自动 / 白平衡=手动 / 对焦意图=自动 / EV=+0.0
[12:43:21.617] INF [session] 切模式耗时 0.30s（实况；含 outputs 重配与参数重放）
[12:43:21.618] INF [photo] Live Photo 采集 已开启
[12:43:21.771] INF [session] 切换模式 实况 → 视频
[12:43:21.916] INF [session] 切模式 commit 后瞬间档位：曝光=自动 / 白平衡=手动 / 快照=曝光自动·白平衡手动
[12:43:21.917] INF [photo] 照片编码格式：hvc1
[12:43:21.917] INF [device] 手动白平衡档：5529K（色调跟随当前值 5）
[12:43:21.917] INF [session] 切模式：手动白平衡已按快照重放（5529K）
[12:43:21.917] INF [session] 切模式后档位复查（实况）：曝光=自动 / 白平衡=手动 / 对焦意图=自动 / EV=+0.0
[12:43:21.917] INF [session] 切模式耗时 0.30s（实况；含 outputs 重配与参数重放）
[12:43:21.917] INF [resource] 模式 实况 · input 活 2（累计增/删 9/7） · output 活 1（累计增/删 45/44） · 内存 29.7MB
[12:43:21.972] INF [session] 切换模式 实况 → 视频
[12:43:22.121] INF [session] 切换模式 实况 → 视频
[12:43:22.174] INF [session] 切模式 commit 后瞬间档位：曝光=自动 / 白平衡=手动 / 快照=曝光自动·白平衡手动
[12:43:22.174] DBG [photo] Log 实况：录制链路不挂照片输出，跳过照片模板准备
[12:43:22.174] INF [device] 手动白平衡档：5530K（色调跟随当前值 5）
[12:43:22.174] INF [session] 切模式：手动白平衡已按快照重放（5530K）
[12:43:22.174] INF [session] 切模式后档位复查（Log 实况）：曝光=自动 / 白平衡=手动 / 对焦意图=自动 / EV=+0.0
[12:43:22.175] INF [session] 切模式耗时 0.26s（Log 实况；含 outputs 重配与参数重放）
[12:43:22.346] INF [session] 切换模式 Log 实况 → 视频
[12:43:22.403] INF [session] 切模式 commit 后瞬间档位：曝光=自动 / 白平衡=手动 / 快照=曝光自动·白平衡手动
[12:43:22.403] DBG [photo] Log 实况：录制链路不挂照片输出，跳过照片模板准备
[12:43:22.403] INF [device] 手动白平衡档：5531K（色调跟随当前值 6）
[12:43:22.403] INF [session] 切模式：手动白平衡已按快照重放（5531K）
[12:43:22.404] INF [session] 切模式后档位复查（Log 实况）：曝光=自动 / 白平衡=手动 / 对焦意图=自动 / EV=+0.0
[12:43:22.404] INF [session] 切模式耗时 0.23s（Log 实况；含 outputs 重配与参数重放）
[12:43:22.455] INF [session] 切换模式 Log 实况 → 视频
[12:43:22.642] INF [session] 切模式 commit 后瞬间档位：曝光=自动 / 白平衡=手动 / 快照=曝光自动·白平衡手动
[12:43:22.642] DBG [photo] Log 实况：录制链路不挂照片输出，跳过照片模板准备
[12:43:22.643] INF [device] 手动白平衡档：5531K（色调跟随当前值 6）
[12:43:22.643] INF [session] 切模式：手动白平衡已按快照重放（5531K）
[12:43:22.643] INF [session] 切模式后档位复查（Log 实况）：曝光=自动 / 白平衡=手动 / 对焦意图=自动 / EV=+0.0
[12:43:22.643] INF [session] 切模式耗时 0.24s（Log 实况；含 outputs 重配与参数重放）
[12:43:22.876] INF [session] 切模式 commit 后瞬间档位：曝光=自动 / 白平衡=手动 / 快照=曝光自动·白平衡手动
[12:43:22.876] DBG [photo] 视频：录制链路不挂照片输出，跳过照片模板准备
[12:43:22.877] INF [device] 手动白平衡档：5531K（色调跟随当前值 6）
[12:43:22.877] INF [session] 切模式：手动白平衡已按快照重放（5531K）
[12:43:22.878] INF [session] 切模式后档位复查（视频）：曝光=自动 / 白平衡=手动 / 对焦意图=自动 / EV=+0.0
[12:43:22.878] INF [session] 切模式耗时 0.23s（视频；含 outputs 重配与参数重放）
[12:43:22.937] DBG [ui] toast: Log 实况：当前录制 Log 视频，套用 LUT 导出实况照片在 P5 交付
[12:43:22.937] INF [session] 切换模式 视频 → Log 实况
[12:43:23.112] INF [session] 切模式 commit 后瞬间档位：曝光=自动 / 白平衡=手动 / 快照=曝光自动·白平衡手动
[12:43:23.112] DBG [photo] 视频：录制链路不挂照片输出，跳过照片模板准备
[12:43:23.113] INF [device] 手动白平衡档：5531K（色调跟随当前值 6）
[12:43:23.113] INF [session] 切模式：手动白平衡已按快照重放（5531K）
[12:43:23.113] INF [session] 切模式后档位复查（视频）：曝光=自动 / 白平衡=手动 / 对焦意图=自动 / EV=+0.0
[12:43:23.113] INF [session] 切模式耗时 0.24s（视频；含 outputs 重配与参数重放）
[12:43:23.148] INF [session] 切换模式 视频 → 实况
[12:43:23.338] INF [session] 切换模式 视频 → 实况
[12:43:23.393] INF [session] 切模式 commit 后瞬间档位：曝光=自动 / 白平衡=手动 / 快照=曝光自动·白平衡手动
[12:43:23.393] DBG [photo] 视频：录制链路不挂照片输出，跳过照片模板准备
[12:43:23.393] INF [device] 手动白平衡档：5531K（色调跟随当前值 6）
[12:43:23.393] INF [session] 切模式：手动白平衡已按快照重放（5531K）
[12:43:23.394] INF [session] 切模式后档位复查（视频）：曝光=自动 / 白平衡=手动 / 对焦意图=自动 / EV=+0.0
[12:43:23.394] INF [session] 切模式耗时 0.28s（视频；含 outputs 重配与参数重放）
[12:43:23.394] INF [resource] 模式 视频 · input 活 2（累计增/删 9/7） · output 活 1（累计增/删 51/50） · 内存 30.0MB
[12:43:23.472] INF [session] 切换模式 视频 → 实况
[12:43:23.629] INF [session] 切模式 commit 后瞬间档位：曝光=自动 / 白平衡=手动 / 快照=曝光自动·白平衡手动
[12:43:23.629] DBG [photo] 视频：录制链路不挂照片输出，跳过照片模板准备
[12:43:23.629] INF [device] 手动白平衡档：5531K（色调跟随当前值 6）
[12:43:23.629] INF [session] 切模式：手动白平衡已按快照重放（5531K）
[12:43:23.630] INF [session] 切模式后档位复查（视频）：曝光=自动 / 白平衡=手动 / 对焦意图=自动 / EV=+0.0
[12:43:23.630] INF [session] 切模式耗时 0.24s（视频；含 outputs 重配与参数重放）
[12:43:23.705] INF [session] 切换模式 视频 → 照片
[12:43:23.869] INF [session] 切模式 commit 后瞬间档位：曝光=自动 / 白平衡=手动 / 快照=曝光自动·白平衡手动
[12:43:23.870] DBG [photo] 视频：录制链路不挂照片输出，跳过照片模板准备
[12:43:23.870] INF [device] 手动白平衡档：5531K（色调跟随当前值 6）
[12:43:23.870] INF [session] 切模式：手动白平衡已按快照重放（5531K）
[12:43:23.871] INF [session] 切模式后档位复查（视频）：曝光=自动 / 白平衡=手动 / 对焦意图=自动 / EV=+0.0
[12:43:23.871] INF [session] 切模式耗时 0.24s（视频；含 outputs 重配与参数重放）
[12:43:23.925] INF [session] 切换模式 视频 → 照片
[12:43:24.088] INF [session] 切换模式 视频 → 实况
[12:43:24.109] INF [session] 切模式 commit 后瞬间档位：曝光=自动 / 白平衡=手动 / 快照=曝光自动·白平衡手动
[12:43:24.109] DBG [photo] Log 实况：录制链路不挂照片输出，跳过照片模板准备
[12:43:24.109] INF [device] 手动白平衡档：5531K（色调跟随当前值 6）
[12:43:24.109] INF [session] 切模式：手动白平衡已按快照重放（5531K）
[12:43:24.109] INF [session] 切模式后档位复查（Log 实况）：曝光=自动 / 白平衡=手动 / 对焦意图=自动 / EV=+0.0
[12:43:24.109] INF [session] 切模式耗时 0.24s（Log 实况；含 outputs 重配与参数重放）
[12:43:24.110] INF [resource] 模式 Log 实况 · input 活 2（累计增/删 9/7） · output 活 1（累计增/删 54/53） · 内存 29.8MB
[12:43:24.110] INF [photo] Live Photo 采集 已开启
[12:43:24.527] INF [session] 切模式 commit 后瞬间档位：曝光=自动 / 白平衡=手动 / 快照=曝光自动·白平衡手动
[12:43:24.527] INF [photo] 照片编码格式：hvc1
[12:43:24.527] INF [device] 手动白平衡档：5531K（色调跟随当前值 6）
[12:43:24.527] INF [session] 切模式：手动白平衡已按快照重放（5531K）
[12:43:24.528] INF [session] 切模式后档位复查（实况）：曝光=自动 / 白平衡=手动 / 对焦意图=自动 / EV=+0.0
[12:43:24.528] INF [session] 切模式耗时 0.42s（实况；含 outputs 重配与参数重放）
[12:43:24.529] INF [photo] Live Photo 采集 已开启
[12:43:24.680] INF [session] 切换模式 实况 → 视频
[12:43:24.829] INF [session] 切模式 commit 后瞬间档位：曝光=自动 / 白平衡=手动 / 快照=曝光自动·白平衡手动
[12:43:24.829] INF [photo] 照片编码格式：hvc1
[12:43:24.829] INF [device] 手动白平衡档：5531K（色调跟随当前值 6）
[12:43:24.829] INF [session] 切模式：手动白平衡已按快照重放（5531K）
[12:43:24.829] INF [session] 切模式后档位复查（实况）：曝光=自动 / 白平衡=手动 / 对焦意图=自动 / EV=+0.0
[12:43:24.829] INF [session] 切模式耗时 0.30s（实况；含 outputs 重配与参数重放）
[12:43:24.830] INF [photo] Live Photo 采集 已开启
[12:43:24.876] INF [session] 切换模式 实况 → 视频
[12:43:25.076] INF [session] 切换模式 实况 → 视频
[12:43:25.127] INF [session] 切模式 commit 后瞬间档位：曝光=自动 / 白平衡=手动 / 快照=曝光自动·白平衡手动
[12:43:25.128] INF [photo] 照片编码格式：hvc1
[12:43:25.128] INF [device] 手动白平衡档：5549K（色调跟随当前值 6）
[12:43:25.128] INF [session] 切模式：手动白平衡已按快照重放（5549K）
[12:43:25.128] INF [session] 切模式后档位复查（实况）：曝光=自动 / 白平衡=手动 / 对焦意图=自动 / EV=+0.0
[12:43:25.128] INF [session] 切模式耗时 0.30s（实况；含 outputs 重配与参数重放）
[12:43:25.129] INF [session] 已移除麦克风输入
[12:43:25.206] INF [audio] 音频会话已释放
[12:43:25.227] INF [session] 切换模式 实况 → 视频
[12:43:25.409] DBG [ui] toast: Log 实况：当前录制 Log 视频，套用 LUT 导出实况照片在 P5 交付
[12:43:25.410] INF [session] 切换模式 实况 → Log 实况
[12:43:25.559] DBG [ui] toast: Log 实况：当前录制 Log 视频，套用 LUT 导出实况照片在 P5 交付
[12:43:25.560] INF [session] 切换模式 实况 → Log 实况
[12:43:25.699] INF [session] 切模式 commit 后瞬间档位：曝光=自动 / 白平衡=手动 / 快照=曝光自动·白平衡手动
[12:43:25.700] INF [photo] 照片编码格式：hvc1
[12:43:25.700] INF [device] 手动白平衡档：5531K（色调跟随当前值 6）
[12:43:25.700] INF [session] 切模式：手动白平衡已按快照重放（5531K）
[12:43:25.701] INF [session] 切模式后档位复查（照片）：曝光=自动 / 白平衡=手动 / 对焦意图=自动 / EV=+0.0
[12:43:25.701] INF [session] 切模式耗时 0.57s（照片；含 outputs 重配与参数重放）
[12:43:25.776] DBG [ui] toast: Log 实况：当前录制 Log 视频，套用 LUT 导出实况照片在 P5 交付
[12:43:25.776] INF [session] 切换模式 照片 → Log 实况
[12:43:25.959] INF [session] 切换模式 照片 → 实况
[12:43:25.992] INF [session] 切模式 commit 后瞬间档位：曝光=自动 / 白平衡=手动 / 快照=曝光自动·白平衡手动
[12:43:25.992] INF [photo] 照片编码格式：hvc1
[12:43:25.992] INF [device] 手动白平衡档：5548K（色调跟随当前值 6）
[12:43:25.992] INF [session] 切模式：手动白平衡已按快照重放（5548K）
[12:43:25.993] INF [session] 切模式后档位复查（照片）：曝光=自动 / 白平衡=手动 / 对焦意图=自动 / EV=+0.0
[12:43:25.993] INF [session] 切模式耗时 0.29s（照片；含 outputs 重配与参数重放）
[12:43:25.993] INF [session] 已加入麦克风输入
[12:43:26.026] INF [audio] 音频会话已激活（active=true category=AVAudioSessionCategoryPlayAndRecord mode=AVAudioSessionModeVideoRecording 48000Hz ch=0）
[12:43:26.028] INF [photo] Live Photo 采集 已开启
[12:43:26.210] INF [session] 切换模式 照片 → 实况
[12:43:26.327] INF [session] 切换模式 照片 → 实况
[12:43:26.442] INF [session] 切模式 commit 后瞬间档位：曝光=自动 / 白平衡=手动 / 快照=曝光自动·白平衡手动
[12:43:26.442] INF [photo] 照片编码格式：hvc1
[12:43:26.442] INF [device] 手动白平衡档：5549K（色调跟随当前值 6）
[12:43:26.442] INF [session] 切模式：手动白平衡已按快照重放（5549K）
[12:43:26.443] INF [session] 切模式后档位复查（实况）：曝光=自动 / 白平衡=手动 / 对焦意图=自动 / EV=+0.0
[12:43:26.443] INF [session] 切模式耗时 0.45s（实况；含 outputs 重配与参数重放）
[12:43:26.443] INF [resource] 模式 实况 · input 活 2（累计增/删 10/8） · output 活 1（累计增/删 60/59） · 内存 29.9MB
[12:43:26.710] DBG [ui] toast: Log 实况：当前录制 Log 视频，套用 LUT 导出实况照片在 P5 交付
[12:43:26.710] INF [session] 切换模式 实况 → Log 实况
[12:43:26.758] INF [session] 切模式 commit 后瞬间档位：曝光=自动 / 白平衡=手动 / 快照=曝光自动·白平衡手动
[12:43:26.758] DBG [photo] 视频：录制链路不挂照片输出，跳过照片模板准备
[12:43:26.758] INF [device] 手动白平衡档：5530K（色调跟随当前值 6）
[12:43:26.758] INF [session] 切模式：手动白平衡已按快照重放（5530K）
[12:43:26.759] INF [session] 切模式后档位复查（视频）：曝光=自动 / 白平衡=手动 / 对焦意图=自动 / EV=+0.0
[12:43:26.759] INF [session] 切模式耗时 0.32s（视频；含 outputs 重配与参数重放）
[12:43:26.889] DBG [ui] toast: Log 实况：当前录制 Log 视频，套用 LUT 导出实况照片在 P5 交付
[12:43:26.889] INF [session] 切换模式 视频 → Log 实况
[12:43:26.996] INF [session] 切模式 commit 后瞬间档位：曝光=自动 / 白平衡=手动 / 快照=曝光自动·白平衡手动
[12:43:26.996] DBG [photo] 视频：录制链路不挂照片输出，跳过照片模板准备
[12:43:26.996] INF [device] 手动白平衡档：5548K（色调跟随当前值 6）
[12:43:26.996] INF [session] 切模式：手动白平衡已按快照重放（5548K）
[12:43:26.996] INF [session] 切模式后档位复查（视频）：曝光=自动 / 白平衡=手动 / 对焦意图=自动 / EV=+0.0
[12:43:26.996] INF [session] 切模式耗时 0.24s（视频；含 outputs 重配与参数重放）
[12:43:27.089] DBG [ui] toast: Log 实况：当前录制 Log 视频，套用 LUT 导出实况照片在 P5 交付
[12:43:27.089] INF [session] 切换模式 视频 → Log 实况
[12:43:27.246] INF [session] 切模式 commit 后瞬间档位：曝光=自动 / 白平衡=手动 / 快照=曝光自动·白平衡手动
[12:43:27.246] DBG [photo] 视频：录制链路不挂照片输出，跳过照片模板准备
[12:43:27.246] INF [device] 手动白平衡档：5549K（色调跟随当前值 6）
[12:43:27.246] INF [session] 切模式：手动白平衡已按快照重放（5549K）
[12:43:27.247] INF [session] 切模式后档位复查（视频）：曝光=自动 / 白平衡=手动 / 对焦意图=自动 / EV=+0.0
[12:43:27.247] INF [session] 切模式耗时 0.25s（视频；含 outputs 重配与参数重放）
[12:43:27.484] INF [session] 切模式 commit 后瞬间档位：曝光=自动 / 白平衡=手动 / 快照=曝光自动·白平衡手动
[12:43:27.484] DBG [photo] 视频：录制链路不挂照片输出，跳过照片模板准备
[12:43:27.485] INF [device] 手动白平衡档：5549K（色调跟随当前值 6）
[12:43:27.485] INF [session] 切模式：手动白平衡已按快照重放（5549K）
[12:43:27.485] INF [session] 切模式后档位复查（视频）：曝光=自动 / 白平衡=手动 / 对焦意图=自动 / EV=+0.0
[12:43:27.486] INF [session] 切模式耗时 0.24s（视频；含 outputs 重配与参数重放）
[12:43:27.486] INF [resource] 模式 视频 · input 活 2（累计增/删 10/8） · output 活 1（累计增/删 64/63） · 内存 29.9MB
[12:43:27.724] INF [session] 切模式 commit 后瞬间档位：曝光=自动 / 白平衡=手动 / 快照=曝光自动·白平衡手动
[12:43:27.724] DBG [photo] Log 实况：录制链路不挂照片输出，跳过照片模板准备
[12:43:27.724] INF [device] 手动白平衡档：5549K（色调跟随当前值 6）
[12:43:27.724] INF [session] 切模式：手动白平衡已按快照重放（5549K）
[12:43:27.725] INF [session] 切模式后档位复查（Log 实况）：曝光=自动 / 白平衡=手动 / 对焦意图=自动 / EV=+0.0
[12:43:27.725] INF [session] 切模式耗时 0.24s（Log 实况；含 outputs 重配与参数重放）
[12:43:27.965] INF [session] 切模式 commit 后瞬间档位：曝光=自动 / 白平衡=手动 / 快照=曝光自动·白平衡手动
[12:43:27.965] DBG [photo] Log 实况：录制链路不挂照片输出，跳过照片模板准备
[12:43:27.965] INF [device] 手动白平衡档：5549K（色调跟随当前值 6）
[12:43:27.965] INF [session] 切模式：手动白平衡已按快照重放（5549K）
[12:43:27.966] INF [session] 切模式后档位复查（Log 实况）：曝光=自动 / 白平衡=手动 / 对焦意图=自动 / EV=+0.0
[12:43:27.966] INF [session] 切模式耗时 0.24s（Log 实况；含 outputs 重配与参数重放）
[12:43:28.056] INF [session] 切换模式 Log 实况 → 视频
[12:43:28.201] INF [session] 切模式 commit 后瞬间档位：曝光=自动 / 白平衡=手动 / 快照=曝光自动·白平衡手动
[12:43:28.201] DBG [photo] Log 实况：录制链路不挂照片输出，跳过照片模板准备
[12:43:28.202] INF [device] 手动白平衡档：5549K（色调跟随当前值 6）
[12:43:28.202] INF [session] 切模式：手动白平衡已按快照重放（5549K）
[12:43:28.202] INF [session] 切模式后档位复查（Log 实况）：曝光=自动 / 白平衡=手动 / 对焦意图=自动 / EV=+0.0
[12:43:28.202] INF [session] 切模式耗时 0.24s（Log 实况；含 outputs 重配与参数重放）
[12:43:28.204] INF [photo] Live Photo 采集 已开启
[12:43:28.589] INF [session] 切换模式 Log 实况 → 实况
[12:43:28.604] INF [session] 切模式 commit 后瞬间档位：曝光=自动 / 白平衡=手动 / 快照=曝光自动·白平衡手动
[12:43:28.605] INF [photo] 照片编码格式：hvc1
[12:43:28.605] INF [device] 手动白平衡档：5549K（色调跟随当前值 6）
[12:43:28.605] INF [session] 切模式：手动白平衡已按快照重放（5549K）
[12:43:28.606] INF [session] 切模式后档位复查（实况）：曝光=自动 / 白平衡=手动 / 对焦意图=自动 / EV=+0.0
[12:43:28.606] INF [session] 切模式耗时 0.40s（实况；含 outputs 重配与参数重放）
[12:43:28.607] INF [photo] Live Photo 采集 已开启
[12:43:28.906] INF [session] 切模式 commit 后瞬间档位：曝光=自动 / 白平衡=手动 / 快照=曝光自动·白平衡手动
[12:43:28.906] INF [photo] 照片编码格式：hvc1
[12:43:28.906] INF [device] 手动白平衡档：5549K（色调跟随当前值 6）
[12:43:28.906] INF [session] 切模式：手动白平衡已按快照重放（5549K）
[12:43:28.907] INF [session] 切模式后档位复查（实况）：曝光=自动 / 白平衡=手动 / 对焦意图=自动 / EV=+0.0
[12:43:28.907] INF [session] 切模式耗时 0.30s（实况；含 outputs 重配与参数重放）
[12:43:28.908] INF [photo] Live Photo 采集 已开启
[12:43:28.968] INF [session] 切换模式 实况 → 照片
[12:43:29.085] INF [session] 切换模式 实况 → 照片
[12:43:29.206] INF [session] 切模式 commit 后瞬间档位：曝光=自动 / 白平衡=手动 / 快照=曝光自动·白平衡手动
[12:43:29.206] INF [photo] 照片编码格式：hvc1
[12:43:29.206] INF [device] 手动白平衡档：5555K（色调跟随当前值 6）
[12:43:29.206] INF [session] 切模式：手动白平衡已按快照重放（5555K）
[12:43:29.207] INF [session] 切模式后档位复查（实况）：曝光=自动 / 白平衡=手动 / 对焦意图=自动 / EV=+0.0
[12:43:29.207] INF [session] 切模式耗时 0.30s（实况；含 outputs 重配与参数重放）
[12:43:29.402] DBG [ui] toast: Log 实况：当前录制 Log 视频，套用 LUT 导出实况照片在 P5 交付
[12:43:29.402] INF [session] 切换模式 实况 → Log 实况
[12:43:29.463] INF [session] 切模式 commit 后瞬间档位：曝光=自动 / 白平衡=手动 / 快照=曝光自动·白平衡手动
[12:43:29.463] DBG [photo] Log 实况：录制链路不挂照片输出，跳过照片模板准备
[12:43:29.464] INF [device] 手动白平衡档：5552K（色调跟随当前值 4）
[12:43:29.464] INF [session] 切模式：手动白平衡已按快照重放（5552K）
[12:43:29.464] INF [session] 切模式后档位复查（Log 实况）：曝光=自动 / 白平衡=手动 / 对焦意图=自动 / EV=+0.0
[12:43:29.464] INF [session] 切模式耗时 0.26s（Log 实况；含 outputs 重配与参数重放）
[12:43:29.464] INF [resource] 模式 Log 实况 · input 活 2（累计增/删 10/8） · output 活 1（累计增/删 71/70） · 内存 29.9MB
[12:43:29.700] INF [session] 切模式 commit 后瞬间档位：曝光=自动 / 白平衡=手动 / 快照=曝光自动·白平衡手动
[12:43:29.700] DBG [photo] Log 实况：录制链路不挂照片输出，跳过照片模板准备
[12:43:29.700] INF [device] 手动白平衡档：5552K（色调跟随当前值 4）
[12:43:29.700] INF [session] 切模式：手动白平衡已按快照重放（5552K）
[12:43:29.701] INF [session] 切模式后档位复查（Log 实况）：曝光=自动 / 白平衡=手动 / 对焦意图=自动 / EV=+0.0
[12:43:29.701] INF [session] 切模式耗时 0.24s（Log 实况；含 outputs 重配与参数重放）
[12:43:29.873] INF [session] 切换模式 Log 实况 → 视频
[12:43:29.934] INF [session] 切模式 commit 后瞬间档位：曝光=自动 / 白平衡=手动 / 快照=曝光自动·白平衡手动
[12:43:29.935] DBG [photo] Log 实况：录制链路不挂照片输出，跳过照片模板准备
[12:43:29.935] INF [device] 手动白平衡档：5552K（色调跟随当前值 4）
[12:43:29.935] INF [session] 切模式：手动白平衡已按快照重放（5552K）
[12:43:29.936] INF [session] 切模式后档位复查（Log 实况）：曝光=自动 / 白平衡=手动 / 对焦意图=自动 / EV=+0.0
[12:43:29.936] INF [session] 切模式耗时 0.23s（Log 实况；含 outputs 重配与参数重放）
[12:43:29.936] INF [resource] 模式 Log 实况 · input 活 2（累计增/删 10/8） · output 活 1（累计增/删 73/72） · 内存 30.3MB
[12:43:30.040] INF [session] 切换模式 Log 实况 → 视频
[12:43:30.173] INF [session] 切模式 commit 后瞬间档位：曝光=自动 / 白平衡=手动 / 快照=曝光自动·白平衡手动
[12:43:30.173] DBG [photo] 视频：录制链路不挂照片输出，跳过照片模板准备
[12:43:30.174] INF [device] 手动白平衡档：5552K（色调跟随当前值 4）
[12:43:30.174] INF [session] 切模式：手动白平衡已按快照重放（5552K）
[12:43:30.175] INF [session] 切模式后档位复查（视频）：曝光=自动 / 白平衡=手动 / 对焦意图=自动 / EV=+0.0
[12:43:30.175] INF [session] 切模式耗时 0.24s（视频；含 outputs 重配与参数重放）
[12:43:30.176] INF [photo] Live Photo 采集 已开启
[12:43:30.390] DBG [preview] 点按对焦 view=(305,3) device=(0.00,0.32)
[12:43:30.581] INF [session] 切模式 commit 后瞬间档位：曝光=自动 / 白平衡=手动 / 快照=曝光自动·白平衡手动
[12:43:30.581] INF [photo] 照片编码格式：hvc1
[12:43:30.581] INF [device] 手动白平衡档：5552K（色调跟随当前值 4）
[12:43:30.581] INF [session] 切模式：手动白平衡已按快照重放（5552K）
[12:43:30.582] INF [session] 切模式后档位复查（实况）：曝光=自动 / 白平衡=手动 / 对焦意图=自动 / EV=+0.0
[12:43:30.582] INF [session] 切模式耗时 0.41s（实况；含 outputs 重配与参数重放）
[12:43:30.582] INF [resource] 模式 实况 · input 活 2（累计增/删 10/8） · output 活 1（累计增/删 75/74） · 内存 30.2MB
[12:43:30.583] INF [session] 已移除麦克风输入
[12:43:30.658] INF [audio] 音频会话已释放
[12:43:30.714] INF [session] 切换模式 实况 → 视频
[12:43:30.881] DBG [ui] toast: Log 实况：当前录制 Log 视频，套用 LUT 导出实况照片在 P5 交付
[12:43:30.881] INF [session] 切换模式 实况 → Log 实况
[12:43:31.031] DBG [ui] toast: Log 实况：当前录制 Log 视频，套用 LUT 导出实况照片在 P5 交付
[12:43:31.031] INF [session] 切换模式 实况 → Log 实况
[12:43:31.130] INF [session] 切模式 commit 后瞬间档位：曝光=自动 / 白平衡=手动 / 快照=曝光自动·白平衡手动
[12:43:31.130] INF [photo] 照片编码格式：hvc1
[12:43:31.130] INF [device] 手动白平衡档：5552K（色调跟随当前值 4）
[12:43:31.130] INF [session] 切模式：手动白平衡已按快照重放（5552K）
[12:43:31.131] INF [session] 切模式后档位复查（照片）：曝光=自动 / 白平衡=手动 / 对焦意图=自动 / EV=+0.0
[12:43:31.131] INF [session] 切模式耗时 0.55s（照片；含 outputs 重配与参数重放）
[12:43:31.198] INF [session] 切换模式 照片 → 实况
[12:43:31.429] INF [session] 切模式 commit 后瞬间档位：曝光=自动 / 白平衡=手动 / 快照=曝光自动·白平衡手动
[12:43:31.429] INF [photo] 照片编码格式：hvc1
[12:43:31.429] INF [device] 手动白平衡档：5551K（色调跟随当前值 4）
[12:43:31.429] INF [session] 切模式：手动白平衡已按快照重放（5551K）
[12:43:31.430] INF [session] 切模式后档位复查（照片）：曝光=自动 / 白平衡=手动 / 对焦意图=自动 / EV=+0.0
[12:43:31.430] INF [session] 切模式耗时 0.30s（照片；含 outputs 重配与参数重放）
[12:43:31.430] INF [session] 已加入麦克风输入
[12:43:31.453] INF [audio] 音频会话已激活（active=true category=AVAudioSessionCategoryPlayAndRecord mode=AVAudioSessionModeVideoRecording 48000Hz ch=1）
[12:43:31.689] INF [session] 切模式 commit 后瞬间档位：曝光=自动 / 白平衡=手动 / 快照=曝光自动·白平衡手动
[12:43:31.689] DBG [photo] Log 实况：录制链路不挂照片输出，跳过照片模板准备
[12:43:31.689] INF [device] 手动白平衡档：5509K（色调跟随当前值 3）
[12:43:31.689] INF [session] 切模式：手动白平衡已按快照重放（5509K）
[12:43:31.690] INF [session] 切模式后档位复查（Log 实况）：曝光=自动 / 白平衡=手动 / 对焦意图=自动 / EV=+0.0
[12:43:31.690] INF [session] 切模式耗时 0.26s（Log 实况；含 outputs 重配与参数重放）
[12:43:31.744] INF [session] 切换模式 Log 实况 → 实况
[12:43:31.930] INF [session] 切模式 commit 后瞬间档位：曝光=自动 / 白平衡=手动 / 快照=曝光自动·白平衡手动
[12:43:31.930] DBG [photo] 视频：录制链路不挂照片输出，跳过照片模板准备
[12:43:31.930] INF [device] 手动白平衡档：5551K（色调跟随当前值 4）
[12:43:31.930] INF [session] 切模式：手动白平衡已按快照重放（5551K）
[12:43:31.931] INF [session] 切模式后档位复查（视频）：曝光=自动 / 白平衡=手动 / 对焦意图=自动 / EV=+0.0
[12:43:31.931] INF [session] 切模式耗时 0.24s（视频；含 outputs 重配与参数重放）
[12:43:31.931] INF [resource] 模式 视频 · input 活 2（累计增/删 11/9） · output 活 1（累计增/删 79/78） · 内存 30.7MB
[12:43:32.044] DBG [ui] toast: Log 实况：当前录制 Log 视频，套用 LUT 导出实况照片在 P5 交付
[12:43:32.044] INF [session] 切换模式 视频 → Log 实况
[12:43:32.162] INF [session] 切模式 commit 后瞬间档位：曝光=自动 / 白平衡=手动 / 快照=曝光自动·白平衡手动
[12:43:32.162] DBG [photo] 视频：录制链路不挂照片输出，跳过照片模板准备
[12:43:32.162] INF [device] 手动白平衡档：5507K（色调跟随当前值 3）
[12:43:32.163] INF [session] 切模式：手动白平衡已按快照重放（5507K）
[12:43:32.163] INF [session] 切模式后档位复查（视频）：曝光=自动 / 白平衡=手动 / 对焦意图=自动 / EV=+0.0
[12:43:32.163] INF [session] 切模式耗时 0.23s（视频；含 outputs 重配与参数重放）
[12:43:32.163] DBG [device] 对焦点 → (0.00, 0.32)
[12:43:32.163] INF [device] 手动白平衡档：5507K（色调跟随当前值 3）
[12:43:32.163] INF [session] 点按对焦后按意图重放手动白平衡（5507K）
[12:43:32.164] INF [session] 点按对焦后档位：曝光=自动 / 白平衡=手动 / 意图=曝光自动·白平衡手动
[12:43:32.405] INF [session] 切模式 commit 后瞬间档位：曝光=自动 / 白平衡=手动 / 快照=曝光自动·白平衡手动
[12:43:32.406] DBG [photo] 视频：录制链路不挂照片输出，跳过照片模板准备
[12:43:32.406] INF [device] 手动白平衡档：5507K（色调跟随当前值 3）
[12:43:32.406] INF [session] 切模式：手动白平衡已按快照重放（5507K）
[12:43:32.407] INF [session] 切模式后档位复查（视频）：曝光=自动 / 白平衡=手动 / 对焦意图=自动 / EV=+0.0
[12:43:32.407] INF [session] 切模式耗时 0.24s（视频；含 outputs 重配与参数重放）
[12:43:32.646] INF [session] 切模式 commit 后瞬间档位：曝光=自动 / 白平衡=手动 / 快照=曝光自动·白平衡手动
[12:43:32.646] DBG [photo] Log 实况：录制链路不挂照片输出，跳过照片模板准备
[12:43:32.646] INF [device] 手动白平衡档：5507K（色调跟随当前值 3）
[12:43:32.646] INF [session] 切模式：手动白平衡已按快照重放（5507K）
[12:43:32.647] INF [session] 切模式后档位复查（Log 实况）：曝光=自动 / 白平衡=手动 / 对焦意图=自动 / EV=+0.0
[12:43:32.647] INF [session] 切模式耗时 0.24s（Log 实况；含 outputs 重配与参数重放）
[12:43:32.883] INF [session] 切模式 commit 后瞬间档位：曝光=自动 / 白平衡=手动 / 快照=曝光自动·白平衡手动
[12:43:32.883] DBG [photo] Log 实况：录制链路不挂照片输出，跳过照片模板准备
[12:43:32.883] INF [device] 手动白平衡档：5507K（色调跟随当前值 3）
[12:43:32.883] INF [session] 切模式：手动白平衡已按快照重放（5507K）
[12:43:32.884] INF [session] 切模式后档位复查（Log 实况）：曝光=自动 / 白平衡=手动 / 对焦意图=自动 / EV=+0.0
[12:43:32.884] INF [session] 切模式耗时 0.24s（Log 实况；含 outputs 重配与参数重放）
[12:43:32.885] INF [photo] Live Photo 采集 已开启
[12:43:33.211] INF [session] 切换模式 Log 实况 → 实况
[12:43:33.282] INF [session] 切模式 commit 后瞬间档位：曝光=自动 / 白平衡=手动 / 快照=曝光自动·白平衡手动
[12:43:33.282] INF [photo] 照片编码格式：hvc1
[12:43:33.282] INF [device] 手动白平衡档：5507K（色调跟随当前值 3）
[12:43:33.282] INF [session] 切模式：手动白平衡已按快照重放（5507K）
[12:43:33.283] INF [session] 切模式后档位复查（实况）：曝光=自动 / 白平衡=手动 / 对焦意图=自动 / EV=+0.0
[12:43:33.283] INF [session] 切模式耗时 0.40s（实况；含 outputs 重配与参数重放）
[12:43:33.283] INF [resource] 模式 实况 · input 活 2（累计增/删 11/9） · output 活 1（累计增/删 84/83） · 内存 30.1MB
[12:43:33.284] INF [photo] Live Photo 采集 已开启
[12:43:33.573] INF [session] 切换模式 实况 → 照片
[12:43:33.587] INF [session] 切模式 commit 后瞬间档位：曝光=自动 / 白平衡=手动 / 快照=曝光自动·白平衡手动
[12:43:33.587] INF [photo] 照片编码格式：hvc1
[12:43:33.587] INF [device] 手动白平衡档：5507K（色调跟随当前值 3）
[12:43:33.587] INF [session] 切模式：手动白平衡已按快照重放（5507K）
[12:43:33.588] INF [session] 切模式后档位复查（实况）：曝光=自动 / 白平衡=手动 / 对焦意图=自动 / EV=+0.0
[12:43:33.588] INF [session] 切模式耗时 0.31s（实况；含 outputs 重配与参数重放）
[12:43:33.723] INF [session] 切换模式 实况 → 照片
[12:43:33.857] INF [session] 切模式 commit 后瞬间档位：曝光=自动 / 白平衡=手动 / 快照=曝光自动·白平衡手动
[12:43:33.858] DBG [photo] Log 实况：录制链路不挂照片输出，跳过照片模板准备
[12:43:33.858] INF [device] 手动白平衡档：5527K（色调跟随当前值 3）
[12:43:33.858] INF [session] 切模式：手动白平衡已按快照重放（5527K）
[12:43:33.858] INF [session] 切模式后档位复查（Log 实况）：曝光=自动 / 白平衡=手动 / 对焦意图=自动 / EV=+0.0
[12:43:33.858] INF [session] 切模式耗时 0.27s（Log 实况；含 outputs 重配与参数重放）
[12:43:33.858] INF [resource] 模式 Log 实况 · input 活 2（累计增/删 11/9） · output 活 1（累计增/删 86/85） · 内存 30.3MB
[12:43:33.861] INF [photo] Live Photo 采集 已开启
[12:43:33.911] INF [session] 切换模式 Log 实况 → 照片
[12:43:34.283] INF [session] 切模式 commit 后瞬间档位：曝光=自动 / 白平衡=手动 / 快照=曝光自动·白平衡手动
[12:43:34.283] INF [photo] 照片编码格式：hvc1
[12:43:34.283] INF [device] 手动白平衡档：5527K（色调跟随当前值 3）
[12:43:34.283] INF [session] 切模式：手动白平衡已按快照重放（5527K）
[12:43:34.284] INF [session] 切模式后档位复查（实况）：曝光=自动 / 白平衡=手动 / 对焦意图=自动 / EV=+0.0
[12:43:34.284] INF [session] 切模式耗时 0.42s（实况；含 outputs 重配与参数重放）
[12:43:34.284] INF [resource] 模式 Log 实况 · input 活 2（累计增/删 11/9） · output 活 1（累计增/删 87/86） · 内存 30.4MB
[12:43:34.284] INF [session] 已移除麦克风输入
[12:43:34.357] INF [audio] 音频会话已释放
[12:43:34.380] INF [session] 切换模式 实况 → 视频
[12:43:34.528] INF [session] 切换模式 实况 → 视频
[12:43:34.694] INF [session] 切换模式 实况 → 视频
[12:43:34.811] INF [session] 切模式 commit 后瞬间档位：曝光=自动 / 白平衡=手动 / 快照=曝光自动·白平衡手动
[12:43:34.811] INF [photo] 照片编码格式：hvc1
[12:43:34.811] INF [device] 手动白平衡档：5527K（色调跟随当前值 3）
[12:43:34.811] INF [session] 切模式：手动白平衡已按快照重放（5527K）
[12:43:34.813] INF [session] 切模式后档位复查（照片）：曝光=自动 / 白平衡=手动 / 对焦意图=自动 / EV=+0.0
[12:43:34.813] INF [session] 切模式耗时 0.53s（照片；含 outputs 重配与参数重放）
[12:43:34.978] DBG [ui] toast: Log 实况：当前录制 Log 视频，套用 LUT 导出实况照片在 P5 交付
[12:43:34.978] INF [session] 切换模式 照片 → Log 实况
[12:43:35.108] INF [session] 切模式 commit 后瞬间档位：曝光=自动 / 白平衡=手动 / 快照=曝光自动·白平衡手动
[12:43:35.108] INF [photo] 照片编码格式：hvc1
[12:43:35.108] INF [device] 手动白平衡档：5527K（色调跟随当前值 3）
[12:43:35.108] INF [session] 切模式：手动白平衡已按快照重放（5527K）
[12:43:35.109] INF [session] 切模式后档位复查（照片）：曝光=自动 / 白平衡=手动 / 对焦意图=自动 / EV=+0.0
[12:43:35.109] INF [session] 切模式耗时 0.30s（照片；含 outputs 重配与参数重放）
[12:43:35.178] INF [session] 切换模式 照片 → 实况
[12:43:35.375] INF [session] 切模式 commit 后瞬间档位：曝光=自动 / 白平衡=手动 / 快照=曝光自动·白平衡手动
[12:43:35.375] INF [photo] 照片编码格式：hvc1
[12:43:35.375] INF [device] 手动白平衡档：5530K（色调跟随当前值 4）
[12:43:35.375] INF [session] 切模式：手动白平衡已按快照重放（5530K）
[12:43:35.376] INF [session] 切模式后档位复查（照片）：曝光=自动 / 白平衡=手动 / 对焦意图=自动 / EV=+0.0
[12:43:35.376] INF [session] 切模式耗时 0.27s（照片；含 outputs 重配与参数重放）
[12:43:35.376] INF [resource] 模式 照片 · input 活 1（累计增/删 11/10） · output 活 1（累计增/删 90/89） · 内存 30.2MB
[12:43:35.377] INF [session] 已加入麦克风输入
[12:43:35.399] INF [audio] 音频会话已激活（active=true category=AVAudioSessionCategoryPlayAndRecord mode=AVAudioSessionModeVideoRecording 48000Hz ch=1）
[12:43:35.412] INF [session] 切换模式 照片 → 实况
[12:43:35.594] INF [session] 切换模式 照片 → 实况
[12:43:35.648] INF [session] 切模式 commit 后瞬间档位：曝光=自动 / 白平衡=手动 / 快照=曝光自动·白平衡手动
[12:43:35.648] DBG [photo] 视频：录制链路不挂照片输出，跳过照片模板准备
[12:43:35.648] INF [device] 手动白平衡档：5458K（色调跟随当前值 5）
[12:43:35.648] INF [session] 切模式：手动白平衡已按快照重放（5458K）
[12:43:35.649] INF [session] 切模式后档位复查（视频）：曝光=自动 / 白平衡=手动 / 对焦意图=自动 / EV=+0.0
[12:43:35.649] INF [session] 切模式耗时 0.27s（视频；含 outputs 重配与参数重放）
[12:43:35.757] DBG [ui] toast: Log 实况：当前录制 Log 视频，套用 LUT 导出实况照片在 P5 交付
[12:43:35.757] INF [session] 切换模式 视频 → Log 实况
[12:43:35.904] INF [session] 切模式 commit 后瞬间档位：曝光=自动 / 白平衡=手动 / 快照=曝光自动·白平衡手动
[12:43:35.904] DBG [photo] 视频：录制链路不挂照片输出，跳过照片模板准备
[12:43:35.904] INF [device] 手动白平衡档：5526K（色调跟随当前值 3）
[12:43:35.904] INF [session] 切模式：手动白平衡已按快照重放（5526K）
[12:43:35.904] INF [session] 切模式后档位复查（视频）：曝光=自动 / 白平衡=手动 / 对焦意图=自动 / EV=+0.0
[12:43:35.904] INF [session] 切模式耗时 0.26s（视频；含 outputs 重配与参数重放）
[12:43:35.950] DBG [ui] toast: Log 实况：当前录制 Log 视频，套用 LUT 导出实况照片在 P5 交付
[12:43:35.950] INF [session] 切换模式 视频 → Log 实况
[12:43:36.201] INF [session] 切模式 commit 后瞬间档位：曝光=自动 / 白平衡=手动 / 快照=曝光自动·白平衡手动
[12:43:36.202] DBG [photo] 视频：录制链路不挂照片输出，跳过照片模板准备
[12:43:36.202] INF [device] 手动白平衡档：5458K（色调跟随当前值 5）
[12:43:36.202] INF [session] 切模式：手动白平衡已按快照重放（5458K）
[12:43:36.203] INF [session] 切模式后档位复查（视频）：曝光=自动 / 白平衡=手动 / 对焦意图=自动 / EV=+0.0
[12:43:36.203] INF [session] 切模式耗时 0.30s（视频；含 outputs 重配与参数重放）
[12:43:36.424] DBG [ui] toast: Log 实况：当前录制 Log 视频，套用 LUT 导出实况照片在 P5 交付
[12:43:36.424] INF [session] 切换模式 视频 → Log 实况
[12:43:36.455] INF [session] 切模式 commit 后瞬间档位：曝光=自动 / 白平衡=手动 / 快照=曝光自动·白平衡手动
[12:43:36.455] DBG [photo] Log 实况：录制链路不挂照片输出，跳过照片模板准备
[12:43:36.455] INF [device] 手动白平衡档：5458K（色调跟随当前值 5）
[12:43:36.455] INF [session] 切模式：手动白平衡已按快照重放（5458K）
[12:43:36.455] INF [session] 切模式后档位复查（Log 实况）：曝光=自动 / 白平衡=手动 / 对焦意图=自动 / EV=+0.0
[12:43:36.455] INF [session] 切模式耗时 0.25s（Log 实况；含 outputs 重配与参数重放）
[12:43:36.456] INF [photo] Live Photo 采集 已开启
[12:43:36.795] INF [session] 切换模式 Log 实况 → 实况
[12:43:36.886] INF [session] 切模式 commit 后瞬间档位：曝光=自动 / 白平衡=手动 / 快照=曝光自动·白平衡手动
[12:43:36.886] INF [photo] 照片编码格式：hvc1
[12:43:36.887] INF [device] 手动白平衡档：5460K（色调跟随当前值 6）
[12:43:36.887] INF [session] 切模式：手动白平衡已按快照重放（5460K）
[12:43:36.887] INF [session] 切模式后档位复查（实况）：曝光=自动 / 白平衡=手动 / 对焦意图=自动 / EV=+0.0
[12:43:36.887] INF [session] 切模式耗时 0.43s（实况；含 outputs 重配与参数重放）
[12:43:36.889] INF [photo] Live Photo 采集 已开启
[12:43:37.183] INF [session] 切换模式 实况 → 照片
[12:43:37.223] INF [session] 切模式 commit 后瞬间档位：曝光=自动 / 白平衡=手动 / 快照=曝光自动·白平衡手动
[12:43:37.223] INF [photo] 照片编码格式：hvc1
[12:43:37.223] INF [device] 手动白平衡档：5457K（色调跟随当前值 5）
[12:43:37.223] INF [session] 切模式：手动白平衡已按快照重放（5457K）
[12:43:37.223] INF [session] 切模式后档位复查（实况）：曝光=自动 / 白平衡=手动 / 对焦意图=自动 / EV=+0.0
[12:43:37.223] INF [session] 切模式耗时 0.34s（实况；含 outputs 重配与参数重放）
[12:43:37.224] INF [photo] Live Photo 采集 已开启
[12:43:37.333] INF [session] 切换模式 实况 → 照片
[12:43:37.499] DBG [ui] toast: Log 实况：当前录制 Log 视频，套用 LUT 导出实况照片在 P5 交付
[12:43:37.499] INF [session] 切换模式 实况 → Log 实况
[12:43:37.521] INF [session] 切模式 commit 后瞬间档位：曝光=自动 / 白平衡=手动 / 快照=曝光自动·白平衡手动
[12:43:37.522] INF [photo] 照片编码格式：hvc1
[12:43:37.522] INF [device] 手动白平衡档：5507K（色调跟随当前值 4）
[12:43:37.522] INF [session] 切模式：手动白平衡已按快照重放（5507K）
[12:43:37.522] INF [session] 切模式后档位复查（实况）：曝光=自动 / 白平衡=手动 / 对焦意图=自动 / EV=+0.0
[12:43:37.522] INF [session] 切模式耗时 0.30s（实况；含 outputs 重配与参数重放）
[12:43:37.522] INF [resource] 模式 实况 · input 活 2（累计增/删 12/10） · output 活 1（累计增/删 97/96） · 内存 30.4MB
[12:43:37.682] DBG [ui] toast: Log 实况：当前录制 Log 视频，套用 LUT 导出实况照片在 P5 交付
[12:43:37.682] INF [session] 切换模式 实况 → Log 实况
[12:43:37.775] INF [session] 切模式 commit 后瞬间档位：曝光=自动 / 白平衡=手动 / 快照=曝光自动·白平衡手动
[12:43:37.775] DBG [photo] Log 实况：录制链路不挂照片输出，跳过照片模板准备
[12:43:37.775] INF [device] 手动白平衡档：5501K（色调跟随当前值 4）
[12:43:37.775] INF [session] 切模式：手动白平衡已按快照重放（5501K）
[12:43:37.775] INF [session] 切模式后档位复查（Log 实况）：曝光=自动 / 白平衡=手动 / 对焦意图=自动 / EV=+0.0
[12:43:37.775] INF [session] 切模式耗时 0.25s（Log 实况；含 outputs 重配与参数重放）
[12:43:37.899] INF [session] 切换模式 Log 实况 → 视频
[12:43:38.040] INF [session] 切模式 commit 后瞬间档位：曝光=自动 / 白平衡=手动 / 快照=曝光自动·白平衡手动
[12:43:38.040] DBG [photo] Log 实况：录制链路不挂照片输出，跳过照片模板准备
[12:43:38.041] INF [device] 手动白平衡档：5501K（色调跟随当前值 4）
[12:43:38.041] INF [session] 切模式：手动白平衡已按快照重放（5501K）
[12:43:38.042] INF [session] 切模式后档位复查（Log 实况）：曝光=自动 / 白平衡=手动 / 对焦意图=自动 / EV=+0.0
[12:43:38.042] INF [session] 切模式耗时 0.27s（Log 实况；含 outputs 重配与参数重放）
[12:43:38.116] INF [session] 切换模式 Log 实况 → 视频
[12:43:38.278] INF [session] 切模式 commit 后瞬间档位：曝光=自动 / 白平衡=手动 / 快照=曝光自动·白平衡手动
[12:43:38.278] DBG [photo] Log 实况：录制链路不挂照片输出，跳过照片模板准备
[12:43:38.278] INF [device] 手动白平衡档：5501K（色调跟随当前值 4）
[12:43:38.278] INF [session] 切模式：手动白平衡已按快照重放（5501K）
[12:43:38.279] INF [session] 切模式后档位复查（Log 实况）：曝光=自动 / 白平衡=手动 / 对焦意图=自动 / EV=+0.0
[12:43:38.279] INF [session] 切模式耗时 0.24s（Log 实况；含 outputs 重配与参数重放）
[12:43:38.280] INF [photo] Live Photo 采集 已开启
[12:43:38.681] INF [session] 切模式 commit 后瞬间档位：曝光=自动 / 白平衡=手动 / 快照=曝光自动·白平衡手动
[12:43:38.681] INF [photo] 照片编码格式：hvc1
[12:43:38.681] INF [device] 手动白平衡档：5501K（色调跟随当前值 4）
[12:43:38.681] INF [session] 切模式：手动白平衡已按快照重放（5501K）
[12:43:38.682] INF [session] 切模式后档位复查（实况）：曝光=自动 / 白平衡=手动 / 对焦意图=自动 / EV=+0.0
[12:43:38.682] INF [session] 切模式耗时 0.40s（实况；含 outputs 重配与参数重放）
[12:43:38.682] INF [resource] 模式 实况 · input 活 2（累计增/删 12/10） · output 活 1（累计增/删 101/100） · 内存 30.2MB
[12:43:38.683] INF [session] 已移除麦克风输入
[12:43:38.762] INF [audio] 音频会话已释放
[12:43:39.192] INF [session] 切模式 commit 后瞬间档位：曝光=自动 / 白平衡=手动 / 快照=曝光自动·白平衡手动
[12:43:39.193] INF [photo] 照片编码格式：hvc1
[12:43:39.193] INF [device] 手动白平衡档：5501K（色调跟随当前值 4）
[12:43:39.193] INF [session] 切模式：手动白平衡已按快照重放（5501K）
[12:43:39.194] INF [session] 切模式后档位复查（照片）：曝光=自动 / 白平衡=手动 / 对焦意图=自动 / EV=+0.0
[12:43:39.194] INF [session] 切模式耗时 0.51s（照片；含 outputs 重配与参数重放）
[12:43:39.250] INF [session] 切换模式 照片 → 实况
[12:43:39.489] INF [session] 切模式 commit 后瞬间档位：曝光=自动 / 白平衡=手动 / 快照=曝光自动·白平衡手动
[12:43:39.489] INF [photo] 照片编码格式：hvc1
[12:43:39.489] INF [device] 手动白平衡档：5500K（色调跟随当前值 4）
[12:43:39.489] INF [session] 切模式：手动白平衡已按快照重放（5500K）
[12:43:39.490] INF [session] 切模式后档位复查（照片）：曝光=自动 / 白平衡=手动 / 对焦意图=自动 / EV=+0.0
[12:43:39.490] INF [session] 切模式耗时 0.30s（照片；含 outputs 重配与参数重放）
[12:43:39.490] INF [session] 已加入麦克风输入
[12:43:39.512] INF [audio] 音频会话已激活（active=true category=AVAudioSessionCategoryPlayAndRecord mode=AVAudioSessionModeVideoRecording 48000Hz ch=1）
[12:43:39.733] DBG [ui] toast: Log 实况：当前录制 Log 视频，套用 LUT 导出实况照片在 P5 交付
[12:43:39.733] INF [session] 切换模式 照片 → Log 实况
[12:43:39.754] INF [session] 切模式 commit 后瞬间档位：曝光=自动 / 白平衡=手动 / 快照=曝光自动·白平衡手动
[12:43:39.754] DBG [photo] Log 实况：录制链路不挂照片输出，跳过照片模板准备
[12:43:39.754] INF [device] 手动白平衡档：5462K（色调跟随当前值 4）
[12:43:39.754] INF [session] 切模式：手动白平衡已按快照重放（5462K）
[12:43:39.755] INF [session] 切模式后档位复查（Log 实况）：曝光=自动 / 白平衡=手动 / 对焦意图=自动 / EV=+0.0
[12:43:39.755] INF [session] 切模式耗时 0.26s（Log 实况；含 outputs 重配与参数重放）
[12:43:39.945] INF [session] 切换模式 Log 实况 → 视频
[12:43:40.009] INF [session] 切模式 commit 后瞬间档位：曝光=自动 / 白平衡=手动 / 快照=曝光自动·白平衡手动
[12:43:40.009] DBG [photo] Log 实况：录制链路不挂照片输出，跳过照片模板准备
[12:43:40.009] INF [device] 手动白平衡档：5500K（色调跟随当前值 4）
[12:43:40.009] INF [session] 切模式：手动白平衡已按快照重放（5500K）
[12:43:40.010] INF [session] 切模式后档位复查（Log 实况）：曝光=自动 / 白平衡=手动 / 对焦意图=自动 / EV=+0.0
[12:43:40.010] INF [session] 切模式耗时 0.26s（Log 实况；含 outputs 重配与参数重放）
[12:43:40.229] INF [session] 切换模式 Log 实况 → 视频
[12:43:40.246] INF [session] 切模式 commit 后瞬间档位：曝光=自动 / 白平衡=手动 / 快照=曝光自动·白平衡手动
[12:43:40.246] DBG [photo] 视频：录制链路不挂照片输出，跳过照片模板准备
[12:43:40.246] INF [device] 手动白平衡档：5463K（色调跟随当前值 5）
[12:43:40.246] INF [session] 切模式：手动白平衡已按快照重放（5463K）
[12:43:40.247] INF [session] 切模式后档位复查（视频）：曝光=自动 / 白平衡=手动 / 对焦意图=自动 / EV=+0.0
[12:43:40.247] INF [session] 切模式耗时 0.24s（视频；含 outputs 重配与参数重放）
[12:43:40.247] INF [resource] 模式 视频 · input 活 2（累计增/删 13/11） · output 活 1（累计增/删 106/105） · 内存 30.7MB
[12:43:40.494] INF [session] 切模式 commit 后瞬间档位：曝光=自动 / 白平衡=手动 / 快照=曝光自动·白平衡手动
[12:43:40.495] DBG [photo] 视频：录制链路不挂照片输出，跳过照片模板准备
[12:43:40.495] INF [device] 手动白平衡档：5463K（色调跟随当前值 5）
[12:43:40.495] INF [session] 切模式：手动白平衡已按快照重放（5463K）
[12:43:40.495] INF [session] 切模式后档位复查（视频）：曝光=自动 / 白平衡=手动 / 对焦意图=自动 / EV=+0.0
[12:43:40.496] INF [session] 切模式耗时 0.25s（视频；含 outputs 重配与参数重放）
[12:43:40.497] INF [photo] Live Photo 采集 已开启
[12:43:40.616] INF [session] 切换模式 视频 → 实况
[12:43:40.833] INF [session] 切换模式 视频 → 实况
[12:43:40.897] INF [session] 切模式 commit 后瞬间档位：曝光=自动 / 白平衡=手动 / 快照=曝光自动·白平衡手动
[12:43:40.897] INF [photo] 照片编码格式：hvc1
[12:43:40.897] INF [device] 手动白平衡档：5463K（色调跟随当前值 5）
[12:43:40.897] INF [session] 切模式：手动白平衡已按快照重放（5463K）
[12:43:40.898] INF [session] 切模式后档位复查（实况）：曝光=自动 / 白平衡=手动 / 对焦意图=自动 / EV=+0.0
[12:43:40.898] INF [session] 切模式耗时 0.40s（实况；含 outputs 重配与参数重放）
[12:43:40.898] INF [resource] 模式 实况 · input 活 2（累计增/删 13/11） · output 活 1（累计增/删 108/107） · 内存 30.5MB
[12:43:41.108] INF [session] 切换模式 实况 → 照片
[12:43:41.140] INF [session] 切模式 commit 后瞬间档位：曝光=自动 / 白平衡=手动 / 快照=曝光自动·白平衡手动
[12:43:41.140] DBG [photo] Log 实况：录制链路不挂照片输出，跳过照片模板准备
[12:43:41.141] INF [device] 手动白平衡档：5465K（色调跟随当前值 6）
[12:43:41.141] INF [session] 切模式：手动白平衡已按快照重放（5465K）
[12:43:41.141] INF [session] 切模式后档位复查（Log 实况）：曝光=自动 / 白平衡=手动 / 对焦意图=自动 / EV=+0.0
[12:43:41.141] INF [session] 切模式耗时 0.24s（Log 实况；含 outputs 重配与参数重放）
[12:43:41.380] INF [session] 切模式 commit 后瞬间档位：曝光=自动 / 白平衡=手动 / 快照=曝光自动·白平衡手动
[12:43:41.380] DBG [photo] 视频：录制链路不挂照片输出，跳过照片模板准备
[12:43:41.380] INF [device] 手动白平衡档：5465K（色调跟随当前值 6）
[12:43:41.380] INF [session] 切模式：手动白平衡已按快照重放（5465K）
[12:43:41.381] INF [session] 切模式后档位复查（视频）：曝光=自动 / 白平衡=手动 / 对焦意图=自动 / EV=+0.0
[12:43:41.381] INF [session] 切模式耗时 0.24s（视频；含 outputs 重配与参数重放）
[12:43:41.447] DBG [ui] toast: Log 实况：当前录制 Log 视频，套用 LUT 导出实况照片在 P5 交付
[12:43:41.447] INF [session] 切换模式 视频 → Log 实况
[12:43:41.611] INF [session] 切模式 commit 后瞬间档位：曝光=自动 / 白平衡=手动 / 快照=曝光自动·白平衡手动
[12:43:41.611] DBG [photo] 视频：录制链路不挂照片输出，跳过照片模板准备
[12:43:41.612] INF [device] 手动白平衡档：5465K（色调跟随当前值 6）
[12:43:41.612] INF [session] 切模式：手动白平衡已按快照重放（5465K）
[12:43:41.612] INF [session] 切模式后档位复查（视频）：曝光=自动 / 白平衡=手动 / 对焦意图=自动 / EV=+0.0
[12:43:41.612] INF [session] 切模式耗时 0.23s（视频；含 outputs 重配与参数重放）
[12:43:41.612] INF [resource] 模式 视频 · input 活 2（累计增/删 13/11） · output 活 1（累计增/删 111/110） · 内存 30.8MB
[12:43:41.613] INF [photo] Live Photo 采集 已开启
[12:43:42.013] INF [session] 切模式 commit 后瞬间档位：曝光=自动 / 白平衡=手动 / 快照=曝光自动·白平衡手动
[12:43:42.014] INF [photo] 照片编码格式：hvc1
[12:43:42.014] INF [device] 手动白平衡档：5465K（色调跟随当前值 6）
[12:43:42.014] INF [session] 切模式：手动白平衡已按快照重放（5465K）
[12:43:42.015] INF [session] 切模式后档位复查（实况）：曝光=自动 / 白平衡=手动 / 对焦意图=自动 / EV=+0.0
[12:43:42.015] INF [session] 切模式耗时 0.40s（实况；含 outputs 重配与参数重放）
[12:43:42.016] INF [photo] Live Photo 采集 已开启
[12:43:42.183] DBG [ui] toast: Log 实况：当前录制 Log 视频，套用 LUT 导出实况照片在 P5 交付
[12:43:42.183] INF [session] 切换模式 实况 → Log 实况
[12:43:42.315] INF [session] 切模式 commit 后瞬间档位：曝光=自动 / 白平衡=手动 / 快照=曝光自动·白平衡手动
[12:43:42.315] INF [photo] 照片编码格式：hvc1
[12:43:42.315] INF [device] 手动白平衡档：5465K（色调跟随当前值 6）
[12:43:42.315] INF [session] 切模式：手动白平衡已按快照重放（5465K）
[12:43:42.316] INF [session] 切模式后档位复查（实况）：曝光=自动 / 白平衡=手动 / 对焦意图=自动 / EV=+0.0
[12:43:42.316] INF [session] 切模式耗时 0.30s（实况；含 outputs 重配与参数重放）
[12:43:42.317] INF [session] 已移除麦克风输入
[12:43:42.389] INF [audio] 音频会话已释放
[12:43:42.811] INF [session] 切模式 commit 后瞬间档位：曝光=自动 / 白平衡=手动 / 快照=曝光自动·白平衡手动
[12:43:42.811] INF [photo] 照片编码格式：hvc1
[12:43:42.812] INF [device] 手动白平衡档：5446K（色调跟随当前值 6）
[12:43:42.812] INF [session] 切模式：手动白平衡已按快照重放（5446K）
[12:43:42.813] INF [session] 切模式后档位复查（照片）：曝光=自动 / 白平衡=手动 / 对焦意图=自动 / EV=+0.0
[12:43:42.813] INF [session] 切模式耗时 0.50s（照片；含 outputs 重配与参数重放）
[12:43:42.813] INF [resource] 模式 照片 · input 活 1（累计增/删 13/12） · output 活 1（累计增/删 114/113） · 内存 30.4MB
[12:43:42.815] INF [session] 已加入麦克风输入
[12:43:42.853] INF [audio] 音频会话已激活（active=true category=AVAudioSessionCategoryPlayAndRecord mode=AVAudioSessionModeVideoRecording 48000Hz ch=1）
[12:43:43.114] INF [session] 切模式 commit 后瞬间档位：曝光=自动 / 白平衡=手动 / 快照=曝光自动·白平衡手动
[12:43:43.114] DBG [photo] Log 实况：录制链路不挂照片输出，跳过照片模板准备
[12:43:43.114] INF [device] 手动白平衡档：5464K（色调跟随当前值 5）
[12:43:43.114] INF [session] 切模式：手动白平衡已按快照重放（5464K）
[12:43:43.115] INF [session] 切模式后档位复查（Log 实况）：曝光=自动 / 白平衡=手动 / 对焦意图=自动 / EV=+0.0
[12:43:43.115] INF [session] 切模式耗时 0.30s（Log 实况；含 outputs 重配与参数重放）
[12:43:43.346] INF [session] 切模式 commit 后瞬间档位：曝光=自动 / 白平衡=手动 / 快照=曝光自动·白平衡手动
[12:43:43.346] DBG [photo] Log 实况：录制链路不挂照片输出，跳过照片模板准备
[12:43:43.346] INF [device] 手动白平衡档：5445K（色调跟随当前值 6）
[12:43:43.346] INF [session] 切模式：手动白平衡已按快照重放（5445K）
[12:43:43.347] INF [session] 切模式后档位复查（Log 实况）：曝光=自动 / 白平衡=手动 / 对焦意图=自动 / EV=+0.0
[12:43:43.347] INF [session] 切模式耗时 0.23s（Log 实况；含 outputs 重配与参数重放）
[12:43:43.347] INF [resource] 模式 Log 实况 · input 活 2（累计增/删 14/12） · output 活 1（累计增/删 116/115） · 内存 30.9MB
[12:43:43.831] INF [session] 切换模式 Log 实况 → 视频
[12:43:43.996] INF [session] 切换模式 Log 实况 → 视频
[12:43:44.139] INF [session] 切模式 commit 后瞬间档位：曝光=自动 / 白平衡=手动 / 快照=曝光自动·白平衡手动
[12:43:44.139] DBG [photo] 视频：录制链路不挂照片输出，跳过照片模板准备
[12:43:44.140] INF [device] 手动白平衡档：5445K（色调跟随当前值 6）
[12:43:44.140] INF [session] 切模式：手动白平衡已按快照重放（5445K）
[12:43:44.141] INF [session] 切模式后档位复查（视频）：曝光=自动 / 白平衡=手动 / 对焦意图=自动 / EV=+0.0
[12:43:44.141] INF [session] 切模式耗时 0.31s（视频；含 outputs 重配与参数重放）
[12:43:44.321] DBG [ui] toast: Log 实况：当前录制 Log 视频，套用 LUT 导出实况照片在 P5 交付
[12:43:44.321] INF [session] 切换模式 视频 → Log 实况
[12:43:44.384] INF [session] 切模式 commit 后瞬间档位：曝光=自动 / 白平衡=手动 / 快照=曝光自动·白平衡手动
[12:43:44.384] DBG [photo] 视频：录制链路不挂照片输出，跳过照片模板准备
[12:43:44.384] INF [device] 手动白平衡档：5445K（色调跟随当前值 6）
[12:43:44.384] INF [session] 切模式：手动白平衡已按快照重放（5445K）
[12:43:44.385] INF [session] 切模式后档位复查（视频）：曝光=自动 / 白平衡=手动 / 对焦意图=自动 / EV=+0.0
[12:43:44.385] INF [session] 切模式耗时 0.24s（视频；含 outputs 重配与参数重放）
[12:43:44.385] INF [resource] 模式 视频 · input 活 2（累计增/删 14/12） · output 活 1（累计增/删 118/117） · 内存 30.6MB
[12:43:44.525] INF [session] 切换模式 视频 → 实况
[12:43:44.619] INF [session] 切模式 commit 后瞬间档位：曝光=自动 / 白平衡=手动 / 快照=曝光自动·白平衡手动
[12:43:44.619] DBG [photo] Log 实况：录制链路不挂照片输出，跳过照片模板准备
[12:43:44.619] INF [device] 手动白平衡档：5448K（色调跟随当前值 6）
[12:43:44.620] INF [session] 切模式：手动白平衡已按快照重放（5448K）
[12:43:44.620] INF [session] 切模式后档位复查（Log 实况）：曝光=自动 / 白平衡=手动 / 对焦意图=自动 / EV=+0.0
[12:43:44.620] INF [session] 切模式耗时 0.24s（Log 实况；含 outputs 重配与参数重放）
[12:43:44.621] INF [photo] Live Photo 采集 已开启
[12:43:44.693] INF [session] 切换模式 Log 实况 → 实况
[12:43:44.913] INF [session] 切换模式 Log 实况 → 实况
[12:43:45.050] INF [session] 切模式 commit 后瞬间档位：曝光=自动 / 白平衡=手动 / 快照=曝光自动·白平衡手动
[12:43:45.050] INF [photo] 照片编码格式：hvc1
[12:43:45.050] INF [device] 手动白平衡档：5448K（色调跟随当前值 6）
[12:43:45.050] INF [session] 切模式：手动白平衡已按快照重放（5448K）
[12:43:45.051] INF [session] 切模式后档位复查（实况）：曝光=自动 / 白平衡=手动 / 对焦意图=自动 / EV=+0.0
[12:43:45.051] INF [session] 切模式耗时 0.43s（实况；含 outputs 重配与参数重放）
[12:43:45.052] INF [photo] Live Photo 采集 已开启
[12:43:45.097] INF [session] 切换模式 实况 → 照片
[12:43:45.351] INF [session] 切模式 commit 后瞬间档位：曝光=自动 / 白平衡=手动 / 快照=曝光自动·白平衡手动
[12:43:45.351] INF [photo] 照片编码格式：hvc1
[12:43:45.351] INF [device] 手动白平衡档：5448K（色调跟随当前值 6）
[12:43:45.351] INF [session] 切模式：手动白平衡已按快照重放（5448K）
[12:43:45.351] INF [session] 切模式后档位复查（实况）：曝光=自动 / 白平衡=手动 / 对焦意图=自动 / EV=+0.0
[12:43:45.351] INF [session] 切模式耗时 0.30s（实况；含 outputs 重配与参数重放）
[12:43:45.352] INF [photo] Live Photo 采集 已开启
[12:43:45.651] INF [session] 切模式 commit 后瞬间档位：曝光=自动 / 白平衡=手动 / 快照=曝光自动·白平衡手动
[12:43:45.651] INF [photo] 照片编码格式：hvc1
[12:43:45.651] INF [device] 手动白平衡档：5467K（色调跟随当前值 5）
[12:43:45.651] INF [session] 切模式：手动白平衡已按快照重放（5467K）
[12:43:45.651] INF [session] 切模式后档位复查（实况）：曝光=自动 / 白平衡=手动 / 对焦意图=自动 / EV=+0.0
[12:43:45.651] INF [session] 切模式耗时 0.30s（实况；含 outputs 重配与参数重放）
[12:43:45.652] INF [session] 已移除麦克风输入
[12:43:45.726] INF [audio] 音频会话已释放
[12:43:46.158] INF [session] 切模式 commit 后瞬间档位：曝光=自动 / 白平衡=手动 / 快照=曝光自动·白平衡手动
[12:43:46.159] INF [photo] 照片编码格式：hvc1
[12:43:46.160] INF [device] 手动白平衡档：5538K（色调跟随当前值 3）
[12:43:46.160] INF [session] 切模式：手动白平衡已按快照重放（5538K）
[12:43:46.161] INF [session] 切模式后档位复查（照片）：曝光=自动 / 白平衡=手动 / 对焦意图=自动 / EV=+0.0
[12:43:46.161] INF [session] 切模式耗时 0.51s（照片；含 outputs 重配与参数重放）
[12:43:46.161] INF [resource] 模式 实况 · input 活 1（累计增/删 14/13） · output 活 1（累计增/删 123/122） · 内存 30.1MB
[12:43:46.254] INF [session] 切换模式 照片 → 实况
[12:43:46.257] INF [session] 已加入麦克风输入
[12:43:46.360] INF [audio] 音频会话已激活（active=true category=AVAudioSessionCategoryPlayAndRecord mode=AVAudioSessionModeVideoRecording 48000Hz ch=1）
[12:43:46.362] INF [photo] Live Photo 采集 已开启
[12:43:46.517] DBG [ui] toast: Log 实况：当前录制 Log 视频，套用 LUT 导出实况照片在 P5 交付
[12:43:46.517] INF [session] 切换模式 照片 → Log 实况
[12:43:46.801] DBG [ui] toast: Log 实况：当前录制 Log 视频，套用 LUT 导出实况照片在 P5 交付
[12:43:46.801] INF [session] 切换模式 照片 → Log 实况
[12:43:46.818] INF [session] 切模式 commit 后瞬间档位：曝光=自动 / 白平衡=手动 / 快照=曝光自动·白平衡手动
[12:43:46.818] INF [photo] 照片编码格式：hvc1
[12:43:46.818] INF [device] 手动白平衡档：5537K（色调跟随当前值 3）
[12:43:46.818] INF [session] 切模式：手动白平衡已按快照重放（5537K）
[12:43:46.819] INF [session] 切模式后档位复查（实况）：曝光=自动 / 白平衡=手动 / 对焦意图=自动 / EV=+0.0
[12:43:46.819] INF [session] 切模式耗时 0.56s（实况；含 outputs 重配与参数重放）
[12:43:47.051] INF [session] 切换模式 实况 → 视频
[12:43:47.107] INF [session] 切模式 commit 后瞬间档位：曝光=自动 / 白平衡=手动 / 快照=曝光自动·白平衡手动
[12:43:47.108] DBG [photo] Log 实况：录制链路不挂照片输出，跳过照片模板准备
[12:43:47.108] INF [device] 手动白平衡档：5537K（色调跟随当前值 3）
[12:43:47.108] INF [session] 切模式：手动白平衡已按快照重放（5537K）
[12:43:47.108] INF [session] 切模式后档位复查（Log 实况）：曝光=自动 / 白平衡=手动 / 对焦意图=自动 / EV=+0.0
[12:43:47.108] INF [session] 切模式耗时 0.29s（Log 实况；含 outputs 重配与参数重放）
[12:43:47.338] INF [session] 切换模式 Log 实况 → 视频
[12:43:47.340] INF [session] 切模式 commit 后瞬间档位：曝光=自动 / 白平衡=手动 / 快照=曝光自动·白平衡手动
[12:43:47.340] DBG [photo] Log 实况：录制链路不挂照片输出，跳过照片模板准备
[12:43:47.341] INF [device] 手动白平衡档：5537K（色调跟随当前值 3）
[12:43:47.341] INF [session] 切模式：手动白平衡已按快照重放（5537K）
[12:43:47.341] INF [session] 切模式后档位复查（Log 实况）：曝光=自动 / 白平衡=手动 / 对焦意图=自动 / EV=+0.0
[12:43:47.341] INF [session] 切模式耗时 0.23s（Log 实况；含 outputs 重配与参数重放）
[12:43:47.583] INF [session] 切模式 commit 后瞬间档位：曝光=自动 / 白平衡=手动 / 快照=曝光自动·白平衡手动
[12:43:47.583] DBG [photo] 视频：录制链路不挂照片输出，跳过照片模板准备
[12:43:47.583] INF [device] 手动白平衡档：5536K（色调跟随当前值 3）
[12:43:47.584] INF [session] 切模式：手动白平衡已按快照重放（5536K）
[12:43:47.584] INF [session] 切模式后档位复查（视频）：曝光=自动 / 白平衡=手动 / 对焦意图=自动 / EV=+0.0
[12:43:47.584] INF [session] 切模式耗时 0.24s（视频；含 outputs 重配与参数重放）
[12:43:47.584] INF [resource] 模式 视频 · input 活 2（累计增/删 15/13） · output 活 1（累计增/删 127/126） · 内存 30.3MB
[12:43:47.823] INF [session] 切模式 commit 后瞬间档位：曝光=自动 / 白平衡=手动 / 快照=曝光自动·白平衡手动
[12:43:47.823] DBG [photo] 视频：录制链路不挂照片输出，跳过照片模板准备
[12:43:47.823] INF [device] 手动白平衡档：5536K（色调跟随当前值 3）
[12:43:47.823] INF [session] 切模式：手动白平衡已按快照重放（5536K）
[12:43:47.824] INF [session] 切模式后档位复查（视频）：曝光=自动 / 白平衡=手动 / 对焦意图=自动 / EV=+0.0
[12:43:47.824] INF [session] 切模式耗时 0.24s（视频；含 outputs 重配与参数重放）
[12:43:48.254] INF [resource] 模式 视频 · input 活 2（累计增/删 15/13） · output 活 1（累计增/删 128/127） · 内存 30.2MB
[12:43:48.798] INF [session] 切换模式 视频 → 照片
[12:43:48.800] INF [session] 已移除麦克风输入
[12:43:48.933] INF [audio] 音频会话已释放
[12:43:49.247] INF [session] 切换模式 视频 → 实况
[12:43:49.373] INF [session] 切模式 commit 后瞬间档位：曝光=自动 / 白平衡=手动 / 快照=曝光自动·白平衡手动
[12:43:49.373] INF [photo] 照片编码格式：hvc1
[12:43:49.374] INF [device] 手动白平衡档：5536K（色调跟随当前值 3）
[12:43:49.374] INF [session] 切模式：手动白平衡已按快照重放（5536K）
[12:43:49.374] INF [session] 切模式后档位复查（照片）：曝光=自动 / 白平衡=手动 / 对焦意图=自动 / EV=+0.0
[12:43:49.374] INF [session] 切模式耗时 0.58s（照片；含 outputs 重配与参数重放）
[12:43:49.375] INF [session] 已加入麦克风输入
[12:43:49.398] INF [audio] 音频会话已激活（active=true category=AVAudioSessionCategoryPlayAndRecord mode=AVAudioSessionModeVideoRecording 48000Hz ch=1）
[12:43:49.399] INF [photo] Live Photo 采集 已开启
[12:43:49.697] DBG [ui] toast: Log 实况：当前录制 Log 视频，套用 LUT 导出实况照片在 P5 交付
[12:43:49.697] INF [session] 切换模式 照片 → Log 实况
[12:43:49.823] INF [session] 切模式 commit 后瞬间档位：曝光=自动 / 白平衡=手动 / 快照=曝光自动·白平衡手动
[12:43:49.823] INF [photo] 照片编码格式：hvc1
[12:43:49.823] INF [device] 手动白平衡档：5536K（色调跟随当前值 3）
[12:43:49.823] INF [session] 切模式：手动白平衡已按快照重放（5536K）
[12:43:49.824] INF [session] 切模式后档位复查（实况）：曝光=自动 / 白平衡=手动 / 对焦意图=自动 / EV=+0.0
[12:43:49.824] INF [session] 切模式耗时 0.45s（实况；含 outputs 重配与参数重放）
[12:43:50.120] INF [session] 切模式 commit 后瞬间档位：曝光=自动 / 白平衡=手动 / 快照=曝光自动·白平衡手动
[12:43:50.120] DBG [photo] Log 实况：录制链路不挂照片输出，跳过照片模板准备
[12:43:50.120] INF [device] 手动白平衡档：5536K（色调跟随当前值 3）
[12:43:50.120] INF [session] 切模式：手动白平衡已按快照重放（5536K）
[12:43:50.120] INF [session] 切模式后档位复查（Log 实况）：曝光=自动 / 白平衡=手动 / 对焦意图=自动 / EV=+0.0
[12:43:50.121] INF [session] 切模式耗时 0.30s（Log 实况；含 outputs 重配与参数重放）
[12:43:50.151] INF [session] 切换模式 Log 实况 → 视频
[12:43:50.396] INF [session] 切模式 commit 后瞬间档位：曝光=自动 / 白平衡=手动 / 快照=曝光自动·白平衡手动
[12:43:50.396] DBG [photo] 视频：录制链路不挂照片输出，跳过照片模板准备
[12:43:50.396] INF [device] 手动白平衡档：5539K（色调跟随当前值 4）
[12:43:50.396] INF [session] 切模式：手动白平衡已按快照重放（5539K）
[12:43:50.397] INF [session] 切模式后档位复查（视频）：曝光=自动 / 白平衡=手动 / 对焦意图=自动 / EV=+0.0
[12:43:50.397] INF [session] 切模式耗时 0.25s（视频；含 outputs 重配与参数重放）
[12:43:50.397] INF [resource] 模式 视频 · input 活 2（累计增/删 16/14） · output 活 1（累计增/删 132/131） · 内存 30.4MB
[12:43:50.959] DBG [ui] toast: Log 实况：当前录制 Log 视频，套用 LUT 导出实况照片在 P5 交付
[12:43:50.959] INF [session] 切换模式 视频 → Log 实况
[12:43:51.213] INF [session] 切模式 commit 后瞬间档位：曝光=自动 / 白平衡=手动 / 快照=曝光自动·白平衡手动
[12:43:51.213] DBG [photo] Log 实况：录制链路不挂照片输出，跳过照片模板准备
[12:43:51.213] INF [device] 手动白平衡档：5538K（色调跟随当前值 4）
[12:43:51.213] INF [session] 切模式：手动白平衡已按快照重放（5538K）
[12:43:51.214] INF [session] 切模式后档位复查（Log 实况）：曝光=自动 / 白平衡=手动 / 对焦意图=自动 / EV=+0.0
[12:43:51.214] INF [session] 切模式耗时 0.25s（Log 实况；含 outputs 重配与参数重放）
[12:43:51.322] INF [session] 切换模式 Log 实况 → 实况
[12:43:51.323] INF [photo] Live Photo 采集 已开启
[12:43:51.685] INF [session] 切换模式 Log 实况 → 照片
[12:43:51.776] INF [session] 切模式 commit 后瞬间档位：曝光=自动 / 白平衡=手动 / 快照=曝光自动·白平衡手动
[12:43:51.777] INF [photo] 照片编码格式：hvc1
[12:43:51.777] INF [device] 手动白平衡档：5538K（色调跟随当前值 4）
[12:43:51.777] INF [session] 切模式：手动白平衡已按快照重放（5538K）
[12:43:51.777] INF [session] 切模式后档位复查（实况）：曝光=自动 / 白平衡=手动 / 对焦意图=自动 / EV=+0.0
[12:43:51.778] INF [session] 切模式耗时 0.46s（实况；含 outputs 重配与参数重放）
[12:43:51.779] INF [session] 已移除麦克风输入
[12:43:51.860] INF [audio] 音频会话已释放
[12:43:52.281] INF [session] 切模式 commit 后瞬间档位：曝光=自动 / 白平衡=手动 / 快照=曝光自动·白平衡手动
[12:43:52.281] INF [photo] 照片编码格式：hvc1
[12:43:52.281] INF [device] 手动白平衡档：5538K（色调跟随当前值 4）
[12:43:52.281] INF [session] 切模式：手动白平衡已按快照重放（5538K）
[12:43:52.282] INF [session] 切模式后档位复查（照片）：曝光=自动 / 白平衡=手动 / 对焦意图=自动 / EV=+0.0
[12:43:52.282] INF [session] 切模式耗时 0.50s（照片；含 outputs 重配与参数重放）
[12:43:52.282] INF [resource] 模式 照片 · input 活 1（累计增/删 16/15） · output 活 1（累计增/删 135/134） · 内存 30.3MB
[12:43:52.570] DBG [ui] toast: Log 实况：当前录制 Log 视频，套用 LUT 导出实况照片在 P5 交付
[12:43:52.571] INF [session] 切换模式 照片 → Log 实况
[12:43:52.573] INF [session] 已加入麦克风输入
[12:43:52.673] INF [audio] 音频会话已激活（active=true category=AVAudioSessionCategoryPlayAndRecord mode=AVAudioSessionModeVideoRecording 48000Hz ch=1）
[12:43:52.885] INF [session] 切换模式 照片 → 视频
[12:43:52.921] INF [session] 切模式 commit 后瞬间档位：曝光=自动 / 白平衡=手动 / 快照=曝光自动·白平衡手动
[12:43:52.921] DBG [photo] Log 实况：录制链路不挂照片输出，跳过照片模板准备
[12:43:52.921] INF [device] 手动白平衡档：5537K（色调跟随当前值 4）
[12:43:52.921] INF [session] 切模式：手动白平衡已按快照重放（5537K）
[12:43:52.922] INF [session] 切模式后档位复查（Log 实况）：曝光=自动 / 白平衡=手动 / 对焦意图=自动 / EV=+0.0
[12:43:52.922] INF [session] 切模式耗时 0.35s（Log 实况；含 outputs 重配与参数重放）
[12:43:53.162] INF [session] 切模式 commit 后瞬间档位：曝光=自动 / 白平衡=手动 / 快照=曝光自动·白平衡手动
[12:43:53.162] DBG [photo] 视频：录制链路不挂照片输出，跳过照片模板准备
[12:43:53.163] INF [device] 手动白平衡档：5537K（色调跟随当前值 4）
[12:43:53.163] INF [session] 切模式：手动白平衡已按快照重放（5537K）
[12:43:53.163] INF [session] 切模式后档位复查（视频）：曝光=自动 / 白平衡=手动 / 对焦意图=自动 / EV=+0.0
[12:43:53.163] INF [session] 切模式耗时 0.24s（视频；含 outputs 重配与参数重放）
[12:43:53.419] DBG [ui] toast: Log 实况：当前录制 Log 视频，套用 LUT 导出实况照片在 P5 交付
[12:43:53.419] INF [session] 切换模式 视频 → Log 实况
[12:43:53.671] INF [session] 切模式 commit 后瞬间档位：曝光=自动 / 白平衡=手动 / 快照=曝光自动·白平衡手动
[12:43:53.671] DBG [photo] Log 实况：录制链路不挂照片输出，跳过照片模板准备
[12:43:53.672] INF [device] 手动白平衡档：5537K（色调跟随当前值 4）
[12:43:53.672] INF [session] 切模式：手动白平衡已按快照重放（5537K）
[12:43:53.673] INF [session] 切模式后档位复查（Log 实况）：曝光=自动 / 白平衡=手动 / 对焦意图=自动 / EV=+0.0
[12:43:53.673] INF [session] 切模式耗时 0.25s（Log 实况；含 outputs 重配与参数重放）
[12:43:53.715] INF [resource] 模式 Log 实况 · input 活 2（累计增/删 17/15） · output 活 1（累计增/删 138/137） · 内存 30.1MB
[12:43:53.827] INF [session] 切换模式 Log 实况 → 实况
[12:43:53.829] INF [photo] Live Photo 采集 已开启
[12:43:54.288] INF [session] 切模式 commit 后瞬间档位：曝光=自动 / 白平衡=手动 / 快照=曝光自动·白平衡手动
[12:43:54.288] INF [photo] 照片编码格式：hvc1
[12:43:54.288] INF [device] 手动白平衡档：5536K（色调跟随当前值 4）
[12:43:54.289] INF [session] 切模式：手动白平衡已按快照重放（5536K）
[12:43:54.289] INF [session] 切模式后档位复查（实况）：曝光=自动 / 白平衡=手动 / 对焦意图=自动 / EV=+0.0
[12:43:54.289] INF [session] 切模式耗时 0.46s（实况；含 outputs 重配与参数重放）
[12:43:54.296] INF [session] 切换模式 实况 → 照片
[12:43:54.296] INF [session] 已移除麦克风输入
[12:43:54.421] INF [audio] 音频会话已释放
[12:43:54.865] INF [session] 切模式 commit 后瞬间档位：曝光=自动 / 白平衡=手动 / 快照=曝光自动·白平衡手动
[12:43:54.866] INF [photo] 照片编码格式：hvc1
[12:43:54.867] INF [device] 手动白平衡档：5544K（色调跟随当前值 6）
[12:43:54.867] INF [session] 切模式：手动白平衡已按快照重放（5544K）
[12:43:54.868] INF [session] 切模式后档位复查（照片）：曝光=自动 / 白平衡=手动 / 对焦意图=自动 / EV=+0.0
[12:43:54.868] INF [session] 切模式耗时 0.57s（照片；含 outputs 重配与参数重放）
[12:43:55.335] DBG [ui] toast: Log 实况：当前录制 Log 视频，套用 LUT 导出实况照片在 P5 交付
[12:43:55.336] INF [session] 切换模式 照片 → Log 实况
[12:43:55.337] INF [session] 已加入麦克风输入
[12:43:55.438] INF [audio] 音频会话已激活（active=true category=AVAudioSessionCategoryPlayAndRecord mode=AVAudioSessionModeVideoRecording 48000Hz ch=1）
[12:43:55.707] INF [session] 切模式 commit 后瞬间档位：曝光=自动 / 白平衡=手动 / 快照=曝光自动·白平衡手动
[12:43:55.707] DBG [photo] Log 实况：录制链路不挂照片输出，跳过照片模板准备
[12:43:55.707] INF [device] 手动白平衡档：5544K（色调跟随当前值 6）
[12:43:55.707] INF [session] 切模式：手动白平衡已按快照重放（5544K）
[12:43:55.708] INF [session] 切模式后档位复查（Log 实况）：曝光=自动 / 白平衡=手动 / 对焦意图=自动 / EV=+0.0
[12:43:55.708] INF [session] 切模式耗时 0.37s（Log 实况；含 outputs 重配与参数重放）
[12:43:55.739] INF [resource] 模式 Log 实况 · input 活 2（累计增/删 18/16） · output 活 1（累计增/删 141/140） · 内存 29.9MB
[12:43:55.836] INF [session] 切换模式 Log 实况 → 视频
[12:43:56.084] INF [session] 切模式 commit 后瞬间档位：曝光=自动 / 白平衡=手动 / 快照=曝光自动·白平衡手动
[12:43:56.084] DBG [photo] 视频：录制链路不挂照片输出，跳过照片模板准备
[12:43:56.085] INF [device] 手动白平衡档：5543K（色调跟随当前值 6）
[12:43:56.085] INF [session] 切模式：手动白平衡已按快照重放（5543K）
[12:43:56.085] INF [session] 切模式后档位复查（视频）：曝光=自动 / 白平衡=手动 / 对焦意图=自动 / EV=+0.0
[12:43:56.085] INF [session] 切模式耗时 0.25s（视频；含 outputs 重配与参数重放）
[12:43:56.352] DBG [ui] toast: Log 实况：当前录制 Log 视频，套用 LUT 导出实况照片在 P5 交付
[12:43:56.353] INF [session] 切换模式 视频 → Log 实况
[12:43:56.604] INF [session] 切模式 commit 后瞬间档位：曝光=自动 / 白平衡=手动 / 快照=曝光自动·白平衡手动
[12:43:56.604] DBG [photo] Log 实况：录制链路不挂照片输出，跳过照片模板准备
[12:43:56.604] INF [device] 手动白平衡档：5543K（色调跟随当前值 6）
[12:43:56.604] INF [session] 切模式：手动白平衡已按快照重放（5543K）
[12:43:56.605] INF [session] 切模式后档位复查（Log 实况）：曝光=自动 / 白平衡=手动 / 对焦意图=自动 / EV=+0.0
[12:43:56.605] INF [session] 切模式耗时 0.25s（Log 实况；含 outputs 重配与参数重放）
[12:43:56.715] INF [session] 切换模式 Log 实况 → 实况
[12:43:56.716] INF [photo] Live Photo 采集 已开启
[12:43:57.119] INF [session] 切换模式 Log 实况 → 照片
[12:43:57.189] INF [session] 切模式 commit 后瞬间档位：曝光=自动 / 白平衡=手动 / 快照=曝光自动·白平衡手动
[12:43:57.190] INF [photo] 照片编码格式：hvc1
[12:43:57.190] INF [device] 手动白平衡档：5543K（色调跟随当前值 6）
[12:43:57.190] INF [session] 切模式：手动白平衡已按快照重放（5543K）
[12:43:57.190] INF [session] 切模式后档位复查（实况）：曝光=自动 / 白平衡=手动 / 对焦意图=自动 / EV=+0.0
[12:43:57.191] INF [session] 切模式耗时 0.48s（实况；含 outputs 重配与参数重放）
[12:43:57.191] INF [session] 已移除麦克风输入
[12:43:57.275] INF [audio] 音频会话已释放
[12:43:57.653] INF [session] 切换模式 实况 → 照片
[12:43:57.711] INF [session] 切模式 commit 后瞬间档位：曝光=自动 / 白平衡=手动 / 快照=曝光自动·白平衡手动
[12:43:57.711] INF [photo] 照片编码格式：hvc1
[12:43:57.712] INF [device] 手动白平衡档：5543K（色调跟随当前值 6）
[12:43:57.712] INF [session] 切模式：手动白平衡已按快照重放（5543K）
[12:43:57.713] INF [session] 切模式后档位复查（照片）：曝光=自动 / 白平衡=手动 / 对焦意图=自动 / EV=+0.0
[12:43:57.713] INF [session] 切模式耗时 0.52s（照片；含 outputs 重配与参数重放）
[12:43:57.713] INF [resource] 模式 照片 · input 活 1（累计增/删 18/17） · output 活 1（累计增/删 145/144） · 内存 30.1MB
[12:43:57.974] INF [session] 切模式 commit 后瞬间档位：曝光=自动 / 白平衡=手动 / 快照=曝光自动·白平衡手动
[12:43:57.974] INF [photo] 照片编码格式：hvc1
[12:43:57.974] INF [device] 手动白平衡档：5542K（色调跟随当前值 6）
[12:43:57.974] INF [session] 切模式：手动白平衡已按快照重放（5542K）
[12:43:57.975] INF [session] 切模式后档位复查（照片）：曝光=自动 / 白平衡=手动 / 对焦意图=自动 / EV=+0.0
[12:43:57.975] INF [session] 切模式耗时 0.26s（照片；含 outputs 重配与参数重放）
[12:43:58.103] INF [session] 切换模式 照片 → 实况
[12:43:58.106] INF [session] 已加入麦克风输入
[12:43:58.205] INF [audio] 音频会话已激活（active=true category=AVAudioSessionCategoryPlayAndRecord mode=AVAudioSessionModeVideoRecording 48000Hz ch=1）
[12:43:58.207] INF [photo] Live Photo 采集 已开启
[12:43:58.519] DBG [ui] toast: Log 实况：当前录制 Log 视频，套用 LUT 导出实况照片在 P5 交付
[12:43:58.520] INF [session] 切换模式 照片 → Log 实况
[12:43:58.625] INF [session] 切模式 commit 后瞬间档位：曝光=自动 / 白平衡=手动 / 快照=曝光自动·白平衡手动
[12:43:58.625] INF [photo] 照片编码格式：hvc1
[12:43:58.625] INF [device] 手动白平衡档：5542K（色调跟随当前值 6）
[12:43:58.625] INF [session] 切模式：手动白平衡已按快照重放（5542K）
[12:43:58.626] INF [session] 切模式后档位复查（实况）：曝光=自动 / 白平衡=手动 / 对焦意图=自动 / EV=+0.0
[12:43:58.626] INF [session] 切模式耗时 0.52s（实况；含 outputs 重配与参数重放）
[12:43:58.886] INF [session] 切换模式 实况 → 视频
[12:43:58.920] INF [session] 切模式 commit 后瞬间档位：曝光=自动 / 白平衡=手动 / 快照=曝光自动·白平衡手动
[12:43:58.920] DBG [photo] Log 实况：录制链路不挂照片输出，跳过照片模板准备
[12:43:58.921] INF [device] 手动白平衡档：5542K（色调跟随当前值 6）
[12:43:58.921] INF [session] 切模式：手动白平衡已按快照重放（5542K）
[12:43:58.922] INF [session] 切模式后档位复查（Log 实况）：曝光=自动 / 白平衡=手动 / 对焦意图=自动 / EV=+0.0
[12:43:58.922] INF [session] 切模式耗时 0.30s（Log 实况；含 outputs 重配与参数重放）
[12:43:59.162] INF [session] 切模式 commit 后瞬间档位：曝光=自动 / 白平衡=手动 / 快照=曝光自动·白平衡手动
[12:43:59.162] DBG [photo] 视频：录制链路不挂照片输出，跳过照片模板准备
[12:43:59.163] INF [device] 手动白平衡档：5542K（色调跟随当前值 6）
[12:43:59.163] INF [session] 切模式：手动白平衡已按快照重放（5542K）
[12:43:59.163] INF [session] 切模式后档位复查（视频）：曝光=自动 / 白平衡=手动 / 对焦意图=自动 / EV=+0.0
[12:43:59.163] INF [session] 切模式耗时 0.24s（视频；含 outputs 重配与参数重放）
[12:43:59.164] INF [resource] 模式 视频 · input 活 2（累计增/删 19/17） · output 活 1（累计增/删 149/148） · 内存 30.3MB
[12:43:59.566] DBG [ui] toast: Log 实况：当前录制 Log 视频，套用 LUT 导出实况照片在 P5 交付
[12:43:59.567] INF [session] 切换模式 视频 → Log 实况
[12:43:59.869] INF [session] 切模式 commit 后瞬间档位：曝光=自动 / 白平衡=手动 / 快照=曝光自动·白平衡手动
[12:43:59.869] DBG [photo] Log 实况：录制链路不挂照片输出，跳过照片模板准备
[12:43:59.869] INF [device] 手动白平衡档：5541K（色调跟随当前值 6）
[12:43:59.870] INF [session] 切模式：手动白平衡已按快照重放（5541K）
[12:43:59.870] INF [session] 切模式后档位复查（Log 实况）：曝光=自动 / 白平衡=手动 / 对焦意图=自动 / EV=+0.0
[12:43:59.870] INF [session] 切模式耗时 0.30s（Log 实况；含 outputs 重配与参数重放）
[12:43:59.965] INF [session] 切换模式 Log 实况 → 实况
[12:43:59.967] INF [photo] Live Photo 采集 已开启
[12:44:00.382] INF [session] 切换模式 Log 实况 → 照片
[12:44:00.391] INF [session] 切模式 commit 后瞬间档位：曝光=自动 / 白平衡=手动 / 快照=曝光自动·白平衡手动
[12:44:00.391] INF [photo] 照片编码格式：hvc1
[12:44:00.391] INF [device] 手动白平衡档：5541K（色调跟随当前值 6）
[12:44:00.391] INF [session] 切模式：手动白平衡已按快照重放（5541K）
[12:44:00.392] INF [session] 切模式后档位复查（实况）：曝光=自动 / 白平衡=手动 / 对焦意图=自动 / EV=+0.0
[12:44:00.392] INF [session] 切模式耗时 0.43s（实况；含 outputs 重配与参数重放）
[12:44:00.392] INF [session] 已移除麦克风输入
[12:44:00.510] INF [audio] 音频会话已释放
[12:44:00.920] INF [session] 切模式 commit 后瞬间档位：曝光=自动 / 白平衡=手动 / 快照=曝光自动·白平衡手动
[12:44:00.920] INF [photo] 照片编码格式：hvc1
[12:44:00.920] INF [device] 手动白平衡档：5541K（色调跟随当前值 6）
[12:44:00.921] INF [session] 切模式：手动白平衡已按快照重放（5541K）
[12:44:00.921] INF [session] 切模式后档位复查（照片）：曝光=自动 / 白平衡=手动 / 对焦意图=自动 / EV=+0.0
[12:44:00.921] INF [session] 切模式耗时 0.53s（照片；含 outputs 重配与参数重放）
[12:44:00.922] INF [resource] 模式 照片 · input 活 1（累计增/删 19/18） · output 活 1（累计增/删 152/151） · 内存 30.3MB
[12:44:00.945] INF [session] 切换模式 照片 → 实况
[12:44:00.945] INF [session] 已加入麦克风输入
[12:44:01.040] INF [audio] 音频会话已激活（active=true category=AVAudioSessionCategoryPlayAndRecord mode=AVAudioSessionModeVideoRecording 48000Hz ch=1）
[12:44:01.042] INF [photo] Live Photo 采集 已开启
[12:44:01.341] DBG [ui] toast: Log 实况：当前录制 Log 视频，套用 LUT 导出实况照片在 P5 交付
[12:44:01.341] INF [session] 切换模式 照片 → Log 实况
[12:44:01.454] INF [session] 切模式 commit 后瞬间档位：曝光=自动 / 白平衡=手动 / 快照=曝光自动·白平衡手动
[12:44:01.454] INF [photo] 照片编码格式：hvc1
[12:44:01.454] INF [device] 手动白平衡档：5540K（色调跟随当前值 6）
[12:44:01.454] INF [session] 切模式：手动白平衡已按快照重放（5540K）
[12:44:01.455] INF [session] 切模式后档位复查（实况）：曝光=自动 / 白平衡=手动 / 对焦意图=自动 / EV=+0.0
[12:44:01.455] INF [session] 切模式耗时 0.51s（实况；含 outputs 重配与参数重放）
[12:44:01.708] INF [session] 切换模式 实况 → 视频
[12:44:01.749] INF [session] 切模式 commit 后瞬间档位：曝光=自动 / 白平衡=手动 / 快照=曝光自动·白平衡手动
[12:44:01.749] DBG [photo] Log 实况：录制链路不挂照片输出，跳过照片模板准备
[12:44:01.749] INF [device] 手动白平衡档：5540K（色调跟随当前值 6）
[12:44:01.749] INF [session] 切模式：手动白平衡已按快照重放（5540K）
[12:44:01.750] INF [session] 切模式后档位复查（Log 实况）：曝光=自动 / 白平衡=手动 / 对焦意图=自动 / EV=+0.0
[12:44:01.750] INF [session] 切模式耗时 0.29s（Log 实况；含 outputs 重配与参数重放）
[12:44:01.983] INF [session] 切模式 commit 后瞬间档位：曝光=自动 / 白平衡=手动 / 快照=曝光自动·白平衡手动
[12:44:01.983] DBG [photo] 视频：录制链路不挂照片输出，跳过照片模板准备
[12:44:01.983] INF [device] 手动白平衡档：5540K（色调跟随当前值 6）
[12:44:01.983] INF [session] 切模式：手动白平衡已按快照重放（5540K）
[12:44:01.984] INF [session] 切模式后档位复查（视频）：曝光=自动 / 白平衡=手动 / 对焦意图=自动 / EV=+0.0
[12:44:01.984] INF [session] 切模式耗时 0.23s（视频；含 outputs 重配与参数重放）
[12:44:02.017] INF [resource] 模式 视频 · input 活 2（累计增/删 20/18） · output 活 1（累计增/删 155/154） · 内存 30.5MB
[12:44:02.328] DBG [ui] toast: Log 实况：当前录制 Log 视频，套用 LUT 导出实况照片在 P5 交付
[12:44:02.329] INF [session] 切换模式 视频 → Log 实况
[12:44:02.612] INF [session] 切模式 commit 后瞬间档位：曝光=自动 / 白平衡=手动 / 快照=曝光自动·白平衡手动
[12:44:02.612] DBG [photo] Log 实况：录制链路不挂照片输出，跳过照片模板准备
[12:44:02.612] INF [device] 手动白平衡档：5540K（色调跟随当前值 6）
[12:44:02.612] INF [session] 切模式：手动白平衡已按快照重放（5540K）
[12:44:02.613] INF [session] 切模式后档位复查（Log 实况）：曝光=自动 / 白平衡=手动 / 对焦意图=自动 / EV=+0.0
[12:44:02.613] INF [session] 切模式耗时 0.28s（Log 实况；含 outputs 重配与参数重放）
[12:44:02.679] INF [session] 切换模式 Log 实况 → 实况
[12:44:02.680] INF [photo] Live Photo 采集 已开启
[12:44:03.049] INF [session] 切换模式 Log 实况 → 照片
[12:44:03.110] INF [session] 切模式 commit 后瞬间档位：曝光=自动 / 白平衡=手动 / 快照=曝光自动·白平衡手动
[12:44:03.110] INF [photo] 照片编码格式：hvc1
[12:44:03.110] INF [device] 手动白平衡档：5571K（色调跟随当前值 8）
[12:44:03.110] INF [session] 切模式：手动白平衡已按快照重放（5571K）
[12:44:03.111] INF [session] 切模式后档位复查（实况）：曝光=自动 / 白平衡=手动 / 对焦意图=自动 / EV=+0.0
[12:44:03.111] INF [session] 切模式耗时 0.43s（实况；含 outputs 重配与参数重放）
[12:44:03.111] INF [session] 已移除麦克风输入
[12:44:03.194] INF [audio] 音频会话已释放
[12:44:03.545] INF [session] 切换模式 实况 → 照片
[12:44:03.631] INF [session] 切模式 commit 后瞬间档位：曝光=自动 / 白平衡=手动 / 快照=曝光自动·白平衡手动
[12:44:03.631] INF [photo] 照片编码格式：hvc1
[12:44:03.632] INF [device] 手动白平衡档：5539K（色调跟随当前值 6）
[12:44:03.632] INF [session] 切模式：手动白平衡已按快照重放（5539K）
[12:44:03.633] INF [session] 切模式后档位复查（照片）：曝光=自动 / 白平衡=手动 / 对焦意图=自动 / EV=+0.0
[12:44:03.633] INF [session] 切模式耗时 0.52s（照片；含 outputs 重配与参数重放）
[12:44:03.829] INF [session] 切换模式 照片 → 实况
[12:44:03.893] INF [session] 切模式 commit 后瞬间档位：曝光=自动 / 白平衡=手动 / 快照=曝光自动·白平衡手动
[12:44:03.894] INF [photo] 照片编码格式：hvc1
[12:44:03.894] INF [device] 手动白平衡档：5570K（色调跟随当前值 8）
[12:44:03.894] INF [session] 切模式：手动白平衡已按快照重放（5570K）
[12:44:03.894] INF [session] 切模式后档位复查（照片）：曝光=自动 / 白平衡=手动 / 对焦意图=自动 / EV=+0.0
[12:44:03.894] INF [session] 切模式耗时 0.26s（照片；含 outputs 重配与参数重放）
[12:44:03.894] INF [resource] 模式 照片 · input 活 1（累计增/删 20/19） · output 活 1（累计增/删 159/158） · 内存 29.8MB
[12:44:03.895] INF [session] 已加入麦克风输入
[12:44:03.925] INF [audio] 音频会话已激活（active=true category=AVAudioSessionCategoryPlayAndRecord mode=AVAudioSessionModeVideoRecording 48000Hz ch=1）
[12:44:03.927] INF [photo] Live Photo 采集 已开启
[12:44:04.329] DBG [ui] toast: Log 实况：当前录制 Log 视频，套用 LUT 导出实况照片在 P5 交付
[12:44:04.329] INF [session] 切换模式 照片 → Log 实况
[12:44:04.341] INF [session] 切模式 commit 后瞬间档位：曝光=自动 / 白平衡=手动 / 快照=曝光自动·白平衡手动
[12:44:04.341] INF [photo] 照片编码格式：hvc1
[12:44:04.342] INF [device] 手动白平衡档：5553K（色调跟随当前值 9）
[12:44:04.342] INF [session] 切模式：手动白平衡已按快照重放（5553K）
[12:44:04.342] INF [session] 切模式后档位复查（实况）：曝光=自动 / 白平衡=手动 / 对焦意图=自动 / EV=+0.0
[12:44:04.342] INF [session] 切模式耗时 0.45s（实况；含 outputs 重配与参数重放）
[12:44:04.632] INF [session] 切模式 commit 后瞬间档位：曝光=自动 / 白平衡=手动 / 快照=曝光自动·白平衡手动
[12:44:04.632] DBG [photo] Log 实况：录制链路不挂照片输出，跳过照片模板准备
[12:44:04.632] INF [device] 手动白平衡档：5539K（色调跟随当前值 6）
[12:44:04.632] INF [session] 切模式：手动白平衡已按快照重放（5539K）
[12:44:04.633] INF [session] 切模式后档位复查（Log 实况）：曝光=自动 / 白平衡=手动 / 对焦意图=自动 / EV=+0.0
[12:44:04.633] INF [session] 切模式耗时 0.29s（Log 实况；含 outputs 重配与参数重放）
[12:44:04.696] INF [session] 切换模式 Log 实况 → 视频
[12:44:04.941] INF [session] 切模式 commit 后瞬间档位：曝光=自动 / 白平衡=手动 / 快照=曝光自动·白平衡手动
[12:44:04.942] DBG [photo] 视频：录制链路不挂照片输出，跳过照片模板准备
[12:44:04.942] INF [device] 手动白平衡档：5551K（色调跟随当前值 8）
[12:44:04.942] INF [session] 切模式：手动白平衡已按快照重放（5551K）
[12:44:04.943] INF [session] 切模式后档位复查（视频）：曝光=自动 / 白平衡=手动 / 对焦意图=自动 / EV=+0.0
[12:44:04.943] INF [session] 切模式耗时 0.25s（视频；含 outputs 重配与参数重放）
[12:44:04.975] INF [resource] 模式 视频 · input 活 2（累计增/删 21/19） · output 活 1（累计增/删 162/161） · 内存 30.0MB
[12:44:05.137] DBG [ui] toast: Log 实况：当前录制 Log 视频，套用 LUT 导出实况照片在 P5 交付
[12:44:05.138] INF [session] 切换模式 视频 → Log 实况
[12:44:05.389] INF [session] 切模式 commit 后瞬间档位：曝光=自动 / 白平衡=手动 / 快照=曝光自动·白平衡手动
[12:44:05.389] DBG [photo] Log 实况：录制链路不挂照片输出，跳过照片模板准备
[12:44:05.389] INF [device] 手动白平衡档：5551K（色调跟随当前值 8）
[12:44:05.389] INF [session] 切模式：手动白平衡已按快照重放（5551K）
[12:44:05.390] INF [session] 切模式后档位复查（Log 实况）：曝光=自动 / 白平衡=手动 / 对焦意图=自动 / EV=+0.0
[12:44:05.390] INF [session] 切模式耗时 0.25s（Log 实况；含 outputs 重配与参数重放）
[12:44:05.480] INF [session] 切换模式 Log 实况 → 实况
[12:44:05.480] INF [photo] Live Photo 采集 已开启
[12:44:05.887] INF [session] 切换模式 Log 实况 → 照片
[12:44:05.908] INF [session] 切模式 commit 后瞬间档位：曝光=自动 / 白平衡=手动 / 快照=曝光自动·白平衡手动
[12:44:05.908] INF [photo] 照片编码格式：hvc1
[12:44:05.908] INF [device] 手动白平衡档：5551K（色调跟随当前值 8）
[12:44:05.908] INF [session] 切模式：手动白平衡已按快照重放（5551K）
[12:44:05.909] INF [session] 切模式后档位复查（实况）：曝光=自动 / 白平衡=手动 / 对焦意图=自动 / EV=+0.0
[12:44:05.909] INF [session] 切模式耗时 0.43s（实况；含 outputs 重配与参数重放）
[12:44:05.910] INF [session] 已移除麦克风输入
[12:44:06.020] INF [audio] 音频会话已释放
[12:44:06.441] INF [session] 切模式 commit 后瞬间档位：曝光=自动 / 白平衡=手动 / 快照=曝光自动·白平衡手动
[12:44:06.442] INF [photo] 照片编码格式：hvc1
[12:44:06.442] INF [device] 手动白平衡档：5550K（色调跟随当前值 8）
[12:44:06.442] INF [session] 切模式：手动白平衡已按快照重放（5550K）
[12:44:06.443] INF [session] 切模式后档位复查（照片）：曝光=自动 / 白平衡=手动 / 对焦意图=自动 / EV=+0.0
[12:44:06.443] INF [session] 切模式耗时 0.53s（照片；含 outputs 重配与参数重放）
[12:44:06.474] INF [resource] 模式 照片 · input 活 1（累计增/删 21/20） · output 活 1（累计增/删 165/164） · 内存 29.9MB
[12:44:06.771] DBG [ui] toast: Log 实况：当前录制 Log 视频，套用 LUT 导出实况照片在 P5 交付
[12:44:06.771] INF [session] 切换模式 照片 → Log 实况
[12:44:06.772] INF [session] 已加入麦克风输入
[12:44:06.874] INF [audio] 音频会话已激活（active=true category=AVAudioSessionCategoryPlayAndRecord mode=AVAudioSessionModeVideoRecording 48000Hz ch=1）
[12:44:07.117] INF [session] 切换模式 照片 → 视频
[12:44:07.122] INF [session] 切模式 commit 后瞬间档位：曝光=自动 / 白平衡=手动 / 快照=曝光自动·白平衡手动
[12:44:07.122] DBG [photo] Log 实况：录制链路不挂照片输出，跳过照片模板准备
[12:44:07.122] INF [device] 手动白平衡档：5550K（色调跟随当前值 8）
[12:44:07.122] INF [session] 切模式：手动白平衡已按快照重放（5550K）
[12:44:07.123] INF [session] 切模式后档位复查（Log 实况）：曝光=自动 / 白平衡=手动 / 对焦意图=自动 / EV=+0.0
[12:44:07.123] INF [session] 切模式耗时 0.35s（Log 实况；含 outputs 重配与参数重放）
[12:44:07.361] INF [session] 切模式 commit 后瞬间档位：曝光=自动 / 白平衡=手动 / 快照=曝光自动·白平衡手动
[12:44:07.361] DBG [photo] 视频：录制链路不挂照片输出，跳过照片模板准备
[12:44:07.362] INF [device] 手动白平衡档：5550K（色调跟随当前值 8）
[12:44:07.362] INF [session] 切模式：手动白平衡已按快照重放（5550K）
[12:44:07.362] INF [session] 切模式后档位复查（视频）：曝光=自动 / 白平衡=手动 / 对焦意图=自动 / EV=+0.0
[12:44:07.362] INF [session] 切模式耗时 0.24s（视频；含 outputs 重配与参数重放）
[12:44:07.685] DBG [ui] toast: Log 实况：当前录制 Log 视频，套用 LUT 导出实况照片在 P5 交付
[12:44:07.686] INF [session] 切换模式 视频 → Log 实况
[12:44:07.939] INF [session] 切模式 commit 后瞬间档位：曝光=自动 / 白平衡=手动 / 快照=曝光自动·白平衡手动
[12:44:07.939] DBG [photo] Log 实况：录制链路不挂照片输出，跳过照片模板准备
[12:44:07.939] INF [device] 手动白平衡档：5549K（色调跟随当前值 8）
[12:44:07.939] INF [session] 切模式：手动白平衡已按快照重放（5549K）
[12:44:07.940] INF [session] 切模式后档位复查（Log 实况）：曝光=自动 / 白平衡=手动 / 对焦意图=自动 / EV=+0.0
[12:44:07.940] INF [session] 切模式耗时 0.25s（Log 实况；含 outputs 重配与参数重放）
[12:44:08.017] INF [session] 切换模式 Log 实况 → 实况
[12:44:08.018] INF [photo] Live Photo 采集 已开启
[12:44:08.355] INF [session] 切换模式 Log 实况 → 照片
[12:44:08.467] INF [session] 切模式 commit 后瞬间档位：曝光=自动 / 白平衡=手动 / 快照=曝光自动·白平衡手动
[12:44:08.467] INF [photo] 照片编码格式：hvc1
[12:44:08.467] INF [device] 手动白平衡档：5477K（色调跟随当前值 8）
[12:44:08.467] INF [session] 切模式：手动白平衡已按快照重放（5477K）
[12:44:08.468] INF [session] 切模式后档位复查（实况）：曝光=自动 / 白平衡=手动 / 对焦意图=自动 / EV=+0.0
[12:44:08.468] INF [session] 切模式耗时 0.45s（实况；含 outputs 重配与参数重放）
[12:44:08.468] INF [resource] 模式 实况 · input 活 2（累计增/删 22/20） · output 活 1（累计增/删 169/168） · 内存 30.0MB
[12:44:08.468] INF [session] 已移除麦克风输入
[12:44:08.548] INF [audio] 音频会话已释放
[12:44:08.971] INF [session] 切模式 commit 后瞬间档位：曝光=自动 / 白平衡=手动 / 快照=曝光自动·白平衡手动
[12:44:08.972] INF [photo] 照片编码格式：hvc1
[12:44:08.973] INF [device] 手动白平衡档：5549K（色调跟随当前值 8）
[12:44:08.973] INF [session] 切模式：手动白平衡已按快照重放（5549K）
[12:44:08.974] INF [session] 切模式后档位复查（照片）：曝光=自动 / 白平衡=手动 / 对焦意图=自动 / EV=+0.0
[12:44:08.974] INF [session] 切模式耗时 0.51s（照片；含 outputs 重配与参数重放）
[12:44:09.089] INF [session] 切换模式 照片 → 实况
[12:44:09.092] INF [session] 已加入麦克风输入
[12:44:09.185] INF [audio] 音频会话已激活（active=true category=AVAudioSessionCategoryPlayAndRecord mode=AVAudioSessionModeVideoRecording 48000Hz ch=1）
[12:44:09.187] INF [photo] Live Photo 采集 已开启
[12:44:09.488] DBG [ui] toast: Log 实况：当前录制 Log 视频，套用 LUT 导出实况照片在 P5 交付
[12:44:09.488] INF [session] 切换模式 照片 → Log 实况
[12:44:09.624] INF [session] 切模式 commit 后瞬间档位：曝光=自动 / 白平衡=手动 / 快照=曝光自动·白平衡手动
[12:44:09.625] INF [photo] 照片编码格式：hvc1
[12:44:09.625] INF [device] 手动白平衡档：5548K（色调跟随当前值 8）
[12:44:09.625] INF [session] 切模式：手动白平衡已按快照重放（5548K）
[12:44:09.625] INF [session] 切模式后档位复查（实况）：曝光=自动 / 白平衡=手动 / 对焦意图=自动 / EV=+0.0
[12:44:09.625] INF [session] 切模式耗时 0.54s（实况；含 outputs 重配与参数重放）
[12:44:09.914] INF [session] 切模式 commit 后瞬间档位：曝光=自动 / 白平衡=手动 / 快照=曝光自动·白平衡手动
[12:44:09.914] DBG [photo] Log 实况：录制链路不挂照片输出，跳过照片模板准备
[12:44:09.914] INF [device] 手动白平衡档：5548K（色调跟随当前值 8）
[12:44:09.914] INF [session] 切模式：手动白平衡已按快照重放（5548K）
[12:44:09.915] INF [session] 切模式后档位复查（Log 实况）：曝光=自动 / 白平衡=手动 / 对焦意图=自动 / EV=+0.0
[12:44:09.915] INF [session] 切模式耗时 0.29s（Log 实况；含 outputs 重配与参数重放）
[12:44:09.954] INF [resource] 模式 Log 实况 · input 活 2（累计增/删 23/21） · output 活 1（累计增/删 172/171） · 内存 29.8MB
[12:44:10.059] INF [session] 切换模式 Log 实况 → 视频
[12:44:10.347] INF [session] 切模式 commit 后瞬间档位：曝光=自动 / 白平衡=手动 / 快照=曝光自动·白平衡手动
[12:44:10.348] DBG [photo] 视频：录制链路不挂照片输出，跳过照片模板准备
[12:44:10.348] INF [device] 手动白平衡档：5548K（色调跟随当前值 8）
[12:44:10.348] INF [session] 切模式：手动白平衡已按快照重放（5548K）
[12:44:10.348] INF [session] 切模式后档位复查（视频）：曝光=自动 / 白平衡=手动 / 对焦意图=自动 / EV=+0.0
[12:44:10.348] INF [session] 切模式耗时 0.29s（视频；含 outputs 重配与参数重放）
[12:44:10.656] DBG [ui] toast: Log 实况：当前录制 Log 视频，套用 LUT 导出实况照片在 P5 交付
[12:44:10.656] INF [session] 切换模式 视频 → Log 实况
[12:44:10.953] INF [session] 切模式 commit 后瞬间档位：曝光=自动 / 白平衡=手动 / 快照=曝光自动·白平衡手动
[12:44:10.953] DBG [photo] Log 实况：录制链路不挂照片输出，跳过照片模板准备
[12:44:10.954] INF [device] 手动白平衡档：5547K（色调跟随当前值 8）
[12:44:10.954] INF [session] 切模式：手动白平衡已按快照重放（5547K）
[12:44:10.955] INF [session] 切模式后档位复查（Log 实况）：曝光=自动 / 白平衡=手动 / 对焦意图=自动 / EV=+0.0
[12:44:10.955] INF [session] 切模式耗时 0.30s（Log 实况；含 outputs 重配与参数重放）
[12:44:11.113] INF [session] 切换模式 Log 实况 → 实况
[12:44:11.115] INF [photo] Live Photo 采集 已开启
[12:44:11.443] INF [session] 切换模式 Log 实况 → 实况
[12:44:11.548] INF [session] 切模式 commit 后瞬间档位：曝光=自动 / 白平衡=手动 / 快照=曝光自动·白平衡手动
[12:44:11.548] INF [photo] 照片编码格式：hvc1
[12:44:11.548] INF [device] 手动白平衡档：5547K（色调跟随当前值 8）
[12:44:11.548] INF [session] 切模式：手动白平衡已按快照重放（5547K）
[12:44:11.549] INF [session] 切模式后档位复查（实况）：曝光=自动 / 白平衡=手动 / 对焦意图=自动 / EV=+0.0
[12:44:11.549] INF [session] 切模式耗时 0.44s（实况；含 outputs 重配与参数重放）
[12:44:11.550] INF [photo] Live Photo 采集 已开启
[12:44:11.846] INF [session] 切模式 commit 后瞬间档位：曝光=自动 / 白平衡=手动 / 快照=曝光自动·白平衡手动
[12:44:11.846] INF [photo] 照片编码格式：hvc1
[12:44:11.846] INF [device] 手动白平衡档：5547K（色调跟随当前值 8）
[12:44:11.846] INF [session] 切模式：手动白平衡已按快照重放（5547K）
[12:44:11.847] INF [session] 切模式后档位复查（实况）：曝光=自动 / 白平衡=手动 / 对焦意图=自动 / EV=+0.0
[12:44:11.847] INF [session] 切模式耗时 0.30s（实况；含 outputs 重配与参数重放）
[12:44:11.847] INF [resource] 模式 实况 · input 活 2（累计增/删 23/21） · output 活 1（累计增/删 176/175） · 内存 30.1MB
[12:44:11.926] INF [session] 切换模式 实况 → 照片
[12:44:11.927] INF [session] 已移除麦克风输入
[12:44:12.054] INF [audio] 音频会话已释放
[12:44:12.497] INF [session] 切模式 commit 后瞬间档位：曝光=自动 / 白平衡=手动 / 快照=曝光自动·白平衡手动
[12:44:12.497] INF [photo] 照片编码格式：hvc1
[12:44:12.497] INF [device] 手动白平衡档：5546K（色调跟随当前值 8）
[12:44:12.497] INF [session] 切模式：手动白平衡已按快照重放（5546K）
[12:44:12.498] INF [session] 切模式后档位复查（照片）：曝光=自动 / 白平衡=手动 / 对焦意图=自动 / EV=+0.0
[12:44:12.498] INF [session] 切模式耗时 0.57s（照片；含 outputs 重配与参数重放）
[12:44:12.527] INF [session] 切换模式 照片 → 实况
[12:44:12.529] INF [session] 已加入麦克风输入
[12:44:12.629] INF [audio] 音频会话已激活（active=true category=AVAudioSessionCategoryPlayAndRecord mode=AVAudioSessionModeVideoRecording 48000Hz ch=1）
[12:44:12.630] INF [photo] Live Photo 采集 已开启
[12:44:13.037] INF [session] 切模式 commit 后瞬间档位：曝光=自动 / 白平衡=手动 / 快照=曝光自动·白平衡手动
[12:44:13.037] INF [photo] 照片编码格式：hvc1
[12:44:13.037] INF [device] 手动白平衡档：5519K（色调跟随当前值 8）
[12:44:13.037] INF [session] 切模式：手动白平衡已按快照重放（5519K）
[12:44:13.038] INF [session] 切模式后档位复查（实况）：曝光=自动 / 白平衡=手动 / 对焦意图=自动 / EV=+0.0
[12:44:13.038] INF [session] 切模式耗时 0.51s（实况；含 outputs 重配与参数重放）
[12:44:13.281] INF [resource] 模式 实况 · input 活 2（累计增/删 24/22） · output 活 1（累计增/删 178/177） · 内存 29.7MB
[12:44:13.281] DBG [ui] toast: Log 实况：当前录制 Log 视频，套用 LUT 导出实况照片在 P5 交付
[12:44:13.288] INF [session] 切换模式 实况 → Log 实况
[12:44:13.546] INF [session] 切模式 commit 后瞬间档位：曝光=自动 / 白平衡=手动 / 快照=曝光自动·白平衡手动
[12:44:13.546] DBG [photo] Log 实况：录制链路不挂照片输出，跳过照片模板准备
[12:44:13.546] INF [device] 手动白平衡档：5519K（色调跟随当前值 8）
[12:44:13.546] INF [session] 切模式：手动白平衡已按快照重放（5519K）
[12:44:13.547] INF [session] 切模式后档位复查（Log 实况）：曝光=自动 / 白平衡=手动 / 对焦意图=自动 / EV=+0.0
[12:44:13.547] INF [session] 切模式耗时 0.26s（Log 实况；含 outputs 重配与参数重放）
[12:44:13.600] INF [session] 切换模式 Log 实况 → 视频
[12:44:13.872] INF [session] 切模式 commit 后瞬间档位：曝光=自动 / 白平衡=手动 / 快照=曝光自动·白平衡手动
[12:44:13.872] DBG [photo] 视频：录制链路不挂照片输出，跳过照片模板准备
[12:44:13.872] INF [device] 手动白平衡档：5519K（色调跟随当前值 8）
[12:44:13.872] INF [session] 切模式：手动白平衡已按快照重放（5519K）
[12:44:13.873] INF [session] 切模式后档位复查（视频）：曝光=自动 / 白平衡=手动 / 对焦意图=自动 / EV=+0.0
[12:44:13.873] INF [session] 切模式耗时 0.27s（视频；含 outputs 重配与参数重放）
[12:44:14.106] DBG [ui] toast: Log 实况：当前录制 Log 视频，套用 LUT 导出实况照片在 P5 交付
[12:44:14.106] INF [session] 切换模式 视频 → Log 实况
[12:44:14.359] INF [session] 切模式 commit 后瞬间档位：曝光=自动 / 白平衡=手动 / 快照=曝光自动·白平衡手动
[12:44:14.359] DBG [photo] Log 实况：录制链路不挂照片输出，跳过照片模板准备
[12:44:14.360] INF [device] 手动白平衡档：5519K（色调跟随当前值 8）
[12:44:14.360] INF [session] 切模式：手动白平衡已按快照重放（5519K）
[12:44:14.360] INF [session] 切模式后档位复查（Log 实况）：曝光=自动 / 白平衡=手动 / 对焦意图=自动 / EV=+0.0
[12:44:14.360] INF [session] 切模式耗时 0.25s（Log 实况；含 outputs 重配与参数重放）
[12:44:14.443] INF [session] 切换模式 Log 实况 → 实况
[12:44:14.444] INF [photo] Live Photo 采集 已开启
[12:44:14.831] INF [session] 切换模式 Log 实况 → 照片
[12:44:14.904] INF [session] 切模式 commit 后瞬间档位：曝光=自动 / 白平衡=手动 / 快照=曝光自动·白平衡手动
[12:44:14.904] INF [photo] 照片编码格式：hvc1
[12:44:14.904] INF [device] 手动白平衡档：5519K（色调跟随当前值 8）
[12:44:14.904] INF [session] 切模式：手动白平衡已按快照重放（5519K）
[12:44:14.905] INF [session] 切模式后档位复查（实况）：曝光=自动 / 白平衡=手动 / 对焦意图=自动 / EV=+0.0
[12:44:14.905] INF [session] 切模式耗时 0.46s（实况；含 outputs 重配与参数重放）
[12:44:14.905] INF [session] 已移除麦克风输入
[12:44:14.988] INF [audio] 音频会话已释放
[12:44:15.398] INF [session] 切换模式 实况 → 照片
[12:44:15.431] INF [session] 切模式 commit 后瞬间档位：曝光=自动 / 白平衡=手动 / 快照=曝光自动·白平衡手动
[12:44:15.431] INF [photo] 照片编码格式：hvc1
[12:44:15.431] INF [device] 手动白平衡档：5518K（色调跟随当前值 8）
[12:44:15.431] INF [session] 切模式：手动白平衡已按快照重放（5518K）
[12:44:15.432] INF [session] 切模式后档位复查（照片）：曝光=自动 / 白平衡=手动 / 对焦意图=自动 / EV=+0.0
[12:44:15.432] INF [session] 切模式耗时 0.53s（照片；含 outputs 重配与参数重放）
[12:44:15.433] INF [resource] 模式 照片 · input 活 1（累计增/删 24/23） · output 活 1（累计增/删 183/182） · 内存 30.1MB
[12:44:15.727] INF [session] 切模式 commit 后瞬间档位：曝光=自动 / 白平衡=手动 / 快照=曝光自动·白平衡手动
[12:44:15.727] INF [photo] 照片编码格式：hvc1
[12:44:15.727] INF [device] 手动白平衡档：5519K（色调跟随当前值 8）
[12:44:15.727] INF [session] 切模式：手动白平衡已按快照重放（5519K）
[12:44:15.728] INF [session] 切模式后档位复查（照片）：曝光=自动 / 白平衡=手动 / 对焦意图=自动 / EV=+0.0
[12:44:15.728] INF [session] 切模式耗时 0.29s（照片；含 outputs 重配与参数重放）
[12:44:15.764] INF [session] 切换模式 照片 → 实况
[12:44:15.765] INF [session] 已加入麦克风输入
[12:44:15.841] INF [audio] 音频会话已激活（active=true category=AVAudioSessionCategoryPlayAndRecord mode=AVAudioSessionModeVideoRecording 48000Hz ch=1）
[12:44:15.842] INF [photo] Live Photo 采集 已开启
[12:44:16.181] DBG [ui] toast: Log 实况：当前录制 Log 视频，套用 LUT 导出实况照片在 P5 交付
[12:44:16.181] INF [session] 切换模式 照片 → Log 实况
[12:44:16.280] INF [session] 切模式 commit 后瞬间档位：曝光=自动 / 白平衡=手动 / 快照=曝光自动·白平衡手动
[12:44:16.280] INF [photo] 照片编码格式：hvc1
[12:44:16.280] INF [device] 手动白平衡档：5532K（色调跟随当前值 9）
[12:44:16.280] INF [session] 切模式：手动白平衡已按快照重放（5532K）
[12:44:16.281] INF [session] 切模式后档位复查（实况）：曝光=自动 / 白平衡=手动 / 对焦意图=自动 / EV=+0.0
[12:44:16.281] INF [session] 切模式耗时 0.52s（实况；含 outputs 重配与参数重放）
[12:44:16.498] INF [session] 切换模式 实况 → 视频
[12:44:16.531] INF [session] 切模式 commit 后瞬间档位：曝光=自动 / 白平衡=手动 / 快照=曝光自动·白平衡手动
[12:44:16.531] DBG [photo] Log 实况：录制链路不挂照片输出，跳过照片模板准备
[12:44:16.531] INF [device] 手动白平衡档：5518K（色调跟随当前值 8）
[12:44:16.531] INF [session] 切模式：手动白平衡已按快照重放（5518K）
[12:44:16.531] INF [session] 切模式后档位复查（Log 实况）：曝光=自动 / 白平衡=手动 / 对焦意图=自动 / EV=+0.0
[12:44:16.531] INF [session] 切模式耗时 0.25s（Log 实况；含 outputs 重配与参数重放）
[12:44:16.532] INF [resource] 模式 Log 实况 · input 活 2（累计增/删 25/23） · output 活 1（累计增/删 186/185） · 内存 29.8MB
[12:44:16.782] INF [session] 切模式 commit 后瞬间档位：曝光=自动 / 白平衡=手动 / 快照=曝光自动·白平衡手动
[12:44:16.782] DBG [photo] 视频：录制链路不挂照片输出，跳过照片模板准备
[12:44:16.782] INF [device] 手动白平衡档：5518K（色调跟随当前值 8）
[12:44:16.782] INF [session] 切模式：手动白平衡已按快照重放（5518K）
[12:44:16.783] INF [session] 切模式后档位复查（视频）：曝光=自动 / 白平衡=手动 / 对焦意图=自动 / EV=+0.0
[12:44:16.783] INF [session] 切模式耗时 0.25s（视频；含 outputs 重配与参数重放）
[12:44:17.319] DBG [ui] toast: Log 实况：当前录制 Log 视频，套用 LUT 导出实况照片在 P5 交付
[12:44:17.319] INF [session] 切换模式 视频 → Log 实况
[12:44:17.601] INF [session] 切模式 commit 后瞬间档位：曝光=自动 / 白平衡=手动 / 快照=曝光自动·白平衡手动
[12:44:17.602] DBG [photo] Log 实况：录制链路不挂照片输出，跳过照片模板准备
[12:44:17.602] INF [device] 手动白平衡档：5518K（色调跟随当前值 8）
[12:44:17.602] INF [session] 切模式：手动白平衡已按快照重放（5518K）
[12:44:17.603] INF [session] 切模式后档位复查（Log 实况）：曝光=自动 / 白平衡=手动 / 对焦意图=自动 / EV=+0.0
[12:44:17.603] INF [session] 切模式耗时 0.28s（Log 实况；含 outputs 重配与参数重放）
[12:44:17.638] INF [session] 切换模式 Log 实况 → 实况
[12:44:17.639] INF [photo] Live Photo 采集 已开启
[12:44:18.049] INF [session] 切模式 commit 后瞬间档位：曝光=自动 / 白平衡=手动 / 快照=曝光自动·白平衡手动
[12:44:18.049] INF [photo] 照片编码格式：hvc1
[12:44:18.049] INF [device] 手动白平衡档：5532K（色调跟随当前值 9）
[12:44:18.049] INF [session] 切模式：手动白平衡已按快照重放（5532K）
[12:44:18.050] INF [session] 切模式后档位复查（实况）：曝光=自动 / 白平衡=手动 / 对焦意图=自动 / EV=+0.0
[12:44:18.050] INF [session] 切模式耗时 0.41s（实况；含 outputs 重配与参数重放）
[12:44:18.063] INF [resource] 模式 实况 · input 活 2（累计增/删 25/23） · output 活 1（累计增/删 189/188） · 内存 30.2MB
[12:44:18.090] INF [session] 切换模式 实况 → 照片
[12:44:18.090] INF [session] 已移除麦克风输入
[12:44:18.220] INF [audio] 音频会话已释放
[12:44:18.668] INF [session] 切模式 commit 后瞬间档位：曝光=自动 / 白平衡=手动 / 快照=曝光自动·白平衡手动
[12:44:18.668] INF [photo] 照片编码格式：hvc1
[12:44:18.669] INF [device] 手动白平衡档：5532K（色调跟随当前值 9）
[12:44:18.669] INF [session] 切模式：手动白平衡已按快照重放（5532K）
[12:44:18.670] INF [session] 切模式后档位复查（照片）：曝光=自动 / 白平衡=手动 / 对焦意图=自动 / EV=+0.0
[12:44:18.670] INF [session] 切模式耗时 0.58s（照片；含 outputs 重配与参数重放）
[12:44:19.385] INF [session] 切换模式 照片 → 实况
[12:44:19.387] INF [session] 已加入麦克风输入
[12:44:19.478] INF [audio] 音频会话已激活（active=true category=AVAudioSessionCategoryPlayAndRecord mode=AVAudioSessionModeVideoRecording 48000Hz ch=1）
[12:44:19.480] INF [photo] Live Photo 采集 已开启
[12:44:19.698] DBG [ui] toast: Log 实况：当前录制 Log 视频，套用 LUT 导出实况照片在 P5 交付
[12:44:19.698] INF [session] 切换模式 照片 → Log 实况
[12:44:19.926] INF [session] 切模式 commit 后瞬间档位：曝光=自动 / 白平衡=手动 / 快照=曝光自动·白平衡手动
[12:44:19.927] INF [photo] 照片编码格式：hvc1
[12:44:19.927] INF [device] 手动白平衡档：5531K（色调跟随当前值 9）
[12:44:19.927] INF [session] 切模式：手动白平衡已按快照重放（5531K）
[12:44:19.928] INF [session] 切模式后档位复查（实况）：曝光=自动 / 白平衡=手动 / 对焦意图=自动 / EV=+0.0
[12:44:19.928] INF [session] 切模式耗时 0.54s（实况；含 outputs 重配与参数重放）
[12:44:20.165] INF [session] 切换模式 实况 → 视频
[12:44:20.220] INF [session] 切模式 commit 后瞬间档位：曝光=自动 / 白平衡=手动 / 快照=曝光自动·白平衡手动
[12:44:20.220] DBG [photo] Log 实况：录制链路不挂照片输出，跳过照片模板准备
[12:44:20.220] INF [device] 手动白平衡档：5531K（色调跟随当前值 9）
[12:44:20.220] INF [session] 切模式：手动白平衡已按快照重放（5531K）
[12:44:20.221] INF [session] 切模式后档位复查（Log 实况）：曝光=自动 / 白平衡=手动 / 对焦意图=自动 / EV=+0.0
[12:44:20.221] INF [session] 切模式耗时 0.29s（Log 实况；含 outputs 重配与参数重放）
[12:44:20.454] INF [session] 切模式 commit 后瞬间档位：曝光=自动 / 白平衡=手动 / 快照=曝光自动·白平衡手动
[12:44:20.454] DBG [photo] 视频：录制链路不挂照片输出，跳过照片模板准备
[12:44:20.454] INF [device] 手动白平衡档：5531K（色调跟随当前值 9）
[12:44:20.454] INF [session] 切模式：手动白平衡已按快照重放（5531K）
[12:44:20.455] INF [session] 切模式后档位复查（视频）：曝光=自动 / 白平衡=手动 / 对焦意图=自动 / EV=+0.0
[12:44:20.455] INF [session] 切模式耗时 0.23s（视频；含 outputs 重配与参数重放）
[12:44:20.455] INF [resource] 模式 视频 · input 活 2（累计增/删 26/24） · output 活 1（累计增/删 193/192） · 内存 30.3MB
[12:44:20.699] DBG [ui] toast: Log 实况：当前录制 Log 视频，套用 LUT 导出实况照片在 P5 交付
[12:44:20.699] INF [session] 切换模式 视频 → Log 实况
[12:44:20.915] INF [session] 切换模式 视频 → 实况
[12:44:21.001] INF [session] 切模式 commit 后瞬间档位：曝光=自动 / 白平衡=手动 / 快照=曝光自动·白平衡手动
[12:44:21.001] DBG [photo] Log 实况：录制链路不挂照片输出，跳过照片模板准备
[12:44:21.001] INF [device] 手动白平衡档：5531K（色调跟随当前值 9）
[12:44:21.001] INF [session] 切模式：手动白平衡已按快照重放（5531K）
[12:44:21.002] INF [session] 切模式后档位复查（Log 实况）：曝光=自动 / 白平衡=手动 / 对焦意图=自动 / EV=+0.0
[12:44:21.002] INF [session] 切模式耗时 0.30s（Log 实况；含 outputs 重配与参数重放）
[12:44:21.003] INF [photo] Live Photo 采集 已开启
[12:44:21.173] INF [session] 切换模式 Log 实况 → 实况
[12:44:21.411] INF [session] 切换模式 Log 实况 → 照片
[12:44:21.432] INF [session] 切模式 commit 后瞬间档位：曝光=自动 / 白平衡=手动 / 快照=曝光自动·白平衡手动
[12:44:21.432] INF [photo] 照片编码格式：hvc1
[12:44:21.432] INF [device] 手动白平衡档：5531K（色调跟随当前值 9）
[12:44:21.432] INF [session] 切模式：手动白平衡已按快照重放（5531K）
[12:44:21.433] INF [session] 切模式后档位复查（实况）：曝光=自动 / 白平衡=手动 / 对焦意图=自动 / EV=+0.0
[12:44:21.433] INF [session] 切模式耗时 0.43s（实况；含 outputs 重配与参数重放）
[12:44:21.434] INF [photo] Live Photo 采集 已开启
[12:44:21.732] INF [session] 切模式 commit 后瞬间档位：曝光=自动 / 白平衡=手动 / 快照=曝光自动·白平衡手动
[12:44:21.732] INF [photo] 照片编码格式：hvc1
[12:44:21.732] INF [device] 手动白平衡档：5459K（色调跟随当前值 9）
[12:44:21.732] INF [session] 切模式：手动白平衡已按快照重放（5459K）
[12:44:21.733] INF [session] 切模式后档位复查（实况）：曝光=自动 / 白平衡=手动 / 对焦意图=自动 / EV=+0.0
[12:44:21.733] INF [session] 切模式耗时 0.30s（实况；含 outputs 重配与参数重放）
[12:44:21.733] INF [session] 已移除麦克风输入
[12:44:21.807] INF [audio] 音频会话已释放
[12:44:21.924] DBG [ui] toast: Log 实况：当前录制 Log 视频，套用 LUT 导出实况照片在 P5 交付
[12:44:21.924] INF [session] 切换模式 实况 → Log 实况
[12:44:22.140] DBG [ui] toast: Log 实况：当前录制 Log 视频，套用 LUT 导出实况照片在 P5 交付
[12:44:22.140] INF [session] 切换模式 实况 → Log 实况
[12:44:22.229] INF [session] 切模式 commit 后瞬间档位：曝光=自动 / 白平衡=手动 / 快照=曝光自动·白平衡手动
[12:44:22.229] INF [photo] 照片编码格式：hvc1
[12:44:22.229] INF [device] 手动白平衡档：5477K（色调跟随当前值 9）
[12:44:22.229] INF [session] 切模式：手动白平衡已按快照重放（5477K）
[12:44:22.230] INF [session] 切模式后档位复查（照片）：曝光=自动 / 白平衡=手动 / 对焦意图=自动 / EV=+0.0
[12:44:22.230] INF [session] 切模式耗时 0.50s（照片；含 outputs 重配与参数重放）
[12:44:22.230] INF [resource] 模式 照片 · input 活 1（累计增/删 26/25） · output 活 1（累计增/删 197/196） · 内存 29.8MB
[12:44:22.231] INF [session] 已加入麦克风输入
[12:44:22.261] INF [audio] 音频会话已激活（active=true category=AVAudioSessionCategoryPlayAndRecord mode=AVAudioSessionModeVideoRecording 48000Hz ch=1）
[12:44:22.357] INF [session] 切换模式 照片 → 视频
[12:44:22.504] INF [session] 切模式 commit 后瞬间档位：曝光=自动 / 白平衡=手动 / 快照=曝光自动·白平衡手动
[12:44:22.505] DBG [photo] Log 实况：录制链路不挂照片输出，跳过照片模板准备
[12:44:22.505] INF [device] 手动白平衡档：5458K（色调跟随当前值 9）
[12:44:22.505] INF [session] 切模式：手动白平衡已按快照重放（5458K）
[12:44:22.506] INF [session] 切模式后档位复查（Log 实况）：曝光=自动 / 白平衡=手动 / 对焦意图=自动 / EV=+0.0
[12:44:22.506] INF [session] 切模式耗时 0.28s（Log 实况；含 outputs 重配与参数重放）
[12:44:22.559] INF [session] 切换模式 Log 实况 → 视频
[12:44:22.747] INF [session] 切模式 commit 后瞬间档位：曝光=自动 / 白平衡=手动 / 快照=曝光自动·白平衡手动
[12:44:22.747] DBG [photo] Log 实况：录制链路不挂照片输出，跳过照片模板准备
[12:44:22.747] INF [device] 手动白平衡档：5458K（色调跟随当前值 9）
[12:44:22.748] INF [session] 切模式：手动白平衡已按快照重放（5458K）
[12:44:22.748] INF [session] 切模式后档位复查（Log 实况）：曝光=自动 / 白平衡=手动 / 对焦意图=自动 / EV=+0.0
[12:44:22.748] INF [session] 切模式耗时 0.24s（Log 实况；含 outputs 重配与参数重放）
[12:44:22.984] INF [session] 切模式 commit 后瞬间档位：曝光=自动 / 白平衡=手动 / 快照=曝光自动·白平衡手动
[12:44:22.984] DBG [photo] 视频：录制链路不挂照片输出，跳过照片模板准备
[12:44:22.984] INF [device] 手动白平衡档：5477K（色调跟随当前值 9）
[12:44:22.984] INF [session] 切模式：手动白平衡已按快照重放（5477K）
[12:44:22.985] INF [session] 切模式后档位复查（视频）：曝光=自动 / 白平衡=手动 / 对焦意图=自动 / EV=+0.0
[12:44:22.985] INF [session] 切模式耗时 0.24s（视频；含 outputs 重配与参数重放）
[12:44:23.022] DBG [ui] toast: Log 实况：当前录制 Log 视频，套用 LUT 导出实况照片在 P5 交付
[12:44:23.045] INF [session] 切换模式 视频 → Log 实况
[12:44:23.222] INF [session] 切模式 commit 后瞬间档位：曝光=自动 / 白平衡=手动 / 快照=曝光自动·白平衡手动
[12:44:23.222] DBG [photo] 视频：录制链路不挂照片输出，跳过照片模板准备
[12:44:23.222] INF [device] 手动白平衡档：5477K（色调跟随当前值 9）
[12:44:23.222] INF [session] 切模式：手动白平衡已按快照重放（5477K）
[12:44:23.222] INF [session] 切模式后档位复查（视频）：曝光=自动 / 白平衡=手动 / 对焦意图=自动 / EV=+0.0
[12:44:23.222] INF [session] 切模式耗时 0.24s（视频；含 outputs 重配与参数重放）
[12:44:23.223] INF [resource] 模式 视频 · input 活 2（累计增/删 27/25） · output 活 1（累计增/删 201/200） · 内存 30.0MB
[12:44:23.298] INF [session] 切换模式 视频 → 实况
[12:44:23.455] INF [session] 切模式 commit 后瞬间档位：曝光=自动 / 白平衡=手动 / 快照=曝光自动·白平衡手动
[12:44:23.455] DBG [photo] Log 实况：录制链路不挂照片输出，跳过照片模板准备
[12:44:23.455] INF [device] 手动白平衡档：5477K（色调跟随当前值 9）
[12:44:23.455] INF [session] 切模式：手动白平衡已按快照重放（5477K）
[12:44:23.456] INF [session] 切模式后档位复查（Log 实况）：曝光=自动 / 白平衡=手动 / 对焦意图=自动 / EV=+0.0
[12:44:23.456] INF [session] 切模式耗时 0.23s（Log 实况；含 outputs 重配与参数重放）
[12:44:23.458] INF [photo] Live Photo 采集 已开启
[12:44:23.553] INF [session] 切换模式 Log 实况 → 照片
[12:44:23.871] INF [session] 切模式 commit 后瞬间档位：曝光=自动 / 白平衡=手动 / 快照=曝光自动·白平衡手动
[12:44:23.872] INF [photo] 照片编码格式：hvc1
[12:44:23.872] INF [device] 手动白平衡档：5477K（色调跟随当前值 9）
[12:44:23.872] INF [session] 切模式：手动白平衡已按快照重放（5477K）
[12:44:23.873] INF [session] 切模式后档位复查（实况）：曝光=自动 / 白平衡=手动 / 对焦意图=自动 / EV=+0.0
[12:44:23.873] INF [session] 切模式耗时 0.42s（实况；含 outputs 重配与参数重放）
[12:44:23.874] INF [session] 已移除麦克风输入
[12:44:23.957] INF [audio] 音频会话已释放
[12:44:24.377] INF [session] 切模式 commit 后瞬间档位：曝光=自动 / 白平衡=手动 / 快照=曝光自动·白平衡手动
[12:44:24.377] INF [photo] 照片编码格式：hvc1
[12:44:24.377] INF [device] 手动白平衡档：5477K（色调跟随当前值 9）
[12:44:24.377] INF [session] 切模式：手动白平衡已按快照重放（5477K）
[12:44:24.378] INF [session] 切模式后档位复查（照片）：曝光=自动 / 白平衡=手动 / 对焦意图=自动 / EV=+0.0
[12:44:24.378] INF [session] 切模式耗时 0.51s（照片；含 outputs 重配与参数重放）
[12:44:24.379] INF [resource] 模式 照片 · input 活 1（累计增/删 27/26） · output 活 1（累计增/删 204/203） · 内存 30.1MB
[12:44:24.554] DBG [ui] toast: Log 实况：当前录制 Log 视频，套用 LUT 导出实况照片在 P5 交付
[12:44:24.554] INF [session] 切换模式 照片 → Log 实况
[12:44:24.556] INF [session] 已加入麦克风输入
[12:44:24.649] INF [audio] 音频会话已激活（active=true category=AVAudioSessionCategoryPlayAndRecord mode=AVAudioSessionModeVideoRecording 48000Hz ch=1）
[12:44:24.787] DBG [ui] toast: Log 实况：当前录制 Log 视频，套用 LUT 导出实况照片在 P5 交付
[12:44:24.787] INF [session] 切换模式 照片 → Log 实况
[12:44:24.933] INF [session] 切模式 commit 后瞬间档位：曝光=自动 / 白平衡=手动 / 快照=曝光自动·白平衡手动
[12:44:24.933] DBG [photo] Log 实况：录制链路不挂照片输出，跳过照片模板准备
[12:44:24.934] INF [device] 手动白平衡档：5477K（色调跟随当前值 9）
[12:44:24.934] INF [session] 切模式：手动白平衡已按快照重放（5477K）
[12:44:24.935] INF [session] 切模式后档位复查（Log 实况）：曝光=自动 / 白平衡=手动 / 对焦意图=自动 / EV=+0.0
[12:44:24.935] INF [session] 切模式耗时 0.38s（Log 实况；含 outputs 重配与参数重放）
[12:44:25.004] INF [session] 切换模式 Log 实况 → 视频
[12:44:25.174] INF [session] 切模式 commit 后瞬间档位：曝光=自动 / 白平衡=手动 / 快照=曝光自动·白平衡手动
[12:44:25.174] DBG [photo] Log 实况：录制链路不挂照片输出，跳过照片模板准备
[12:44:25.175] INF [device] 手动白平衡档：5477K（色调跟随当前值 9）
[12:44:25.175] INF [session] 切模式：手动白平衡已按快照重放（5477K）
[12:44:25.175] INF [session] 切模式后档位复查（Log 实况）：曝光=自动 / 白平衡=手动 / 对焦意图=自动 / EV=+0.0
[12:44:25.175] INF [session] 切模式耗时 0.24s（Log 实况；含 outputs 重配与参数重放）
[12:44:25.237] INF [session] 切换模式 Log 实况 → 视频
[12:44:25.403] INF [session] 切换模式 Log 实况 → 视频
[12:44:25.410] INF [session] 切模式 commit 后瞬间档位：曝光=自动 / 白平衡=手动 / 快照=曝光自动·白平衡手动
[12:44:25.410] DBG [photo] 视频：录制链路不挂照片输出，跳过照片模板准备
[12:44:25.410] INF [device] 手动白平衡档：5477K（色调跟随当前值 9）
[12:44:25.410] INF [session] 切模式：手动白平衡已按快照重放（5477K）
[12:44:25.411] INF [session] 切模式后档位复查（视频）：曝光=自动 / 白平衡=手动 / 对焦意图=自动 / EV=+0.0
[12:44:25.411] INF [session] 切模式耗时 0.24s（视频；含 outputs 重配与参数重放）
[12:44:25.645] INF [session] 切模式 commit 后瞬间档位：曝光=自动 / 白平衡=手动 / 快照=曝光自动·白平衡手动
[12:44:25.645] DBG [photo] 视频：录制链路不挂照片输出，跳过照片模板准备
[12:44:25.646] INF [device] 手动白平衡档：5477K（色调跟随当前值 9）
[12:44:25.646] INF [session] 切模式：手动白平衡已按快照重放（5477K）
[12:44:25.646] INF [session] 切模式后档位复查（视频）：曝光=自动 / 白平衡=手动 / 对焦意图=自动 / EV=+0.0
[12:44:25.646] INF [session] 切模式耗时 0.23s（视频；含 outputs 重配与参数重放）
[12:44:25.646] INF [resource] 模式 视频 · input 活 2（累计增/删 28/26） · output 活 1（累计增/删 208/207） · 内存 30.1MB
[12:44:25.883] INF [session] 切模式 commit 后瞬间档位：曝光=自动 / 白平衡=手动 / 快照=曝光自动·白平衡手动
[12:44:25.883] DBG [photo] 视频：录制链路不挂照片输出，跳过照片模板准备
[12:44:25.883] INF [device] 手动白平衡档：5478K（色调跟随当前值 9）
[12:44:25.883] INF [session] 切模式：手动白平衡已按快照重放（5478K）
[12:44:25.884] INF [session] 切模式后档位复查（视频）：曝光=自动 / 白平衡=手动 / 对焦意图=自动 / EV=+0.0
[12:44:25.884] INF [session] 切模式耗时 0.24s（视频；含 outputs 重配与参数重放）
[12:44:25.939] DBG [ui] toast: Log 实况：当前录制 Log 视频，套用 LUT 导出实况照片在 P5 交付
[12:44:25.939] INF [session] 切换模式 视频 → Log 实况
[12:44:26.170] INF [session] 切换模式 视频 → 实况
[12:44:26.186] INF [session] 切模式 commit 后瞬间档位：曝光=自动 / 白平衡=手动 / 快照=曝光自动·白平衡手动
[12:44:26.186] DBG [photo] Log 实况：录制链路不挂照片输出，跳过照片模板准备
[12:44:26.187] INF [device] 手动白平衡档：5478K（色调跟随当前值 9）
[12:44:26.187] INF [session] 切模式：手动白平衡已按快照重放（5478K）
[12:44:26.187] INF [session] 切模式后档位复查（Log 实况）：曝光=自动 / 白平衡=手动 / 对焦意图=自动 / EV=+0.0
[12:44:26.187] INF [session] 切模式耗时 0.25s（Log 实况；含 outputs 重配与参数重放）
[12:44:26.189] INF [photo] Live Photo 采集 已开启
[12:44:26.412] INF [session] 切换模式 Log 实况 → 实况
[12:44:26.612] INF [session] 切模式 commit 后瞬间档位：曝光=自动 / 白平衡=手动 / 快照=曝光自动·白平衡手动
[12:44:26.612] INF [photo] 照片编码格式：hvc1
[12:44:26.612] INF [device] 手动白平衡档：5478K（色调跟随当前值 9）
[12:44:26.612] INF [session] 切模式：手动白平衡已按快照重放（5478K）
[12:44:26.613] INF [session] 切模式后档位复查（实况）：曝光=自动 / 白平衡=手动 / 对焦意图=自动 / EV=+0.0
[12:44:26.613] INF [session] 切模式耗时 0.43s（实况；含 outputs 重配与参数重放）
[12:44:26.613] INF [resource] 模式 实况 · input 活 2（累计增/删 28/26） · output 活 1（累计增/删 211/210） · 内存 30.1MB
[12:44:26.614] INF [photo] Live Photo 采集 已开启
[12:44:26.627] INF [session] 切换模式 实况 → 照片
[12:44:26.870] INF [session] 切换模式 实况 → 照片
[12:44:26.946] INF [session] 切模式 commit 后瞬间档位：曝光=自动 / 白平衡=手动 / 快照=曝光自动·白平衡手动
[12:44:26.946] INF [photo] 照片编码格式：hvc1
[12:44:26.946] INF [device] 手动白平衡档：5478K（色调跟随当前值 9）
[12:44:26.946] INF [session] 切模式：手动白平衡已按快照重放（5478K）
[12:44:26.946] INF [session] 切模式后档位复查（实况）：曝光=自动 / 白平衡=手动 / 对焦意图=自动 / EV=+0.0
[12:44:26.946] INF [session] 切模式耗时 0.33s（实况；含 outputs 重配与参数重放）
[12:44:26.947] INF [session] 已移除麦克风输入
[12:44:27.018] INF [audio] 音频会话已释放
[12:44:27.387] DBG [ui] toast: Log 实况：当前录制 Log 视频，套用 LUT 导出实况照片在 P5 交付
[12:44:27.387] INF [session] 切换模式 实况 → Log 实况
[12:44:27.462] INF [session] 切模式 commit 后瞬间档位：曝光=自动 / 白平衡=手动 / 快照=曝光自动·白平衡手动
[12:44:27.462] INF [photo] 照片编码格式：hvc1
[12:44:27.463] INF [device] 手动白平衡档：5423K（色调跟随当前值 9）
[12:44:27.463] INF [session] 切模式：手动白平衡已按快照重放（5423K）
[12:44:27.464] INF [session] 切模式后档位复查（照片）：曝光=自动 / 白平衡=手动 / 对焦意图=自动 / EV=+0.0
[12:44:27.464] INF [session] 切模式耗时 0.52s（照片；含 outputs 重配与参数重放）
[12:44:27.704] DBG [ui] toast: Log 实况：当前录制 Log 视频，套用 LUT 导出实况照片在 P5 交付
[12:44:27.704] INF [session] 切换模式 照片 → Log 实况
[12:44:27.728] INF [session] 切模式 commit 后瞬间档位：曝光=自动 / 白平衡=手动 / 快照=曝光自动·白平衡手动
[12:44:27.728] INF [photo] 照片编码格式：hvc1
[12:44:27.728] INF [device] 手动白平衡档：5478K（色调跟随当前值 9）
[12:44:27.728] INF [session] 切模式：手动白平衡已按快照重放（5478K）
[12:44:27.728] INF [session] 切模式后档位复查（照片）：曝光=自动 / 白平衡=手动 / 对焦意图=自动 / EV=+0.0
[12:44:27.728] INF [session] 切模式耗时 0.26s（照片；含 outputs 重配与参数重放）
[12:44:27.729] INF [session] 已加入麦克风输入
[12:44:27.771] INF [audio] 音频会话已激活（active=true category=AVAudioSessionCategoryPlayAndRecord mode=AVAudioSessionModeVideoRecording 48000Hz ch=0）
[12:44:27.920] DBG [ui] toast: Log 实况：当前录制 Log 视频，套用 LUT 导出实况照片在 P5 交付
[12:44:27.921] INF [session] 切换模式 照片 → Log 实况
[12:44:28.055] INF [session] 切模式 commit 后瞬间档位：曝光=自动 / 白平衡=手动 / 快照=曝光自动·白平衡手动
[12:44:28.055] DBG [photo] Log 实况：录制链路不挂照片输出，跳过照片模板准备
[12:44:28.055] INF [device] 手动白平衡档：5494K（色调跟随当前值 8）
[12:44:28.055] INF [session] 切模式：手动白平衡已按快照重放（5494K）
[12:44:28.056] INF [session] 切模式后档位复查（Log 实况）：曝光=自动 / 白平衡=手动 / 对焦意图=自动 / EV=+0.0
[12:44:28.056] INF [session] 切模式耗时 0.33s（Log 实况；含 outputs 重配与参数重放）
[12:44:28.279] INF [session] 切换模式 Log 实况 → 视频
[12:44:28.287] INF [session] 切模式 commit 后瞬间档位：曝光=自动 / 白平衡=手动 / 快照=曝光自动·白平衡手动
[12:44:28.287] DBG [photo] Log 实况：录制链路不挂照片输出，跳过照片模板准备
[12:44:28.287] INF [device] 手动白平衡档：5477K（色调跟随当前值 9）
[12:44:28.287] INF [session] 切模式：手动白平衡已按快照重放（5477K）
[12:44:28.288] INF [session] 切模式后档位复查（Log 实况）：曝光=自动 / 白平衡=手动 / 对焦意图=自动 / EV=+0.0
[12:44:28.288] INF [session] 切模式耗时 0.23s（Log 实况；含 outputs 重配与参数重放）
[12:44:28.288] INF [resource] 模式 Log 实况 · input 活 2（累计增/删 29/27） · output 活 1（累计增/删 216/215） · 内存 30.4MB
[12:44:28.508] INF [session] 切换模式 Log 实况 → 视频
[12:44:28.525] INF [session] 切模式 commit 后瞬间档位：曝光=自动 / 白平衡=手动 / 快照=曝光自动·白平衡手动
[12:44:28.526] DBG [photo] Log 实况：录制链路不挂照片输出，跳过照片模板准备
[12:44:28.526] INF [device] 手动白平衡档：5492K（色调跟随当前值 7）
[12:44:28.526] INF [session] 切模式：手动白平衡已按快照重放（5492K）
[12:44:28.527] INF [session] 切模式后档位复查（Log 实况）：曝光=自动 / 白平衡=手动 / 对焦意图=自动 / EV=+0.0
[12:44:28.527] INF [session] 切模式耗时 0.24s（Log 实况；含 outputs 重配与参数重放）
[12:44:28.758] INF [session] 切换模式 Log 实况 → 视频
[12:44:28.783] INF [session] 切模式 commit 后瞬间档位：曝光=自动 / 白平衡=手动 / 快照=曝光自动·白平衡手动
[12:44:28.783] DBG [photo] 视频：录制链路不挂照片输出，跳过照片模板准备
[12:44:28.783] INF [device] 手动白平衡档：5492K（色调跟随当前值 7）
[12:44:28.783] INF [session] 切模式：手动白平衡已按快照重放（5492K）
[12:44:28.784] INF [session] 切模式后档位复查（视频）：曝光=自动 / 白平衡=手动 / 对焦意图=自动 / EV=+0.0
[12:44:28.784] INF [session] 切模式耗时 0.26s（视频；含 outputs 重配与参数重放）
[12:44:28.983] DBG [ui] toast: Log 实况：当前录制 Log 视频，套用 LUT 导出实况照片在 P5 交付
[12:44:28.983] INF [session] 切换模式 视频 → Log 实况
[12:44:29.040] INF [session] 切模式 commit 后瞬间档位：曝光=自动 / 白平衡=手动 / 快照=曝光自动·白平衡手动
[12:44:29.040] DBG [photo] 视频：录制链路不挂照片输出，跳过照片模板准备
[12:44:29.040] INF [device] 手动白平衡档：5492K（色调跟随当前值 7）
[12:44:29.040] INF [session] 切模式：手动白平衡已按快照重放（5492K）
[12:44:29.041] INF [session] 切模式后档位复查（视频）：曝光=自动 / 白平衡=手动 / 对焦意图=自动 / EV=+0.0
[12:44:29.041] INF [session] 切模式耗时 0.26s（视频；含 outputs 重配与参数重放）
[12:44:29.221] INF [session] 切换模式 视频 → 实况
[12:44:29.279] INF [session] 切模式 commit 后瞬间档位：曝光=自动 / 白平衡=手动 / 快照=曝光自动·白平衡手动
[12:44:29.279] DBG [photo] 视频：录制链路不挂照片输出，跳过照片模板准备
[12:44:29.280] INF [device] 手动白平衡档：5492K（色调跟随当前值 7）
[12:44:29.280] INF [session] 切模式：手动白平衡已按快照重放（5492K）
[12:44:29.280] INF [session] 切模式后档位复查（视频）：曝光=自动 / 白平衡=手动 / 对焦意图=自动 / EV=+0.0
[12:44:29.280] INF [session] 切模式耗时 0.24s（视频；含 outputs 重配与参数重放）
[12:44:29.280] INF [resource] 模式 视频 · input 活 2（累计增/删 29/27） · output 活 1（累计增/删 220/219） · 内存 30.0MB
[12:44:29.454] INF [session] 切换模式 视频 → 实况
[12:44:29.520] INF [session] 切模式 commit 后瞬间档位：曝光=自动 / 白平衡=手动 / 快照=曝光自动·白平衡手动
[12:44:29.520] DBG [photo] Log 实况：录制链路不挂照片输出，跳过照片模板准备
[12:44:29.520] INF [device] 手动白平衡档：5492K（色调跟随当前值 7）
[12:44:29.520] INF [session] 切模式：手动白平衡已按快照重放（5492K）
[12:44:29.521] INF [session] 切模式后档位复查（Log 实况）：曝光=自动 / 白平衡=手动 / 对焦意图=自动 / EV=+0.0
[12:44:29.521] INF [session] 切模式耗时 0.24s（Log 实况；含 outputs 重配与参数重放）
[12:44:29.523] INF [photo] Live Photo 采集 已开启
[12:44:29.658] INF [session] 切换模式 Log 实况 → 照片
[12:44:29.854] INF [session] 切换模式 Log 实况 → 照片
[12:44:29.941] INF [session] 切模式 commit 后瞬间档位：曝光=自动 / 白平衡=手动 / 快照=曝光自动·白平衡手动
[12:44:29.941] INF [photo] 照片编码格式：hvc1
[12:44:29.941] INF [device] 手动白平衡档：5492K（色调跟随当前值 7）
[12:44:29.941] INF [session] 切模式：手动白平衡已按快照重放（5492K）
[12:44:29.942] INF [session] 切模式后档位复查（实况）：曝光=自动 / 白平衡=手动 / 对焦意图=自动 / EV=+0.0
[12:44:29.942] INF [session] 切模式耗时 0.42s（实况；含 outputs 重配与参数重放）
[12:44:29.944] INF [photo] Live Photo 采集 已开启
[12:44:30.240] INF [session] 切模式 commit 后瞬间档位：曝光=自动 / 白平衡=手动 / 快照=曝光自动·白平衡手动
[12:44:30.240] INF [photo] 照片编码格式：hvc1
[12:44:30.240] INF [device] 手动白平衡档：5492K（色调跟随当前值 7）
[12:44:30.240] INF [session] 切模式：手动白平衡已按快照重放（5492K）
[12:44:30.241] INF [session] 切模式后档位复查（实况）：曝光=自动 / 白平衡=手动 / 对焦意图=自动 / EV=+0.0
[12:44:30.241] INF [session] 切模式耗时 0.30s（实况；含 outputs 重配与参数重放）
[12:44:30.241] INF [session] 已移除麦克风输入
[12:44:30.313] INF [audio] 音频会话已释放
[12:44:30.388] DBG [ui] toast: Log 实况：当前录制 Log 视频，套用 LUT 导出实况照片在 P5 交付
[12:44:30.388] INF [session] 切换模式 实况 → Log 实况
[12:44:30.621] INF [session] 切换模式 实况 → 视频
[12:44:30.737] INF [session] 切模式 commit 后瞬间档位：曝光=自动 / 白平衡=手动 / 快照=曝光自动·白平衡手动
[12:44:30.738] INF [photo] 照片编码格式：hvc1
[12:44:30.739] INF [device] 手动白平衡档：5482K（色调跟随当前值 8）
[12:44:30.739] INF [session] 切模式：手动白平衡已按快照重放（5482K）
[12:44:30.740] INF [session] 切模式后档位复查（照片）：曝光=自动 / 白平衡=手动 / 对焦意图=自动 / EV=+0.0
[12:44:30.740] INF [session] 切模式耗时 0.50s（照片；含 outputs 重配与参数重放）
[12:44:30.788] INF [session] 切换模式 照片 → 视频
[12:44:31.004] INF [session] 切换模式 照片 → 视频
[12:44:31.036] INF [session] 切模式 commit 后瞬间档位：曝光=自动 / 白平衡=手动 / 快照=曝光自动·白平衡手动
[12:44:31.036] INF [photo] 照片编码格式：hvc1
[12:44:31.036] INF [device] 手动白平衡档：5492K（色调跟随当前值 7）
[12:44:31.036] INF [session] 切模式：手动白平衡已按快照重放（5492K）
[12:44:31.037] INF [session] 切模式后档位复查（照片）：曝光=自动 / 白平衡=手动 / 对焦意图=自动 / EV=+0.0
[12:44:31.037] INF [session] 切模式耗时 0.30s（照片；含 outputs 重配与参数重放）
[12:44:31.037] INF [resource] 模式 照片 · input 活 1（累计增/删 29/28） · output 活 1（累计增/删 225/224） · 内存 29.7MB
[12:44:31.038] INF [session] 已加入麦克风输入
[12:44:31.072] INF [audio] 音频会话已激活（active=true category=AVAudioSessionCategoryPlayAndRecord mode=AVAudioSessionModeVideoRecording 48000Hz ch=1）
[12:44:31.354] INF [session] 切模式 commit 后瞬间档位：曝光=自动 / 白平衡=手动 / 快照=曝光自动·白平衡手动
[12:44:31.354] DBG [photo] Log 实况：录制链路不挂照片输出，跳过照片模板准备
[12:44:31.354] INF [device] 手动白平衡档：5481K（色调跟随当前值 7）
[12:44:31.354] INF [session] 切模式：手动白平衡已按快照重放（5481K）
[12:44:31.355] INF [session] 切模式后档位复查（Log 实况）：曝光=自动 / 白平衡=手动 / 对焦意图=自动 / EV=+0.0
[12:44:31.355] INF [session] 切模式耗时 0.32s（Log 实况；含 outputs 重配与参数重放）
[12:44:31.588] INF [session] 切模式 commit 后瞬间档位：曝光=自动 / 白平衡=手动 / 快照=曝光自动·白平衡手动
[12:44:31.588] DBG [photo] 视频：录制链路不挂照片输出，跳过照片模板准备
[12:44:31.588] INF [device] 手动白平衡档：5491K（色调跟随当前值 7）
[12:44:31.588] INF [session] 切模式：手动白平衡已按快照重放（5491K）
[12:44:31.589] INF [session] 切模式后档位复查（视频）：曝光=自动 / 白平衡=手动 / 对焦意图=自动 / EV=+0.0
[12:44:31.589] INF [session] 切模式耗时 0.23s（视频；含 outputs 重配与参数重放）
[12:44:31.644] DBG [ui] toast: Log 实况：当前录制 Log 视频，套用 LUT 导出实况照片在 P5 交付
[12:44:31.644] INF [session] 切换模式 视频 → Log 实况
[12:44:31.827] INF [session] 切模式 commit 后瞬间档位：曝光=自动 / 白平衡=手动 / 快照=曝光自动·白平衡手动
[12:44:31.827] DBG [photo] 视频：录制链路不挂照片输出，跳过照片模板准备
[12:44:31.827] INF [device] 手动白平衡档：5481K（色调跟随当前值 7）
[12:44:31.827] INF [session] 切模式：手动白平衡已按快照重放（5481K）
[12:44:31.828] INF [session] 切模式后档位复查（视频）：曝光=自动 / 白平衡=手动 / 对焦意图=自动 / EV=+0.0
[12:44:31.828] INF [session] 切模式耗时 0.24s（视频；含 outputs 重配与参数重放）
[12:44:31.888] INF [session] 切换模式 视频 → 实况
[12:44:32.064] INF [session] 切模式 commit 后瞬间档位：曝光=自动 / 白平衡=手动 / 快照=曝光自动·白平衡手动
[12:44:32.064] DBG [photo] 视频：录制链路不挂照片输出，跳过照片模板准备
[12:44:32.064] INF [device] 手动白平衡档：5481K（色调跟随当前值 7）
[12:44:32.064] INF [session] 切模式：手动白平衡已按快照重放（5481K）
[12:44:32.065] INF [session] 切模式后档位复查（视频）：曝光=自动 / 白平衡=手动 / 对焦意图=自动 / EV=+0.0
[12:44:32.065] INF [session] 切模式耗时 0.24s（视频；含 outputs 重配与参数重放）
[12:44:32.066] INF [resource] 模式 视频 · input 活 2（累计增/删 30/28） · output 活 1（累计增/删 229/228） · 内存 30.0MB
[12:44:32.238] INF [session] 切换模式 视频 → 实况
[12:44:32.300] INF [session] 切模式 commit 后瞬间档位：曝光=自动 / 白平衡=手动 / 快照=曝光自动·白平衡手动
[12:44:32.300] DBG [photo] Log 实况：录制链路不挂照片输出，跳过照片模板准备
[12:44:32.300] INF [device] 手动白平衡档：5481K（色调跟随当前值 7）
[12:44:32.300] INF [session] 切模式：手动白平衡已按快照重放（5481K）
[12:44:32.300] INF [session] 切模式后档位复查（Log 实况）：曝光=自动 / 白平衡=手动 / 对焦意图=自动 / EV=+0.0
[12:44:32.300] INF [session] 切模式耗时 0.23s（Log 实况；含 outputs 重配与参数重放）
[12:44:32.301] INF [photo] Live Photo 采集 已开启
[12:44:32.455] INF [session] 切换模式 Log 实况 → 照片
[12:44:32.718] INF [session] 切模式 commit 后瞬间档位：曝光=自动 / 白平衡=手动 / 快照=曝光自动·白平衡手动
[12:44:32.718] INF [photo] 照片编码格式：hvc1
[12:44:32.719] INF [device] 手动白平衡档：5481K（色调跟随当前值 7）
[12:44:32.719] INF [session] 切模式：手动白平衡已按快照重放（5481K）
[12:44:32.719] INF [session] 切模式后档位复查（实况）：曝光=自动 / 白平衡=手动 / 对焦意图=自动 / EV=+0.0
[12:44:32.720] INF [session] 切模式耗时 0.42s（实况；含 outputs 重配与参数重放）
[12:44:32.722] INF [photo] Live Photo 采集 已开启
[12:44:33.015] INF [session] 切模式 commit 后瞬间档位：曝光=自动 / 白平衡=手动 / 快照=曝光自动·白平衡手动
[12:44:33.015] INF [photo] 照片编码格式：hvc1
[12:44:33.016] INF [device] 手动白平衡档：5481K（色调跟随当前值 7）
[12:44:33.016] INF [session] 切模式：手动白平衡已按快照重放（5481K）
[12:44:33.016] INF [session] 切模式后档位复查（实况）：曝光=自动 / 白平衡=手动 / 对焦意图=自动 / EV=+0.0
[12:44:33.016] INF [session] 切模式耗时 0.30s（实况；含 outputs 重配与参数重放）
[12:44:33.016] INF [resource] 模式 实况 · input 活 2（累计增/删 30/28） · output 活 1（累计增/删 232/231） · 内存 30.3MB
[12:44:33.017] INF [session] 已移除麦克风输入
[12:44:33.089] INF [audio] 音频会话已释放
[12:44:33.514] INF [session] 切模式 commit 后瞬间档位：曝光=自动 / 白平衡=手动 / 快照=曝光自动·白平衡手动
[12:44:33.514] INF [photo] 照片编码格式：hvc1
[12:44:33.515] INF [device] 手动白平衡档：5459K（色调跟随当前值 8）
[12:44:33.515] INF [session] 切模式：手动白平衡已按快照重放（5459K）
[12:44:33.516] INF [session] 切模式后档位复查（照片）：曝光=自动 / 白平衡=手动 / 对焦意图=自动 / EV=+0.0
[12:44:33.516] INF [session] 切模式耗时 0.50s（照片；含 outputs 重配与参数重放）
[12:44:33.529] INF [resource] 模式 照片 · input 活 1（累计增/删 30/29） · output 活 1（累计增/删 233/232） · 内存 29.8MB
[12:44:33.635] DBG [ui] toast: Log 实况：当前录制 Log 视频，套用 LUT 导出实况照片在 P5 交付
[12:44:33.636] INF [session] 切换模式 照片 → Log 实况
[12:44:33.639] INF [session] 已加入麦克风输入
[12:44:33.737] INF [audio] 音频会话已激活（active=true category=AVAudioSessionCategoryPlayAndRecord mode=AVAudioSessionModeVideoRecording 48000Hz ch=1）
[12:44:33.867] INF [session] 切换模式 照片 → 视频
[12:44:34.000] INF [session] 切模式 commit 后瞬间档位：曝光=自动 / 白平衡=手动 / 快照=曝光自动·白平衡手动
[12:44:34.000] DBG [photo] Log 实况：录制链路不挂照片输出，跳过照片模板准备
[12:44:34.001] INF [device] 手动白平衡档：5459K（色调跟随当前值 8）
[12:44:34.001] INF [session] 切模式：手动白平衡已按快照重放（5459K）
[12:44:34.001] INF [session] 切模式后档位复查（Log 实况）：曝光=自动 / 白平衡=手动 / 对焦意图=自动 / EV=+0.0
[12:44:34.001] INF [session] 切模式耗时 0.36s（Log 实况；含 outputs 重配与参数重放）
[12:44:34.117] INF [session] 切换模式 Log 实况 → 视频
[12:44:34.237] INF [session] 切模式 commit 后瞬间档位：曝光=自动 / 白平衡=手动 / 快照=曝光自动·白平衡手动
[12:44:34.237] DBG [photo] 视频：录制链路不挂照片输出，跳过照片模板准备
[12:44:34.238] INF [device] 手动白平衡档：5459K（色调跟随当前值 8）
[12:44:34.238] INF [session] 切模式：手动白平衡已按快照重放（5459K）
[12:44:34.238] INF [session] 切模式后档位复查（视频）：曝光=自动 / 白平衡=手动 / 对焦意图=自动 / EV=+0.0
[12:44:34.238] INF [session] 切模式耗时 0.24s（视频；含 outputs 重配与参数重放）
[12:44:34.480] INF [session] 切模式 commit 后瞬间档位：曝光=自动 / 白平衡=手动 / 快照=曝光自动·白平衡手动
[12:44:34.480] DBG [photo] 视频：录制链路不挂照片输出，跳过照片模板准备
[12:44:34.480] INF [device] 手动白平衡档：5459K（色调跟随当前值 8）
[12:44:34.480] INF [session] 切模式：手动白平衡已按快照重放（5459K）
[12:44:34.481] INF [session] 切模式后档位复查（视频）：曝光=自动 / 白平衡=手动 / 对焦意图=自动 / EV=+0.0
[12:44:34.481] INF [session] 切模式耗时 0.24s（视频；含 outputs 重配与参数重放）
[12:44:34.971] DBG [ui] toast: Log 实况：当前录制 Log 视频，套用 LUT 导出实况照片在 P5 交付
[12:44:34.972] INF [session] 切换模式 视频 → Log 实况
[12:44:35.230] INF [session] 切模式 commit 后瞬间档位：曝光=自动 / 白平衡=手动 / 快照=曝光自动·白平衡手动
[12:44:35.231] DBG [photo] Log 实况：录制链路不挂照片输出，跳过照片模板准备
[12:44:35.231] INF [device] 手动白平衡档：5459K（色调跟随当前值 8）
[12:44:35.231] INF [session] 切模式：手动白平衡已按快照重放（5459K）
[12:44:35.232] INF [session] 切模式后档位复查（Log 实况）：曝光=自动 / 白平衡=手动 / 对焦意图=自动 / EV=+0.0
[12:44:35.232] INF [session] 切模式耗时 0.26s（Log 实况；含 outputs 重配与参数重放）
[12:44:35.276] INF [resource] 模式 Log 实况 · input 活 2（累计增/删 31/29） · output 活 1（累计增/删 237/236） · 内存 29.7MB
[12:44:35.315] INF [session] 切换模式 Log 实况 → 实况
[12:44:35.316] INF [photo] Live Photo 采集 已开启
[12:44:35.734] INF [session] 切换模式 Log 实况 → 照片
[12:44:35.749] INF [session] 切模式 commit 后瞬间档位：曝光=自动 / 白平衡=手动 / 快照=曝光自动·白平衡手动
[12:44:35.750] INF [photo] 照片编码格式：hvc1
[12:44:35.750] INF [device] 手动白平衡档：5459K（色调跟随当前值 8）
[12:44:35.750] INF [session] 切模式：手动白平衡已按快照重放（5459K）
[12:44:35.751] INF [session] 切模式后档位复查（实况）：曝光=自动 / 白平衡=手动 / 对焦意图=自动 / EV=+0.0
[12:44:35.751] INF [session] 切模式耗时 0.44s（实况；含 outputs 重配与参数重放）
[12:44:35.752] INF [session] 已移除麦克风输入
[12:44:35.867] INF [audio] 音频会话已释放
[12:44:36.284] INF [session] 切模式 commit 后瞬间档位：曝光=自动 / 白平衡=手动 / 快照=曝光自动·白平衡手动
[12:44:36.284] INF [photo] 照片编码格式：hvc1
[12:44:36.285] INF [device] 手动白平衡档：5458K（色调跟随当前值 8）
[12:44:36.285] INF [session] 切模式：手动白平衡已按快照重放（5458K）
[12:44:36.285] INF [session] 切模式后档位复查（照片）：曝光=自动 / 白平衡=手动 / 对焦意图=自动 / EV=+0.0
[12:44:36.285] INF [session] 切模式耗时 0.53s（照片；含 outputs 重配与参数重放）
[12:44:36.733] DBG [ui] toast: Log 实况：当前录制 Log 视频，套用 LUT 导出实况照片在 P5 交付
[12:44:36.733] INF [session] 切换模式 照片 → Log 实况
[12:44:36.735] INF [session] 已加入麦克风输入
[12:44:36.828] INF [audio] 音频会话已激活（active=true category=AVAudioSessionCategoryPlayAndRecord mode=AVAudioSessionModeVideoRecording 48000Hz ch=1）
[12:44:37.104] INF [session] 切模式 commit 后瞬间档位：曝光=自动 / 白平衡=手动 / 快照=曝光自动·白平衡手动
[12:44:37.104] DBG [photo] Log 实况：录制链路不挂照片输出，跳过照片模板准备
[12:44:37.104] INF [device] 手动白平衡档：5458K（色调跟随当前值 8）
[12:44:37.104] INF [session] 切模式：手动白平衡已按快照重放（5458K）
[12:44:37.105] INF [session] 切模式后档位复查（Log 实况）：曝光=自动 / 白平衡=手动 / 对焦意图=自动 / EV=+0.0
[12:44:37.105] INF [session] 切模式耗时 0.37s（Log 实况；含 outputs 重配与参数重放）
[12:44:37.135] INF [resource] 模式 Log 实况 · input 活 2（累计增/删 32/30） · output 活 1（累计增/删 240/239） · 内存 29.9MB
[12:44:37.330] INF [session] 切换模式 Log 实况 → 视频
[12:44:37.595] INF [session] 切模式 commit 后瞬间档位：曝光=自动 / 白平衡=手动 / 快照=曝光自动·白平衡手动
[12:44:37.595] DBG [photo] 视频：录制链路不挂照片输出，跳过照片模板准备
[12:44:37.595] INF [device] 手动白平衡档：5457K（色调跟随当前值 8）
[12:44:37.595] INF [session] 切模式：手动白平衡已按快照重放（5457K）
[12:44:37.596] INF [session] 切模式后档位复查（视频）：曝光=自动 / 白平衡=手动 / 对焦意图=自动 / EV=+0.0
[12:44:37.596] INF [session] 切模式耗时 0.27s（视频；含 outputs 重配与参数重放）
[12:44:38.144] DBG [ui] toast: Log 实况：当前录制 Log 视频，套用 LUT 导出实况照片在 P5 交付
[12:44:38.145] INF [session] 切换模式 视频 → Log 实况
[12:44:38.427] INF [session] 切模式 commit 后瞬间档位：曝光=自动 / 白平衡=手动 / 快照=曝光自动·白平衡手动
[12:44:38.427] DBG [photo] Log 实况：录制链路不挂照片输出，跳过照片模板准备
[12:44:38.427] INF [device] 手动白平衡档：5457K（色调跟随当前值 8）
[12:44:38.427] INF [session] 切模式：手动白平衡已按快照重放（5457K）
[12:44:38.428] INF [session] 切模式后档位复查（Log 实况）：曝光=自动 / 白平衡=手动 / 对焦意图=自动 / EV=+0.0
[12:44:38.428] INF [session] 切模式耗时 0.28s（Log 实况；含 outputs 重配与参数重放）
[12:44:38.618] INF [session] 切换模式 Log 实况 → 实况
[12:44:38.620] INF [photo] Live Photo 采集 已开启
[12:44:39.047] INF [session] 切模式 commit 后瞬间档位：曝光=自动 / 白平衡=手动 / 快照=曝光自动·白平衡手动
[12:44:39.047] INF [photo] 照片编码格式：hvc1
[12:44:39.047] INF [device] 手动白平衡档：5456K（色调跟随当前值 8）
[12:44:39.047] INF [session] 切模式：手动白平衡已按快照重放（5456K）
[12:44:39.048] INF [session] 切模式后档位复查（实况）：曝光=自动 / 白平衡=手动 / 对焦意图=自动 / EV=+0.0
[12:44:39.048] INF [session] 切模式耗时 0.43s（实况；含 outputs 重配与参数重放）
[12:44:39.072] INF [resource] 模式 实况 · input 活 2（累计增/删 32/30） · output 活 1（累计增/删 243/242） · 内存 29.7MB
[12:44:39.127] INF [session] 切换模式 实况 → 照片
[12:44:39.128] INF [session] 已移除麦克风输入
[12:44:39.256] INF [audio] 音频会话已释放
[12:44:39.695] INF [session] 切模式 commit 后瞬间档位：曝光=自动 / 白平衡=手动 / 快照=曝光自动·白平衡手动
[12:44:39.695] INF [photo] 照片编码格式：hvc1
[12:44:39.696] INF [device] 手动白平衡档：5461K（色调跟随当前值 9）
[12:44:39.696] INF [session] 切模式：手动白平衡已按快照重放（5461K）
[12:44:39.697] INF [session] 切模式后档位复查（照片）：曝光=自动 / 白平衡=手动 / 对焦意图=自动 / EV=+0.0
[12:44:39.697] INF [session] 切模式耗时 0.57s（照片；含 outputs 重配与参数重放）
[12:44:40.297] INF [session] 切换模式 照片 → 实况
[12:44:40.298] INF [session] 已加入麦克风输入
[12:44:40.390] INF [audio] 音频会话已激活（active=true category=AVAudioSessionCategoryPlayAndRecord mode=AVAudioSessionModeVideoRecording 48000Hz ch=1）
[12:44:40.392] INF [photo] Live Photo 采集 已开启
[12:44:40.777] DBG [ui] toast: Log 实况：当前录制 Log 视频，套用 LUT 导出实况照片在 P5 交付
[12:44:40.777] INF [session] 切换模式 照片 → Log 实况
[12:44:40.803] INF [session] 切模式 commit 后瞬间档位：曝光=自动 / 白平衡=手动 / 快照=曝光自动·白平衡手动
[12:44:40.803] INF [photo] 照片编码格式：hvc1
[12:44:40.803] INF [device] 手动白平衡档：5460K（色调跟随当前值 9）
[12:44:40.803] INF [session] 切模式：手动白平衡已按快照重放（5460K）
[12:44:40.804] INF [session] 切模式后档位复查（实况）：曝光=自动 / 白平衡=手动 / 对焦意图=自动 / EV=+0.0
[12:44:40.804] INF [session] 切模式耗时 0.51s（实况；含 outputs 重配与参数重放）
[12:44:41.087] INF [session] 切模式 commit 后瞬间档位：曝光=自动 / 白平衡=手动 / 快照=曝光自动·白平衡手动
[12:44:41.087] DBG [photo] Log 实况：录制链路不挂照片输出，跳过照片模板准备
[12:44:41.088] INF [device] 手动白平衡档：5460K（色调跟随当前值 9）
[12:44:41.088] INF [session] 切模式：手动白平衡已按快照重放（5460K）
[12:44:41.088] INF [session] 切模式后档位复查（Log 实况）：曝光=自动 / 白平衡=手动 / 对焦意图=自动 / EV=+0.0
[12:44:41.089] INF [session] 切模式耗时 0.28s（Log 实况；含 outputs 重配与参数重放）
[12:44:41.089] INF [resource] 模式 Log 实况 · input 活 2（累计增/删 33/31） · output 活 1（累计增/删 246/245） · 内存 29.8MB
[12:44:41.390] INF [session] 切换模式 Log 实况 → 视频
[12:44:41.659] INF [session] 切模式 commit 后瞬间档位：曝光=自动 / 白平衡=手动 / 快照=曝光自动·白平衡手动
[12:44:41.659] DBG [photo] 视频：录制链路不挂照片输出，跳过照片模板准备
[12:44:41.660] INF [device] 手动白平衡档：5460K（色调跟随当前值 9）
[12:44:41.660] INF [session] 切模式：手动白平衡已按快照重放（5460K）
[12:44:41.661] INF [session] 切模式后档位复查（视频）：曝光=自动 / 白平衡=手动 / 对焦意图=自动 / EV=+0.0
[12:44:41.661] INF [session] 切模式耗时 0.27s（视频；含 outputs 重配与参数重放）
[12:44:42.117] DBG [ui] toast: Log 实况：当前录制 Log 视频，套用 LUT 导出实况照片在 P5 交付
[12:44:42.117] INF [session] 切换模式 视频 → Log 实况
[12:44:42.369] INF [session] 切模式 commit 后瞬间档位：曝光=自动 / 白平衡=手动 / 快照=曝光自动·白平衡手动
[12:44:42.369] DBG [photo] Log 实况：录制链路不挂照片输出，跳过照片模板准备
[12:44:42.370] INF [device] 手动白平衡档：5459K（色调跟随当前值 9）
[12:44:42.370] INF [session] 切模式：手动白平衡已按快照重放（5459K）
[12:44:42.370] INF [session] 切模式后档位复查（Log 实况）：曝光=自动 / 白平衡=手动 / 对焦意图=自动 / EV=+0.0
[12:44:42.370] INF [session] 切模式耗时 0.25s（Log 实况；含 outputs 重配与参数重放）
[12:44:42.485] INF [session] 切换模式 Log 实况 → 实况
[12:44:42.487] INF [photo] Live Photo 采集 已开启
[12:44:42.769] INF [session] 切换模式 Log 实况 → 实况
[12:44:42.925] INF [session] 切模式 commit 后瞬间档位：曝光=自动 / 白平衡=手动 / 快照=曝光自动·白平衡手动
[12:44:42.925] INF [photo] 照片编码格式：hvc1
[12:44:42.925] INF [device] 手动白平衡档：5459K（色调跟随当前值 9）
[12:44:42.925] INF [session] 切模式：手动白平衡已按快照重放（5459K）
[12:44:42.926] INF [session] 切模式后档位复查（实况）：曝光=自动 / 白平衡=手动 / 对焦意图=自动 / EV=+0.0
[12:44:42.926] INF [session] 切模式耗时 0.44s（实况；含 outputs 重配与参数重放）
[12:44:42.928] INF [photo] Live Photo 采集 已开启
[12:44:43.019] INF [session] 切换模式 实况 → 照片
[12:44:43.228] INF [session] 切模式 commit 后瞬间档位：曝光=自动 / 白平衡=手动 / 快照=曝光自动·白平衡手动
[12:44:43.228] INF [photo] 照片编码格式：hvc1
[12:44:43.228] INF [device] 手动白平衡档：5459K（色调跟随当前值 9）
[12:44:43.228] INF [session] 切模式：手动白平衡已按快照重放（5459K）
[12:44:43.229] INF [session] 切模式后档位复查（实况）：曝光=自动 / 白平衡=手动 / 对焦意图=自动 / EV=+0.0
[12:44:43.229] INF [session] 切模式耗时 0.30s（实况；含 outputs 重配与参数重放）
[12:44:43.229] INF [resource] 模式 实况 · input 活 2（累计增/删 33/31） · output 活 1（累计增/删 250/249） · 内存 30.1MB
[12:44:43.229] INF [session] 已移除麦克风输入
[12:44:43.303] INF [audio] 音频会话已释放
[12:44:43.377] DBG [ui] toast: Log 实况：当前录制 Log 视频，套用 LUT 导出实况照片在 P5 交付
[12:44:43.377] INF [session] 切换模式 实况 → Log 实况
[12:44:43.544] DBG [ui] toast: Log 实况：当前录制 Log 视频，套用 LUT 导出实况照片在 P5 交付
[12:44:43.544] INF [session] 切换模式 实况 → Log 实况
[12:44:43.716] INF [session] 切模式 commit 后瞬间档位：曝光=自动 / 白平衡=手动 / 快照=曝光自动·白平衡手动
[12:44:43.716] INF [photo] 照片编码格式：hvc1
[12:44:43.717] INF [device] 手动白平衡档：5395K（色调跟随当前值 9）
[12:44:43.717] INF [session] 切模式：手动白平衡已按快照重放（5395K）
[12:44:43.718] INF [session] 切模式后档位复查（照片）：曝光=自动 / 白平衡=手动 / 对焦意图=自动 / EV=+0.0
[12:44:43.718] INF [session] 切模式耗时 0.49s（照片；含 outputs 重配与参数重放）
[12:44:43.719] INF [session] 已加入麦克风输入
[12:44:43.757] INF [audio] 音频会话已激活（active=true category=AVAudioSessionCategoryPlayAndRecord mode=AVAudioSessionModeVideoRecording 48000Hz ch=1）
[12:44:44.019] INF [session] 切模式 commit 后瞬间档位：曝光=自动 / 白平衡=手动 / 快照=曝光自动·白平衡手动
[12:44:44.019] DBG [photo] Log 实况：录制链路不挂照片输出，跳过照片模板准备
[12:44:44.019] INF [device] 手动白平衡档：5458K（色调跟随当前值 9）
[12:44:44.019] INF [session] 切模式：手动白平衡已按快照重放（5458K）
[12:44:44.020] INF [session] 切模式后档位复查（Log 实况）：曝光=自动 / 白平衡=手动 / 对焦意图=自动 / EV=+0.0
[12:44:44.020] INF [session] 切模式耗时 0.30s（Log 实况；含 outputs 重配与参数重放）
[12:44:44.246] INF [session] 切模式 commit 后瞬间档位：曝光=自动 / 白平衡=手动 / 快照=曝光自动·白平衡手动
[12:44:44.246] DBG [photo] Log 实况：录制链路不挂照片输出，跳过照片模板准备
[12:44:44.246] INF [device] 手动白平衡档：5395K（色调跟随当前值 9）
[12:44:44.246] INF [session] 切模式：手动白平衡已按快照重放（5395K）
[12:44:44.246] INF [session] 切模式后档位复查（Log 实况）：曝光=自动 / 白平衡=手动 / 对焦意图=自动 / EV=+0.0
[12:44:44.246] INF [session] 切模式耗时 0.23s（Log 实况；含 outputs 重配与参数重放）
[12:44:44.275] INF [resource] 模式 Log 实况 · input 活 2（累计增/删 34/32） · output 活 1（累计增/删 253/252） · 内存 30.2MB
[12:44:44.567] INF [session] 切换模式 Log 实况 → 实况
[12:44:44.571] INF [photo] Live Photo 采集 已开启
[12:44:44.748] DBG [preview] 点按对焦 view=(182,1) device=(0.00,0.53)
[12:44:45.028] INF [session] 切模式 commit 后瞬间档位：曝光=自动 / 白平衡=手动 / 快照=曝光自动·白平衡手动
[12:44:45.028] INF [photo] 照片编码格式：hvc1
[12:44:45.029] INF [device] 手动白平衡档：5394K（色调跟随当前值 9）
[12:44:45.029] INF [session] 切模式：手动白平衡已按快照重放（5394K）
[12:44:45.029] INF [session] 切模式后档位复查（实况）：曝光=自动 / 白平衡=手动 / 对焦意图=自动 / EV=+0.0
[12:44:45.029] INF [session] 切模式耗时 0.46s（实况；含 outputs 重配与参数重放）
[12:44:45.030] DBG [device] 对焦点 → (0.00, 0.53)
[12:44:45.030] INF [device] 手动白平衡档：5394K（色调跟随当前值 9）
[12:44:45.030] INF [session] 点按对焦后按意图重放手动白平衡（5394K）
[12:44:45.030] INF [session] 点按对焦后档位：曝光=自动 / 白平衡=手动 / 意图=曝光自动·白平衡手动
[12:44:45.065] DBG [ui] toast: Log 实况：当前录制 Log 视频，套用 LUT 导出实况照片在 P5 交付
[12:44:45.066] INF [session] 切换模式 实况 → Log 实况
[12:44:45.219] INF [session] 切换模式 实况 → 视频
[12:44:45.334] INF [session] 切模式 commit 后瞬间档位：曝光=自动 / 白平衡=手动 / 快照=曝光自动·白平衡手动
[12:44:45.334] DBG [photo] Log 实况：录制链路不挂照片输出，跳过照片模板准备
[12:44:45.334] INF [device] 手动白平衡档：5466K（色调跟随当前值 9）
[12:44:45.335] INF [session] 切模式：手动白平衡已按快照重放（5466K）
[12:44:45.335] INF [session] 切模式后档位复查（Log 实况）：曝光=自动 / 白平衡=手动 / 对焦意图=自动 / EV=+0.0
[12:44:45.335] INF [session] 切模式耗时 0.27s（Log 实况；含 outputs 重配与参数重放）
[12:44:45.524] INF [session] 切换模式 Log 实况 → 实况
[12:44:45.562] INF [session] 切模式 commit 后瞬间档位：曝光=自动 / 白平衡=手动 / 快照=曝光自动·白平衡手动
[12:44:45.562] DBG [photo] 视频：录制链路不挂照片输出，跳过照片模板准备
[12:44:45.562] INF [device] 手动白平衡档：5394K（色调跟随当前值 9）
[12:44:45.562] INF [session] 切模式：手动白平衡已按快照重放（5394K）
[12:44:45.563] INF [session] 切模式后档位复查（视频）：曝光=自动 / 白平衡=手动 / 对焦意图=自动 / EV=+0.0
[12:44:45.563] INF [session] 切模式耗时 0.23s（视频；含 outputs 重配与参数重放）
[12:44:45.563] INF [resource] 模式 视频 · input 活 2（累计增/删 34/32） · output 活 1（累计增/删 256/255） · 内存 30.2MB
[12:44:45.564] INF [photo] Live Photo 采集 已开启
[12:44:45.669] INF [session] 切换模式 视频 → 照片
[12:44:45.824] INF [session] 切换模式 视频 → 照片
[12:44:45.970] INF [session] 切模式 commit 后瞬间档位：曝光=自动 / 白平衡=手动 / 快照=曝光自动·白平衡手动
[12:44:45.971] INF [photo] 照片编码格式：hvc1
[12:44:45.971] INF [device] 手动白平衡档：5466K（色调跟随当前值 9）
[12:44:45.971] INF [session] 切模式：手动白平衡已按快照重放（5466K）
[12:44:45.972] INF [session] 切模式后档位复查（实况）：曝光=自动 / 白平衡=手动 / 对焦意图=自动 / EV=+0.0
[12:44:45.972] INF [session] 切模式耗时 0.41s（实况；含 outputs 重配与参数重放）
[12:44:45.972] INF [session] 已移除麦克风输入
[12:44:46.053] INF [audio] 音频会话已释放
[12:44:46.060] DBG [ui] toast: Log 实况：当前录制 Log 视频，套用 LUT 导出实况照片在 P5 交付
[12:44:46.071] INF [session] 切换模式 实况 → Log 实况
[12:44:46.132] DBG [ui] toast: Log 实况：当前录制 Log 视频，套用 LUT 导出实况照片在 P5 交付
[12:44:46.132] INF [session] 切换模式 实况 → Log 实况
[12:44:46.295] DBG [ui] toast: Log 实况：当前录制 Log 视频，套用 LUT 导出实况照片在 P5 交付
[12:44:46.295] INF [session] 切换模式 实况 → Log 实况
[12:44:46.461] DBG [ui] toast: Log 实况：当前录制 Log 视频，套用 LUT 导出实况照片在 P5 交付
[12:44:46.462] INF [session] 切换模式 实况 → Log 实况
[12:44:46.470] INF [session] 切模式 commit 后瞬间档位：曝光=自动 / 白平衡=手动 / 快照=曝光自动·白平衡手动
[12:44:46.470] INF [photo] 照片编码格式：hvc1
[12:44:46.470] INF [device] 手动白平衡档：5397K（色调跟随当前值 9）
[12:44:46.470] INF [session] 切模式：手动白平衡已按快照重放（5397K）
[12:44:46.471] INF [session] 切模式后档位复查（照片）：曝光=自动 / 白平衡=手动 / 对焦意图=自动 / EV=+0.0
[12:44:46.471] INF [session] 切模式耗时 0.50s（照片；含 outputs 重配与参数重放）
[12:44:46.734] INF [session] 切模式 commit 后瞬间档位：曝光=自动 / 白平衡=手动 / 快照=曝光自动·白平衡手动
[12:44:46.734] INF [photo] 照片编码格式：hvc1
[12:44:46.735] INF [device] 手动白平衡档：5466K（色调跟随当前值 9）
[12:44:46.735] INF [session] 切模式：手动白平衡已按快照重放（5466K）
[12:44:46.735] INF [session] 切模式后档位复查（照片）：曝光=自动 / 白平衡=手动 / 对焦意图=自动 / EV=+0.0
[12:44:46.735] INF [session] 切模式耗时 0.26s（照片；含 outputs 重配与参数重放）
[12:44:46.736] INF [session] 已加入麦克风输入
[12:44:46.755] INF [audio] 音频会话已激活（active=true category=AVAudioSessionCategoryPlayAndRecord mode=AVAudioSessionModeVideoRecording 48000Hz ch=1）
[12:44:47.012] INF [session] 切模式 commit 后瞬间档位：曝光=自动 / 白平衡=手动 / 快照=曝光自动·白平衡手动
[12:44:47.012] DBG [photo] Log 实况：录制链路不挂照片输出，跳过照片模板准备
[12:44:47.012] INF [device] 手动白平衡档：5212K（色调跟随当前值 11）
[12:44:47.012] INF [session] 切模式：手动白平衡已按快照重放（5212K）
[12:44:47.013] INF [session] 切模式后档位复查（Log 实况）：曝光=自动 / 白平衡=手动 / 对焦意图=自动 / EV=+0.0
[12:44:47.013] INF [session] 切模式耗时 0.28s（Log 实况；含 outputs 重配与参数重放）
[12:44:47.112] INF [session] 切换模式 Log 实况 → 实况
[12:44:47.240] INF [session] 切模式 commit 后瞬间档位：曝光=自动 / 白平衡=手动 / 快照=曝光自动·白平衡手动
[12:44:47.240] DBG [photo] Log 实况：录制链路不挂照片输出，跳过照片模板准备
[12:44:47.240] INF [device] 手动白平衡档：5397K（色调跟随当前值 9）
[12:44:47.240] INF [session] 切模式：手动白平衡已按快照重放（5397K）
[12:44:47.241] INF [session] 切模式后档位复查（Log 实况）：曝光=自动 / 白平衡=手动 / 对焦意图=自动 / EV=+0.0
[12:44:47.241] INF [session] 切模式耗时 0.23s（Log 实况；含 outputs 重配与参数重放）
[12:44:47.476] INF [session] 切模式 commit 后瞬间档位：曝光=自动 / 白平衡=手动 / 快照=曝光自动·白平衡手动
[12:44:47.476] DBG [photo] Log 实况：录制链路不挂照片输出，跳过照片模板准备
[12:44:47.476] INF [device] 手动白平衡档：5150K（色调跟随当前值 11）
[12:44:47.476] INF [session] 切模式：手动白平衡已按快照重放（5150K）
[12:44:47.477] INF [session] 切模式后档位复查（Log 实况）：曝光=自动 / 白平衡=手动 / 对焦意图=自动 / EV=+0.0
[12:44:47.477] INF [session] 切模式耗时 0.24s（Log 实况；含 outputs 重配与参数重放）
[12:44:47.709] INF [session] 切模式 commit 后瞬间档位：曝光=自动 / 白平衡=手动 / 快照=曝光自动·白平衡手动
[12:44:47.709] DBG [photo] Log 实况：录制链路不挂照片输出，跳过照片模板准备
[12:44:47.710] INF [device] 手动白平衡档：5150K（色调跟随当前值 11）
[12:44:47.710] INF [session] 切模式：手动白平衡已按快照重放（5150K）
[12:44:47.711] INF [session] 切模式后档位复查（Log 实况）：曝光=自动 / 白平衡=手动 / 对焦意图=自动 / EV=+0.0
[12:44:47.711] INF [session] 切模式耗时 0.23s（Log 实况；含 outputs 重配与参数重放）
[12:44:47.711] INF [resource] 模式 Log 实况 · input 活 2（累计增/删 35/33） · output 活 1（累计增/删 263/262） · 内存 30.0MB
[12:44:47.712] INF [photo] Live Photo 采集 已开启
[12:44:47.757] INF [session] 切换模式 Log 实况 → 视频
[12:44:47.899] INF [session] 切换模式 Log 实况 → 视频
[12:44:48.082] INF [session] 切换模式 Log 实况 → 视频
[12:44:48.117] INF [session] 切模式 commit 后瞬间档位：曝光=自动 / 白平衡=手动 / 快照=曝光自动·白平衡手动
[12:44:48.117] INF [photo] 照片编码格式：hvc1
[12:44:48.117] INF [device] 手动白平衡档：5089K（色调跟随当前值 11）
[12:44:48.117] INF [session] 切模式：手动白平衡已按快照重放（5089K）
[12:44:48.118] INF [session] 切模式后档位复查（实况）：曝光=自动 / 白平衡=手动 / 对焦意图=自动 / EV=+0.0
[12:44:48.118] INF [session] 切模式耗时 0.41s（实况；含 outputs 重配与参数重放）
[12:44:48.118] INF [resource] 模式 实况 · input 活 2（累计增/删 35/33） · output 活 1（累计增/删 264/263） · 内存 29.7MB
[12:44:48.249] DBG [ui] toast: Log 实况：当前录制 Log 视频，套用 LUT 导出实况照片在 P5 交付
[12:44:48.249] INF [session] 切换模式 实况 → Log 实况
[12:44:48.357] INF [session] 切模式 commit 后瞬间档位：曝光=自动 / 白平衡=手动 / 快照=曝光自动·白平衡手动
[12:44:48.357] DBG [photo] 视频：录制链路不挂照片输出，跳过照片模板准备
[12:44:48.358] INF [device] 手动白平衡档：5092K（色调跟随当前值 12）
[12:44:48.358] INF [session] 切模式：手动白平衡已按快照重放（5092K）
[12:44:48.358] INF [session] 切模式后档位复查（视频）：曝光=自动 / 白平衡=手动 / 对焦意图=自动 / EV=+0.0
[12:44:48.358] INF [session] 切模式耗时 0.24s（视频；含 outputs 重配与参数重放）
[12:44:48.403] INF [session] 切换模式 视频 → 实况
[12:44:48.557] INF [session] 切换模式 视频 → 实况
[12:44:48.603] INF [session] 切模式 commit 后瞬间档位：曝光=自动 / 白平衡=手动 / 快照=曝光自动·白平衡手动
[12:44:48.603] DBG [photo] 视频：录制链路不挂照片输出，跳过照片模板准备
[12:44:48.603] INF [device] 手动白平衡档：5092K（色调跟随当前值 12）
[12:44:48.603] INF [session] 切模式：手动白平衡已按快照重放（5092K）
[12:44:48.604] INF [session] 切模式后档位复查（视频）：曝光=自动 / 白平衡=手动 / 对焦意图=自动 / EV=+0.0
[12:44:48.604] INF [session] 切模式耗时 0.25s（视频；含 outputs 重配与参数重放）
[12:44:48.749] INF [session] 切换模式 视频 → 照片
[12:44:48.832] INF [session] 切模式 commit 后瞬间档位：曝光=自动 / 白平衡=手动 / 快照=曝光自动·白平衡手动
[12:44:48.832] DBG [photo] 视频：录制链路不挂照片输出，跳过照片模板准备
[12:44:48.833] INF [device] 手动白平衡档：5033K（色调跟随当前值 11）
[12:44:48.833] INF [session] 切模式：手动白平衡已按快照重放（5033K）
[12:44:48.834] INF [session] 切模式后档位复查（视频）：曝光=自动 / 白平衡=手动 / 对焦意图=自动 / EV=+0.0
[12:44:48.834] INF [session] 切模式耗时 0.23s（视频；含 outputs 重配与参数重放）
[12:44:48.899] INF [session] 切换模式 视频 → 照片
[12:44:49.106] INF [session] 切模式 commit 后瞬间档位：曝光=自动 / 白平衡=手动 / 快照=曝光自动·白平衡手动
[12:44:49.106] DBG [photo] Log 实况：录制链路不挂照片输出，跳过照片模板准备
[12:44:49.106] INF [device] 手动白平衡档：5033K（色调跟随当前值 11）
[12:44:49.106] INF [session] 切模式：手动白平衡已按快照重放（5033K）
[12:44:49.107] INF [session] 切模式后档位复查（Log 实况）：曝光=自动 / 白平衡=手动 / 对焦意图=自动 / EV=+0.0
[12:44:49.107] INF [session] 切模式耗时 0.27s（Log 实况；含 outputs 重配与参数重放）
[12:44:49.108] INF [photo] Live Photo 采集 已开启
[12:44:49.510] INF [session] 切模式 commit 后瞬间档位：曝光=自动 / 白平衡=手动 / 快照=曝光自动·白平衡手动
[12:44:49.510] INF [photo] 照片编码格式：hvc1
[12:44:49.511] INF [device] 手动白平衡档：5033K（色调跟随当前值 11）
[12:44:49.511] INF [session] 切模式：手动白平衡已按快照重放（5033K）
[12:44:49.511] INF [session] 切模式后档位复查（实况）：曝光=自动 / 白平衡=手动 / 对焦意图=自动 / EV=+0.0
[12:44:49.511] INF [session] 切模式耗时 0.40s（实况；含 outputs 重配与参数重放）
[12:44:49.513] INF [photo] Live Photo 采集 已开启
[12:44:49.813] INF [session] 切模式 commit 后瞬间档位：曝光=自动 / 白平衡=手动 / 快照=曝光自动·白平衡手动
[12:44:49.813] INF [photo] 照片编码格式：hvc1
[12:44:49.813] INF [device] 手动白平衡档：5033K（色调跟随当前值 11）
[12:44:49.813] INF [session] 切模式：手动白平衡已按快照重放（5033K）
[12:44:49.814] INF [session] 切模式后档位复查（实况）：曝光=自动 / 白平衡=手动 / 对焦意图=自动 / EV=+0.0
[12:44:49.814] INF [session] 切模式耗时 0.30s（实况；含 outputs 重配与参数重放）
[12:44:49.814] INF [session] 已移除麦克风输入
[12:44:49.887] INF [audio] 音频会话已释放
[12:44:50.298] INF [session] 切模式 commit 后瞬间档位：曝光=自动 / 白平衡=手动 / 快照=曝光自动·白平衡手动
[12:44:50.299] INF [photo] 照片编码格式：hvc1
[12:44:50.299] INF [device] 手动白平衡档：4978K（色调跟随当前值 12）
[12:44:50.299] INF [session] 切模式：手动白平衡已按快照重放（4978K）
[12:44:50.299] INF [session] 切模式后档位复查（照片）：曝光=自动 / 白平衡=手动 / 对焦意图=自动 / EV=+0.0
[12:44:50.299] INF [session] 切模式耗时 0.49s（照片；含 outputs 重配与参数重放）
[12:44:50.299] INF [resource] 模式 照片 · input 活 1（累计增/删 35/34） · output 活 1（累计增/删 271/270） · 内存 29.8MB
[12:44:50.568] INF [session] 切模式 commit 后瞬间档位：曝光=自动 / 白平衡=手动 / 快照=曝光自动·白平衡手动
[12:44:50.569] INF [photo] 照片编码格式：hvc1
[12:44:50.569] INF [device] 手动白平衡档：5033K（色调跟随当前值 11）
[12:44:50.569] INF [session] 切模式：手动白平衡已按快照重放（5033K）
[12:44:50.569] INF [session] 切模式后档位复查（照片）：曝光=自动 / 白平衡=手动 / 对焦意图=自动 / EV=+0.0
[12:44:50.569] INF [session] 切模式耗时 0.27s（照片；含 outputs 重配与参数重放）
[12:44:50.570] INF [resource] 模式 照片 · input 活 1（累计增/删 35/34） · output 活 1（累计增/删 272/271） · 内存 29.8MB
[12:44:50.805] INF [session] 切换模式 照片 → 实况
[12:44:50.808] INF [session] 已加入麦克风输入
[12:44:50.901] INF [audio] 音频会话已激活（active=true category=AVAudioSessionCategoryPlayAndRecord mode=AVAudioSessionModeVideoRecording 48000Hz ch=1）
[12:44:50.903] INF [photo] Live Photo 采集 已开启
[12:44:50.987] DBG [ui] toast: Log 实况：当前录制 Log 视频，套用 LUT 导出实况照片在 P5 交付
[12:44:50.987] INF [session] 切换模式 照片 → Log 实况
[12:44:51.137] DBG [ui] toast: Log 实况：当前录制 Log 视频，套用 LUT 导出实况照片在 P5 交付
[12:44:51.137] INF [session] 切换模式 照片 → Log 实况
[12:44:51.304] DBG [ui] toast: Log 实况：当前录制 Log 视频，套用 LUT 导出实况照片在 P5 交付
[12:44:51.304] INF [session] 切换模式 照片 → Log 实况
[12:44:51.309] INF [session] 切模式 commit 后瞬间档位：曝光=自动 / 白平衡=手动 / 快照=曝光自动·白平衡手动
[12:44:51.309] INF [photo] 照片编码格式：hvc1
[12:44:51.309] INF [device] 手动白平衡档：5032K（色调跟随当前值 11）
[12:44:51.309] INF [session] 切模式：手动白平衡已按快照重放（5032K）
[12:44:51.310] INF [session] 切模式后档位复查（实况）：曝光=自动 / 白平衡=手动 / 对焦意图=自动 / EV=+0.0
[12:44:51.310] INF [session] 切模式耗时 0.50s（实况；含 outputs 重配与参数重放）
[12:44:51.471] DBG [ui] toast: Log 实况：当前录制 Log 视频，套用 LUT 导出实况照片在 P5 交付
[12:44:51.471] INF [session] 切换模式 实况 → Log 实况
[12:44:51.616] INF [session] 切模式 commit 后瞬间档位：曝光=自动 / 白平衡=手动 / 快照=曝光自动·白平衡手动
[12:44:51.616] DBG [photo] Log 实况：录制链路不挂照片输出，跳过照片模板准备
[12:44:51.616] INF [device] 手动白平衡档：5032K（色调跟随当前值 11）
[12:44:51.616] INF [session] 切模式：手动白平衡已按快照重放（5032K）
[12:44:51.617] INF [session] 切模式后档位复查（Log 实况）：曝光=自动 / 白平衡=手动 / 对焦意图=自动 / EV=+0.0
[12:44:51.617] INF [session] 切模式耗时 0.31s（Log 实况；含 outputs 重配与参数重放）
[12:44:51.854] INF [session] 切模式 commit 后瞬间档位：曝光=自动 / 白平衡=手动 / 快照=曝光自动·白平衡手动
[12:44:51.854] DBG [photo] Log 实况：录制链路不挂照片输出，跳过照片模板准备
[12:44:51.854] INF [device] 手动白平衡档：4918K（色调跟随当前值 12）
[12:44:51.854] INF [session] 切模式：手动白平衡已按快照重放（4918K）
[12:44:51.855] INF [session] 切模式后档位复查（Log 实况）：曝光=自动 / 白平衡=手动 / 对焦意图=自动 / EV=+0.0
[12:44:51.855] INF [session] 切模式耗时 0.24s（Log 实况；含 outputs 重配与参数重放）
[12:44:51.950] INF [session] 切换模式 Log 实况 → 实况
[12:44:52.083] INF [session] 切换模式 Log 实况 → 照片
[12:44:52.093] INF [session] 切模式 commit 后瞬间档位：曝光=自动 / 白平衡=手动 / 快照=曝光自动·白平衡手动
[12:44:52.093] DBG [photo] Log 实况：录制链路不挂照片输出，跳过照片模板准备
[12:44:52.093] INF [device] 手动白平衡档：4918K（色调跟随当前值 12）
[12:44:52.093] INF [session] 切模式：手动白平衡已按快照重放（4918K）
[12:44:52.094] INF [session] 切模式后档位复查（Log 实况）：曝光=自动 / 白平衡=手动 / 对焦意图=自动 / EV=+0.0
[12:44:52.094] INF [session] 切模式耗时 0.24s（Log 实况；含 outputs 重配与参数重放）
[12:44:52.275] INF [session] 切换模式 Log 实况 → 实况
[12:44:52.323] INF [session] 切模式 commit 后瞬间档位：曝光=自动 / 白平衡=手动 / 快照=曝光自动·白平衡手动
[12:44:52.323] DBG [photo] Log 实况：录制链路不挂照片输出，跳过照片模板准备
[12:44:52.323] INF [device] 手动白平衡档：4918K（色调跟随当前值 12）
[12:44:52.323] INF [session] 切模式：手动白平衡已按快照重放（4918K）
[12:44:52.324] INF [session] 切模式后档位复查（Log 实况）：曝光=自动 / 白平衡=手动 / 对焦意图=自动 / EV=+0.0
[12:44:52.324] INF [session] 切模式耗时 0.23s（Log 实况；含 outputs 重配与参数重放）
[12:44:52.324] INF [resource] 模式 Log 实况 · input 活 2（累计增/删 36/34） · output 活 1（累计增/删 277/276） · 内存 29.7MB
[12:44:52.325] INF [photo] Live Photo 采集 已开启
[12:44:52.738] INF [session] 切模式 commit 后瞬间档位：曝光=自动 / 白平衡=手动 / 快照=曝光自动·白平衡手动
[12:44:52.738] INF [photo] 照片编码格式：hvc1
[12:44:52.738] INF [device] 手动白平衡档：4918K（色调跟随当前值 12）
[12:44:52.738] INF [session] 切模式：手动白平衡已按快照重放（4918K）
[12:44:52.739] INF [session] 切模式后档位复查（实况）：曝光=自动 / 白平衡=手动 / 对焦意图=自动 / EV=+0.0
[12:44:52.739] INF [session] 切模式耗时 0.41s（实况；含 outputs 重配与参数重放）
[12:44:52.740] INF [session] 已移除麦克风输入
[12:44:52.826] INF [audio] 音频会话已释放
[12:44:52.866] DBG [ui] toast: Log 实况：当前录制 Log 视频，套用 LUT 导出实况照片在 P5 交付
[12:44:52.867] INF [session] 切换模式 实况 → Log 实况
[12:44:53.029] INF [session] 切换模式 实况 → 照片
[12:44:53.208] INF [session] 切换模式 实况 → 照片
[12:44:53.280] INF [session] 切模式 commit 后瞬间档位：曝光=自动 / 白平衡=手动 / 快照=曝光自动·白平衡手动
[12:44:53.280] INF [photo] 照片编码格式：hvc1
[12:44:53.281] INF [device] 手动白平衡档：4918K（色调跟随当前值 12）
[12:44:53.281] INF [session] 切模式：手动白平衡已按快照重放（4918K）
[12:44:53.281] INF [session] 切模式后档位复查（照片）：曝光=自动 / 白平衡=手动 / 对焦意图=自动 / EV=+0.0
[12:44:53.281] INF [session] 切模式耗时 0.54s（照片；含 outputs 重配与参数重放）
[12:44:53.282] INF [session] 已加入麦克风输入
[12:44:53.321] INF [audio] 音频会话已激活（active=true category=AVAudioSessionCategoryPlayAndRecord mode=AVAudioSessionModeVideoRecording 48000Hz ch=1）
[12:44:53.322] INF [photo] Live Photo 采集 已开启
[12:44:53.359] INF [session] 切换模式 照片 → 实况
[12:44:53.525] DBG [ui] toast: Log 实况：当前录制 Log 视频，套用 LUT 导出实况照片在 P5 交付
[12:44:53.525] INF [session] 切换模式 照片 → Log 实况
[12:44:53.692] DBG [ui] toast: Log 实况：当前录制 Log 视频，套用 LUT 导出实况照片在 P5 交付
[12:44:53.692] INF [session] 切换模式 照片 → Log 实况
[12:44:53.751] INF [session] 切模式 commit 后瞬间档位：曝光=自动 / 白平衡=手动 / 快照=曝光自动·白平衡手动
[12:44:53.751] INF [photo] 照片编码格式：hvc1
[12:44:53.751] INF [device] 手动白平衡档：4919K（色调跟随当前值 12）
[12:44:53.751] INF [session] 切模式：手动白平衡已按快照重放（4919K）
[12:44:53.752] INF [session] 切模式后档位复查（实况）：曝光=自动 / 白平衡=手动 / 对焦意图=自动 / EV=+0.0
[12:44:53.752] INF [session] 切模式耗时 0.47s（实况；含 outputs 重配与参数重放）
[12:44:53.752] INF [resource] 模式 实况 · input 活 2（累计增/删 37/35） · output 活 1（累计增/删 280/279） · 内存 29.7MB
[12:44:53.826] DBG [ui] toast: Log 实况：当前录制 Log 视频，套用 LUT 导出实况照片在 P5 交付
[12:44:53.826] INF [session] 切换模式 实况 → Log 实况
[12:44:53.992] DBG [ui] toast: Log 实况：当前录制 Log 视频，套用 LUT 导出实况照片在 P5 交付
[12:44:53.992] INF [session] 切换模式 实况 → Log 实况
[12:44:54.028] INF [session] 切模式 commit 后瞬间档位：曝光=自动 / 白平衡=手动 / 快照=曝光自动·白平衡手动
[12:44:54.028] DBG [photo] Log 实况：录制链路不挂照片输出，跳过照片模板准备
[12:44:54.028] INF [device] 手动白平衡档：4919K（色调跟随当前值 12）
[12:44:54.028] INF [session] 切模式：手动白平衡已按快照重放（4919K）
[12:44:54.029] INF [session] 切模式后档位复查（Log 实况）：曝光=自动 / 白平衡=手动 / 对焦意图=自动 / EV=+0.0
[12:44:54.029] INF [session] 切模式耗时 0.28s（Log 实况；含 outputs 重配与参数重放）
[12:44:54.030] INF [session] 已移除麦克风输入
[12:44:54.113] INF [audio] 音频会话已释放
[12:44:54.151] INF [session] 切换模式 Log 实况 → 实况
[12:44:54.300] INF [session] 切换模式 Log 实况 → 实况
[12:44:54.483] INF [session] 切换模式 Log 实况 → 实况
[12:44:54.529] INF [session] 切模式 commit 后瞬间档位：曝光=自动 / 白平衡=手动 / 快照=曝光自动·白平衡手动
[12:44:54.529] INF [photo] 照片编码格式：hvc1
[12:44:54.529] INF [device] 手动白平衡档：4918K（色调跟随当前值 12）
[12:44:54.530] INF [session] 切模式：手动白平衡已按快照重放（4918K）
[12:44:54.530] INF [session] 切模式后档位复查（照片）：曝光=自动 / 白平衡=手动 / 对焦意图=自动 / EV=+0.0
[12:44:54.530] INF [session] 切模式耗时 0.50s（照片；含 outputs 重配与参数重放）
[12:44:54.638] DBG [ui] toast: Log 实况：当前录制 Log 视频，套用 LUT 导出实况照片在 P5 交付
[12:44:54.638] INF [session] 切换模式 照片 → Log 实况
[12:44:54.796] DBG [ui] toast: Log 实况：当前录制 Log 视频，套用 LUT 导出实况照片在 P5 交付
[12:44:54.796] INF [session] 切换模式 照片 → Log 实况
[12:44:54.801] INF [session] 切模式 commit 后瞬间档位：曝光=自动 / 白平衡=手动 / 快照=曝光自动·白平衡手动
[12:44:54.801] INF [photo] 照片编码格式：hvc1
[12:44:54.801] INF [device] 手动白平衡档：4919K（色调跟随当前值 11）
[12:44:54.801] INF [session] 切模式：手动白平衡已按快照重放（4919K）
[12:44:54.801] INF [session] 切模式后档位复查（照片）：曝光=自动 / 白平衡=手动 / 对焦意图=自动 / EV=+0.0
[12:44:54.801] INF [session] 切模式耗时 0.27s（照片；含 outputs 重配与参数重放）
[12:44:54.802] INF [session] 已加入麦克风输入
[12:44:54.866] INF [audio] 音频会话已激活（active=true category=AVAudioSessionCategoryPlayAndRecord mode=AVAudioSessionModeVideoRecording 48000Hz ch=0）
[12:44:54.868] INF [photo] Live Photo 采集 已开启
[12:44:54.963] DBG [ui] toast: Log 实况：当前录制 Log 视频，套用 LUT 导出实况照片在 P5 交付
[12:44:54.963] INF [session] 切换模式 照片 → Log 实况
[12:44:55.113] DBG [preview] 点按对焦 view=(173,0) device=(0.00,0.55)
[12:44:55.265] INF [session] 切换模式 照片 → 实况
[12:44:55.267] INF [session] 切模式 commit 后瞬间档位：曝光=自动 / 白平衡=手动 / 快照=曝光自动·白平衡手动
[12:44:55.267] INF [photo] 照片编码格式：hvc1
[12:44:55.267] INF [device] 手动白平衡档：4867K（色调跟随当前值 12）
[12:44:55.267] INF [session] 切模式：手动白平衡已按快照重放（4867K）
[12:44:55.268] INF [session] 切模式后档位复查（实况）：曝光=自动 / 白平衡=手动 / 对焦意图=自动 / EV=+0.0
[12:44:55.268] INF [session] 切模式耗时 0.47s（实况；含 outputs 重配与参数重放）
[12:44:55.516] INF [session] 切模式 commit 后瞬间档位：曝光=自动 / 白平衡=手动 / 快照=曝光自动·白平衡手动
[12:44:55.516] DBG [photo] Log 实况：录制链路不挂照片输出，跳过照片模板准备
[12:44:55.516] INF [device] 手动白平衡档：4920K（色调跟随当前值 11）
[12:44:55.516] INF [session] 切模式：手动白平衡已按快照重放（4920K）
[12:44:55.517] INF [session] 切模式后档位复查（Log 实况）：曝光=自动 / 白平衡=手动 / 对焦意图=自动 / EV=+0.0
[12:44:55.517] INF [session] 切模式耗时 0.25s（Log 实况；含 outputs 重配与参数重放）
[12:44:55.587] INF [session] 切换模式 Log 实况 → 实况
[12:44:55.749] INF [session] 切模式 commit 后瞬间档位：曝光=自动 / 白平衡=手动 / 快照=曝光自动·白平衡手动
[12:44:55.749] DBG [photo] Log 实况：录制链路不挂照片输出，跳过照片模板准备
[12:44:55.749] INF [device] 手动白平衡档：4867K（色调跟随当前值 12）
[12:44:55.749] INF [session] 切模式：手动白平衡已按快照重放（4867K）
[12:44:55.750] INF [session] 切模式后档位复查（Log 实况）：曝光=自动 / 白平衡=手动 / 对焦意图=自动 / EV=+0.0
[12:44:55.750] INF [session] 切模式耗时 0.23s（Log 实况；含 outputs 重配与参数重放）
[12:44:55.987] INF [session] 切模式 commit 后瞬间档位：曝光=自动 / 白平衡=手动 / 快照=曝光自动·白平衡手动
[12:44:55.987] DBG [photo] Log 实况：录制链路不挂照片输出，跳过照片模板准备
[12:44:55.987] INF [device] 手动白平衡档：4867K（色调跟随当前值 12）
[12:44:55.987] INF [session] 切模式：手动白平衡已按快照重放（4867K）
[12:44:55.988] INF [session] 切模式后档位复查（Log 实况）：曝光=自动 / 白平衡=手动 / 对焦意图=自动 / EV=+0.0
[12:44:55.988] INF [session] 切模式耗时 0.24s（Log 实况；含 outputs 重配与参数重放）
[12:44:56.229] INF [session] 切模式 commit 后瞬间档位：曝光=自动 / 白平衡=手动 / 快照=曝光自动·白平衡手动
[12:44:56.229] DBG [photo] Log 实况：录制链路不挂照片输出，跳过照片模板准备
[12:44:56.229] INF [device] 手动白平衡档：4867K（色调跟随当前值 12）
[12:44:56.229] INF [session] 切模式：手动白平衡已按快照重放（4867K）
[12:44:56.230] INF [session] 切模式后档位复查（Log 实况）：曝光=自动 / 白平衡=手动 / 对焦意图=自动 / EV=+0.0
[12:44:56.230] INF [session] 切模式耗时 0.24s（Log 实况；含 outputs 重配与参数重放）
[12:44:56.231] INF [photo] Live Photo 采集 已开启
[12:44:56.355] INF [session] 切换模式 Log 实况 → 实况
[12:44:56.488] INF [session] 切换模式 Log 实况 → 照片
[12:44:56.638] INF [session] 切换模式 Log 实况 → 实况
[12:44:56.642] INF [session] 切模式 commit 后瞬间档位：曝光=自动 / 白平衡=手动 / 快照=曝光自动·白平衡手动
[12:44:56.642] INF [photo] 照片编码格式：hvc1
[12:44:56.643] INF [device] 手动白平衡档：4867K（色调跟随当前值 12）
[12:44:56.643] INF [session] 切模式：手动白平衡已按快照重放（4867K）
[12:44:56.643] INF [session] 切模式后档位复查（实况）：曝光=自动 / 白平衡=手动 / 对焦意图=自动 / EV=+0.0
[12:44:56.643] INF [session] 切模式耗时 0.41s（实况；含 outputs 重配与参数重放）
[12:44:56.643] INF [resource] 模式 实况 · input 活 2（累计增/删 38/36） · output 活 1（累计增/删 289/288） · 内存 29.8MB
[12:44:56.645] INF [photo] Live Photo 采集 已开启
[12:44:56.746] DBG [ui] toast: Log 实况：当前录制 Log 视频，套用 LUT 导出实况照片在 P5 交付
[12:44:56.746] INF [session] 切换模式 实况 → Log 实况
[12:44:56.945] INF [session] 切模式 commit 后瞬间档位：曝光=自动 / 白平衡=手动 / 快照=曝光自动·白平衡手动
[12:44:56.945] INF [photo] 照片编码格式：hvc1
[12:44:56.945] INF [device] 手动白平衡档：4867K（色调跟随当前值 12）
[12:44:56.945] INF [session] 切模式：手动白平衡已按快照重放（4867K）
[12:44:56.945] INF [session] 切模式后档位复查（实况）：曝光=自动 / 白平衡=手动 / 对焦意图=自动 / EV=+0.0
[12:44:56.945] INF [session] 切模式耗时 0.30s（实况；含 outputs 重配与参数重放）
[12:44:56.946] INF [photo] Live Photo 采集 已开启
[12:44:56.972] DBG [ui] toast: Log 实况：当前录制 Log 视频，套用 LUT 导出实况照片在 P5 交付
[12:44:56.972] INF [session] 切换模式 实况 → Log 实况
[12:44:57.105] DBG [ui] toast: Log 实况：当前录制 Log 视频，套用 LUT 导出实况照片在 P5 交付
[12:44:57.105] INF [session] 切换模式 实况 → Log 实况
[12:44:57.244] INF [session] 切模式 commit 后瞬间档位：曝光=自动 / 白平衡=手动 / 快照=曝光自动·白平衡手动
[12:44:57.244] INF [photo] 照片编码格式：hvc1
[12:44:57.244] INF [device] 手动白平衡档：4860K（色调跟随当前值 12）
[12:44:57.244] INF [session] 切模式：手动白平衡已按快照重放（4860K）
[12:44:57.244] INF [session] 切模式后档位复查（实况）：曝光=自动 / 白平衡=手动 / 对焦意图=自动 / EV=+0.0
[12:44:57.244] INF [session] 切模式耗时 0.30s（实况；含 outputs 重配与参数重放）
[12:44:57.421] INF [session] 切换模式 实况 → 照片
[12:44:57.490] INF [session] 切模式 commit 后瞬间档位：曝光=自动 / 白平衡=手动 / 快照=曝光自动·白平衡手动
[12:44:57.490] DBG [photo] Log 实况：录制链路不挂照片输出，跳过照片模板准备
[12:44:57.490] INF [device] 手动白平衡档：4911K（色调跟随当前值 12）
[12:44:57.490] INF [session] 切模式：手动白平衡已按快照重放（4911K）
[12:44:57.491] INF [session] 切模式后档位复查（Log 实况）：曝光=自动 / 白平衡=手动 / 对焦意图=自动 / EV=+0.0
[12:44:57.491] INF [session] 切模式耗时 0.25s（Log 实况；含 outputs 重配与参数重放）
[12:44:57.572] INF [session] 切换模式 Log 实况 → 照片
[12:44:57.723] INF [session] 切模式 commit 后瞬间档位：曝光=自动 / 白平衡=手动 / 快照=曝光自动·白平衡手动
[12:44:57.723] DBG [photo] Log 实况：录制链路不挂照片输出，跳过照片模板准备
[12:44:57.723] INF [device] 手动白平衡档：4911K（色调跟随当前值 12）
[12:44:57.723] INF [session] 切模式：手动白平衡已按快照重放（4911K）
[12:44:57.724] INF [session] 切模式后档位复查（Log 实况）：曝光=自动 / 白平衡=手动 / 对焦意图=自动 / EV=+0.0
[12:44:57.724] INF [session] 切模式耗时 0.23s（Log 实况；含 outputs 重配与参数重放）
[12:44:57.791] INF [session] 切换模式 Log 实况 → 照片
[12:44:57.901] INF [session] 切换模式 Log 实况 → 实况
[12:44:57.959] INF [session] 切模式 commit 后瞬间档位：曝光=自动 / 白平衡=手动 / 快照=曝光自动·白平衡手动
[12:44:57.959] DBG [photo] Log 实况：录制链路不挂照片输出，跳过照片模板准备
[12:44:57.960] INF [device] 手动白平衡档：4911K（色调跟随当前值 12）
[12:44:57.960] INF [session] 切模式：手动白平衡已按快照重放（4911K）
[12:44:57.960] INF [session] 切模式后档位复查（Log 实况）：曝光=自动 / 白平衡=手动 / 对焦意图=自动 / EV=+0.0
[12:44:57.960] INF [session] 切模式耗时 0.24s（Log 实况；含 outputs 重配与参数重放）
[12:44:57.961] DBG [device] 对焦点 → (0.00, 0.55)
[12:44:57.961] INF [device] 手动白平衡档：4911K（色调跟随当前值 12）
[12:44:57.961] INF [session] 点按对焦后按意图重放手动白平衡（4911K）
[12:44:57.961] INF [session] 点按对焦后档位：曝光=自动 / 白平衡=手动 / 意图=曝光自动·白平衡手动
[12:44:57.962] INF [photo] Live Photo 采集 已开启
[12:44:58.376] INF [session] 切模式 commit 后瞬间档位：曝光=自动 / 白平衡=手动 / 快照=曝光自动·白平衡手动
[12:44:58.376] INF [photo] 照片编码格式：hvc1
[12:44:58.376] INF [device] 手动白平衡档：4911K（色调跟随当前值 12）
[12:44:58.376] INF [session] 切模式：手动白平衡已按快照重放（4911K）
[12:44:58.377] INF [session] 切模式后档位复查（实况）：曝光=自动 / 白平衡=手动 / 对焦意图=自动 / EV=+0.0
[12:44:58.377] INF [session] 切模式耗时 0.42s（实况；含 outputs 重配与参数重放）
[12:44:58.377] INF [resource] 模式 实况 · input 活 2（累计增/删 38/36） · output 活 1（累计增/删 295/294） · 内存 29.7MB
[12:44:58.378] INF [photo] Live Photo 采集 已开启
[12:44:58.402] INF [session] 切换模式 实况 → 照片
[12:44:58.679] INF [session] 切模式 commit 后瞬间档位：曝光=自动 / 白平衡=手动 / 快照=曝光自动·白平衡手动
[12:44:58.679] INF [photo] 照片编码格式：hvc1
[12:44:58.679] INF [device] 手动白平衡档：4911K（色调跟随当前值 12）
[12:44:58.679] INF [session] 切模式：手动白平衡已按快照重放（4911K）
[12:44:58.679] INF [session] 切模式后档位复查（实况）：曝光=自动 / 白平衡=手动 / 对焦意图=自动 / EV=+0.0
[12:44:58.679] INF [session] 切模式耗时 0.30s（实况；含 outputs 重配与参数重放）
[12:44:58.680] INF [photo] Live Photo 采集 已开启
[12:44:58.972] INF [session] 切模式 commit 后瞬间档位：曝光=自动 / 白平衡=手动 / 快照=曝光自动·白平衡手动
[12:44:58.972] INF [photo] 照片编码格式：hvc1
[12:44:58.972] INF [device] 手动白平衡档：4866K（色调跟随当前值 12）
[12:44:58.972] INF [session] 切模式：手动白平衡已按快照重放（4866K）
[12:44:58.972] INF [session] 切模式后档位复查（实况）：曝光=自动 / 白平衡=手动 / 对焦意图=自动 / EV=+0.0
[12:44:58.972] INF [session] 切模式耗时 0.29s（实况；含 outputs 重配与参数重放）
[12:44:58.973] INF [session] 已移除麦克风输入
[12:44:59.047] INF [audio] 音频会话已释放
[12:44:59.504] INF [session] 切模式 commit 后瞬间档位：曝光=自动 / 白平衡=手动 / 快照=曝光自动·白平衡手动
[12:44:59.505] INF [photo] 照片编码格式：hvc1
[12:44:59.505] INF [device] 手动白平衡档：4863K（色调跟随当前值 11）
[12:44:59.505] INF [session] 切模式：手动白平衡已按快照重放（4863K）
[12:44:59.506] INF [session] 切模式后档位复查（照片）：曝光=自动 / 白平衡=手动 / 对焦意图=自动 / EV=+0.0
[12:44:59.506] INF [session] 切模式耗时 0.53s（照片；含 outputs 重配与参数重放）
[12:44:59.507] INF [session] 已加入麦克风输入
[12:44:59.545] INF [audio] 音频会话已激活（active=true category=AVAudioSessionCategoryPlayAndRecord mode=AVAudioSessionModeVideoRecording 48000Hz ch=1）
[12:44:59.546] INF [photo] Live Photo 采集 已开启
[12:44:59.978] INF [session] 切模式 commit 后瞬间档位：曝光=自动 / 白平衡=手动 / 快照=曝光自动·白平衡手动
[12:44:59.978] INF [photo] 照片编码格式：hvc1
[12:44:59.978] INF [device] 手动白平衡档：4867K（色调跟随当前值 12）
[12:44:59.978] INF [session] 切模式：手动白平衡已按快照重放（4867K）
[12:44:59.979] INF [session] 切模式后档位复查（实况）：曝光=自动 / 白平衡=手动 / 对焦意图=自动 / EV=+0.0
[12:44:59.979] INF [session] 切模式耗时 0.47s（实况；含 outputs 重配与参数重放）
[12:44:59.979] INF [resource] 模式 照片 · input 活 2（累计增/删 39/37） · output 活 1（累计增/删 299/298） · 内存 29.7MB
[12:45:00.274] INF [session] 切模式 commit 后瞬间档位：曝光=自动 / 白平衡=手动 / 快照=曝光自动·白平衡手动
[12:45:00.274] DBG [photo] Log 实况：录制链路不挂照片输出，跳过照片模板准备
[12:45:00.274] INF [device] 手动白平衡档：4864K（色调跟随当前值 11）
[12:45:00.274] INF [session] 切模式：手动白平衡已按快照重放（4864K）
[12:45:00.274] INF [session] 切模式后档位复查（Log 实况）：曝光=自动 / 白平衡=手动 / 对焦意图=自动 / EV=+0.0
[12:45:00.274] INF [session] 切模式耗时 0.30s（Log 实况；含 outputs 重配与参数重放）
[12:45:00.508] INF [session] 切模式 commit 后瞬间档位：曝光=自动 / 白平衡=手动 / 快照=曝光自动·白平衡手动
[12:45:00.508] DBG [photo] Log 实况：录制链路不挂照片输出，跳过照片模板准备
[12:45:00.508] INF [device] 手动白平衡档：4864K（色调跟随当前值 11）
[12:45:00.508] INF [session] 切模式：手动白平衡已按快照重放（4864K）
[12:45:00.509] INF [session] 切模式后档位复查（Log 实况）：曝光=自动 / 白平衡=手动 / 对焦意图=自动 / EV=+0.0
[12:45:00.509] INF [session] 切模式耗时 0.23s（Log 实况；含 outputs 重配与参数重放）
[12:45:00.747] INF [session] 切模式 commit 后瞬间档位：曝光=自动 / 白平衡=手动 / 快照=曝光自动·白平衡手动
[12:45:00.747] DBG [photo] Log 实况：录制链路不挂照片输出，跳过照片模板准备
[12:45:00.747] INF [device] 手动白平衡档：4706K（色调跟随当前值 11）
[12:45:00.747] INF [session] 切模式：手动白平衡已按快照重放（4706K）
[12:45:00.748] INF [session] 切模式后档位复查（Log 实况）：曝光=自动 / 白平衡=手动 / 对焦意图=自动 / EV=+0.0
[12:45:00.748] INF [session] 切模式耗时 0.24s（Log 实况；含 outputs 重配与参数重放）
[12:45:00.749] INF [session] 已移除麦克风输入
[12:45:00.825] INF [audio] 音频会话已释放
[12:45:01.250] INF [session] 切模式 commit 后瞬间档位：曝光=自动 / 白平衡=手动 / 快照=曝光自动·白平衡手动
[12:45:01.251] INF [photo] 照片编码格式：hvc1
[12:45:01.252] INF [device] 手动白平衡档：4706K（色调跟随当前值 11）
[12:45:01.252] INF [session] 切模式：手动白平衡已按快照重放（4706K）
[12:45:01.253] INF [session] 切模式后档位复查（照片）：曝光=自动 / 白平衡=手动 / 对焦意图=自动 / EV=+0.0
[12:45:01.253] INF [session] 切模式耗时 0.50s（照片；含 outputs 重配与参数重放）
[12:45:01.548] INF [session] 切模式 commit 后瞬间档位：曝光=自动 / 白平衡=手动 / 快照=曝光自动·白平衡手动
[12:45:01.548] INF [photo] 照片编码格式：hvc1
[12:45:01.548] INF [device] 手动白平衡档：4707K（色调跟随当前值 11）
[12:45:01.548] INF [session] 切模式：手动白平衡已按快照重放（4707K）
[12:45:01.549] INF [session] 切模式后档位复查（照片）：曝光=自动 / 白平衡=手动 / 对焦意图=自动 / EV=+0.0
[12:45:01.549] INF [session] 切模式耗时 0.30s（照片；含 outputs 重配与参数重放）
[12:45:01.549] INF [resource] 模式 照片 · input 活 1（累计增/删 39/38） · output 活 1（累计增/删 304/303） · 内存 30.0MB
[12:45:01.814] INF [session] 切模式 commit 后瞬间档位：曝光=自动 / 白平衡=手动 / 快照=曝光自动·白平衡手动
[12:45:01.814] INF [photo] 照片编码格式：hvc1
[12:45:01.814] INF [device] 手动白平衡档：4455K（色调跟随当前值 11）
[12:45:01.815] INF [session] 切模式：手动白平衡已按快照重放（4455K）
[12:45:01.815] INF [session] 切模式后档位复查（照片）：曝光=自动 / 白平衡=手动 / 对焦意图=自动 / EV=+0.0
[12:45:01.815] INF [session] 切模式耗时 0.27s（照片；含 outputs 重配与参数重放）
[12:45:01.816] INF [session] 已加入麦克风输入
[12:45:01.837] INF [audio] 音频会话已激活（active=true category=AVAudioSessionCategoryPlayAndRecord mode=AVAudioSessionModeVideoRecording 48000Hz ch=1）
[12:45:01.838] INF [photo] Live Photo 采集 已开启
[12:45:02.247] INF [session] 切模式 commit 后瞬间档位：曝光=自动 / 白平衡=手动 / 快照=曝光自动·白平衡手动
[12:45:02.247] INF [photo] 照片编码格式：hvc1
[12:45:02.248] INF [device] 手动白平衡档：4447K（色调跟随当前值 9）
[12:45:02.248] INF [session] 切模式：手动白平衡已按快照重放（4447K）
[12:45:02.248] INF [session] 切模式后档位复查（实况）：曝光=自动 / 白平衡=手动 / 对焦意图=自动 / EV=+0.0
[12:45:02.248] INF [session] 切模式耗时 0.43s（实况；含 outputs 重配与参数重放）
[12:45:02.249] INF [session] 已移除麦克风输入
[12:45:02.328] INF [audio] 音频会话已释放
[12:45:02.754] INF [session] 切模式 commit 后瞬间档位：曝光=自动 / 白平衡=手动 / 快照=曝光自动·白平衡手动
[12:45:02.754] INF [photo] 照片编码格式：hvc1
[12:45:02.754] INF [device] 手动白平衡档：4707K（色调跟随当前值 11）
[12:45:02.754] INF [session] 切模式：手动白平衡已按快照重放（4707K）
[12:45:02.756] INF [session] 切模式后档位复查（照片）：曝光=自动 / 白平衡=手动 / 对焦意图=自动 / EV=+0.0
[12:45:02.756] INF [session] 切模式耗时 0.51s（照片；含 outputs 重配与参数重放）
[12:45:02.756] INF [resource] 模式 实况 · input 活 1（累计增/删 40/39） · output 活 1（累计增/删 307/306） · 内存 29.5MB
[12:45:02.756] INF [resource] 模式 实况 · input 活 1（累计增/删 40/39） · output 活 1（累计增/删 307/306） · 内存 29.5MB
[12:45:02.756] INF [resource] 模式 实况 · input 活 1（累计增/删 40/39） · output 活 1（累计增/删 307/306） · 内存 29.5MB
[12:45:02.782] INF [resource] 模式 照片 · input 活 1（累计增/删 40/39） · output 活 1（累计增/删 307/306） · 内存 29.5MB
[12:45:07.254] INF [resource] 模式 照片 · input 活 1（累计增/删 40/39） · output 活 1（累计增/删 307/306） · 内存 29.5MB
[12:45:12.284] INF [resource] 模式 照片 · input 活 1（累计增/删 40/39） · output 活 1（累计增/删 307/306） · 内存 29.3MB
